Client_ID,Drop_Probability
62246,0.07076933217409322
43031,0.998566297794914
26571,0.11800494959003194
77694,0.998566297794914
22185,0.40835619779089016
54569,0.7359664493178131
64162,0.9966260407961806
48916,0.16697262015956515
48449,0.9991237888302855
9730,0.9991237888302855
72740,0.9990861770945345
67763,0.042652879620616944
14162,0.00033982429724673094
62420,0.998566297794914
45538,0.998566297794914
41582,0.9991481746377133
9711,0.0010228925289676584
68191,0.757560701705736
63707,0.9990247893418466
70110,0.7677455253912275
61360,0.998566297794914
45414,0.7761204508583868
19196,0.998566297794914
38018,0.998566297794914
19267,0.998566297794914
24360,0.030858471426641963
29947,0.08328054801944673
23372,0.8657248774280908
8827,0.9990861770945345
10940,0.998566297794914
48471,0.6633249285987982
55952,0.998566297794914
4683,0.5892082157467344
17971,0.998566297794914
29467,0.998566297794914
27127,0.5277184899048265
46771,0.9990861770945345
44304,0.9990861770945345
28396,0.9991237888302855
18507,0.998566297794914
60582,0.9990292245380795
33428,0.9990861770945345
24512,0.998566297794914
47288,0.7753305885427929
59143,0.05164765147413713
37330,0.9983431973840041
30609,0.002899493703788105
5831,0.7403297615687018
58999,0.9983431973840041
32587,0.24933194249318627
6508,0.00027411554961285156
38554,0.033922478807723686
16501,0.3592542539509978
76617,0.9987056047584623
67746,0.7377578054216722
76894,0.9983431973840041
40857,0.33499512223171857
66713,0.3792999220080562
22218,0.1603529023226938
52088,0.8816684238963438
42140,0.25435462865642555
9884,0.09253025644475316
63661,0.9983431973840041
61293,0.03588476666586545
54588,0.3278844732127068
43168,0.534874595402151
46053,0.9983431973840041
46391,0.4609461755510645
55579,0.46480137959422946
53097,0.26021267294925116
38550,0.19963852007966854
53327,0.0912434183546248
58081,0.7555313593603308
41042,0.9983431973840041
31836,0.8499226379320889
61073,0.9346435095939764
29413,0.7586779559353968
68292,0.5462068426544788
75410,0.036869590655982
41411,0.2541618543206557
25646,0.9983431973840041
2067,0.9983431973840041
62337,0.402760037552879
34391,0.040181084135881895
1072,0.9983431973840041
7077,0.2447256186669407
23732,0.30155615136690894
74107,0.520770645059839
68251,0.47396436187610147
30494,0.06635570273772617
34489,0.37642696080294896
257,0.22313580313892875
42355,0.0329227862480332
74377,0.3110630139780332
42802,0.27875320757148053
15494,0.16713320513817959
21625,0.2845974120134722
8698,0.07708496905528066
59186,0.7369137424137151
9959,0.7493841402063506
50390,0.8920368432567473
23829,0.882673484586401
21615,0.9983431973840041
51307,0.9981413772094582
20882,0.9983431973840041
51281,0.23628533038255273
19845,0.25870328640695434
69383,0.1302440539227005
3879,0.030736210453722462
37749,0.9983431973840041
24618,0.5901764137047091
45567,0.9983431973840041
63068,0.9982141536246206
29785,0.7781054327713504
49892,0.40898092253693913
44569,0.15303186824684215
62093,0.9983431973840041
71650,0.6125410309571362
49484,0.7022629102519642
51731,0.5331740486257621
77286,0.44322127435406006
35392,0.9983431973840041
60819,0.28413757431156283
61156,0.2298652084568461
16250,0.2821413686017842
63475,0.3748538460534635
17508,0.05289988164607886
53671,0.03237205697421121
13769,0.14157502363826038
42733,0.8816216710406448
35338,0.24138502605086937
2224,0.9084066495956366
12902,0.046322816775720504
71619,0.9888464067015208
31283,0.7923393577915985
80,0.9983431973840041
5444,0.39629994734659474
67950,0.6362927897904823
72721,0.800199580077771
10778,0.9047389447505242
26409,0.9983431973840041
4627,0.901068733819598
34248,0.9983431973840041
49250,0.15583154803782304
49051,0.2355491344658558
64320,0.6726956306490183
69326,0.04773202971063089
52958,0.7522610443972902
34711,0.9985664773535654
55189,0.9983431973840041
16084,0.13736288753129955
3373,0.9213432335249967
49243,0.9983431973840041
68607,0.9983431973840041
28708,0.011349034336475782
11986,0.8816684238963438
26598,0.041408903063488156
31276,0.12516700269834508
423,0.998701473221357
55414,0.7473039300504923
23612,0.9983431973840041
20763,0.9983431973840041
45310,0.11827016206697061
35746,0.05727456142450936
51266,0.36143851973584146
71283,0.27204566414205983
74509,0.8144135065314351
58050,0.9983431973840041
6304,0.8460684561688268
47428,0.9981413772094582
51195,0.2220628883801874
64303,0.7708925254750855
20329,0.391533939515291
45303,0.3114790549104123
26808,0.2481103197774292
68491,0.9983431973840041
21699,0.9983431973840041
1152,0.09621942794357739
43919,0.7196596196265418
1557,0.14255673695461907
70186,0.9983431973840041
22098,0.11066959613963076
65252,0.0021841376176454153
73057,0.12431344850348064
11441,0.26013064289817567
61017,0.73323331386771
33540,0.05483353572730632
61833,0.008882006157221132
59911,0.9983431973840041
61685,0.6299025699940456
9279,0.7870522607914889
19378,0.16850951882673515
15077,0.3785057456225135
74903,0.18823014368351684
4167,0.9983431973840041
46409,0.004735534352410911
26579,0.7939060242426668
77230,0.8247261319258958
40694,0.268488822921588
16787,0.003751143652688291
41774,0.35249896556066
66493,0.6849750686452298
42239,0.0075752586209456045
7646,0.014091619956930692
29356,0.7198083407324201
64566,0.40499235680705725
15536,0.004094665774982367
70808,0.03187417255108437
23118,0.17864455224754694
27974,0.6382601084450152
56306,0.004260927669035866
21459,0.6942896832717935
59184,0.2561286763442272
65753,0.19323214616046408
58435,0.40196909752635895
63298,0.9262762775482772
9298,0.39602706956037254
71045,0.27021413053934823
74513,0.9403370897047756
16025,0.8903287012488105
46197,0.7792765504045824
28669,0.40123217222777263
48193,0.8247261319258958
58136,0.2344350992923338
24266,0.7793767125803386
69385,0.8395049140870448
5273,0.0704637500364365
44540,0.8602227625861836
22943,0.4954591551768135
41165,0.6394934237585798
42827,0.7828924375096213
47278,0.004094665774982367
38912,0.02622120555005754
50780,0.6324225081859299
39586,0.18759218385638352
38617,0.40922946311953107
74372,0.016844418356090594
46736,0.02155966777594673
12940,0.40499235680705725
30946,0.03160613016388091
48018,0.7828924375096213
28689,0.4662868587752605
54680,0.37522302220918935
10863,0.19761877428353247
69655,0.2875121843078695
3406,0.19538749078481568
59631,0.004094665774982367
44899,0.7924789675967593
13182,0.7454268617683345
25413,0.07253041200715193
50723,0.004094665774982367
13043,0.7414300899350453
65897,0.4863931428457903
59816,0.25577426328681246
32609,0.38101628775256163
44692,0.7973597010176807
74176,0.6909245832395972
15008,0.02128594075728687
11915,0.48758963931528043
24183,0.40264119480651406
7750,0.7139510820166369
13415,0.3140088005888762
36882,0.40196909752635895
74398,0.01388598569979079
72040,0.17306934361396611
16544,0.7609065498587022
43499,0.7529431816392503
2471,0.23955358189079862
7164,0.8130842773191145
8220,0.42166179782641816
50919,0.41653905154023046
69809,0.2305716716259018
63532,0.07847223405594526
41909,0.7828924375096213
52634,0.8977919289624716
63210,0.4187364045877493
59535,0.2231739039286368
50510,0.8222704147145133
56978,0.8438332108600233
65711,0.21080791581452885
7015,0.7973597010176807
8952,0.2231739039286368
4744,0.8814046372023042
62496,0.012633738183833341
7102,0.0861621842600318
13510,0.2347472901677092
26105,0.7205693635509547
36123,0.057739756550411546
44677,0.3376650366311652
17706,0.20508462785491458
10962,0.7973597010176807
71602,0.48758963931528043
51885,0.37935595453911575
59465,0.011729142197180216
21182,0.1651396379522427
36254,0.8130771111487205
67060,0.48205943951153984
51058,0.13161019713428812
36776,0.00765523166700343
51291,0.13346791964312216
64408,0.14619331134581964
73300,0.8738398215632843
9326,0.08254732942249535
25494,0.19824650553098727
75910,0.8033129402758541
33685,0.48161552686789516
18056,0.7828924375096213
12877,0.7995581191462546
43983,0.2501216151516397
11865,0.1793435807582324
24296,0.004094665774982367
46486,0.16719111656231064
20106,0.48758963931528043
40377,0.4013573190860654
59182,0.8441368043622798
22031,0.9262762775482772
68825,0.37991139479514974
12524,0.9262762775482772
59021,0.7421976182488166
39178,0.00021975564423692783
25973,0.4747804408678295
13810,0.463589692486355
35547,0.10056731413254427
4155,0.4242044867182212
17220,0.26826692481189235
3899,0.6808682030527442
19522,0.09518926251494507
10053,0.030723851371763585
26316,0.5268218083027505
66243,0.9262762775482772
72171,0.09010357294508918
39413,0.40196909752635895
57267,0.7059012546621533
24233,0.004094665774982367
41946,0.1825716598860849
16709,0.004094665774982367
43131,0.5691412751410992
22779,0.004094665774982367
59637,0.3258683394753281
59641,0.2433936150276646
69619,0.004094665774982367
51493,0.2241618577135305
24838,0.40922946311953107
22837,0.6505522317752898
16129,0.4246823649817148
4193,0.8219945636351724
79116,0.11600350601144656
54436,0.3245670254215196
47854,0.2867326161601805
50458,0.2231739039286368
21973,0.04182079065436608
892,0.7421153471293023
61025,0.830704584058902
26803,0.21138530669508918
9516,0.8526018912536447
11302,0.6049061207224006
70788,0.10679998914036647
42321,0.0005138619712030682
78729,0.026012278640969326
20578,0.40123217222777263
42489,0.18507187932187158
42988,0.7973597010176807
64333,0.10791768373418686
17217,0.0003529688466550019
64990,0.3954743532183217
13604,0.005241406331805263
16772,0.13150081952940745
57372,0.0003433280319427634
25615,0.004094665774982367
67076,0.4208116792881921
1359,0.3765726357355346
5132,0.4346080808948203
76313,0.14850525015952562
56745,0.7828924375096213
62759,0.1926197629642377
43752,0.22693014389652438
72511,0.0007432417876469856
51601,0.15333404728165553
58186,0.4361466578245235
41353,0.11258023102300571
71836,0.19761877428353247
73352,0.004094665774982367
28141,0.4433711692365445
40076,0.48327887259991953
62625,0.004735534352410911
38848,0.08309616179207367
75614,0.9429553005350091
37575,0.8497741336136048
21079,0.01843682583255294
20831,0.81485353567417
59170,0.7973597010176807
450,0.19178832947654514
5365,0.00844097962558813
36672,0.01388598569979079
38363,0.042147346182192236
18858,0.006631966734234155
4540,0.1825716598860849
46388,0.15556206827381358
74652,0.011315759034609494
59835,0.7886820245362377
19473,0.05045186902288231
51116,0.09328662679324362
4859,0.9993768633717123
70353,0.9985912256557129
16714,0.00027839808581918456
20330,0.1898987599011177
68510,0.9989723522453557
43026,0.2324192380372151
41250,0.9989723522453557
64364,0.1252649960665573
3377,0.011181264838066383
9637,0.8283243329404575
14235,0.22663177520889194
34141,0.18270839354605428
31942,0.41776981843779315
2754,0.00021070509772156776
28951,0.22570555091930455
7057,0.466714476301063
70486,0.15397842419492944
45583,0.6808911867393515
48314,0.22791354922145127
36104,0.9984648833747616
78854,0.014025279504776325
26898,0.9991970053862054
37225,0.8785318910642611
11135,0.9985912256557129
37378,0.6511537590009806
58916,0.18159380690790897
19898,0.08621816869863744
33501,0.1241633166633855
1911,0.589565035156488
52653,0.231719978416129
19632,0.024881884445516693
39912,0.035536811023780805
57850,0.23544110497374124
15078,0.8650095322415812
19824,0.2369994832969958
12029,0.2913157801541081
58392,0.9538742400258531
66617,0.8650095322415812
1664,0.2806365389974206
76395,0.8030443299957226
52436,0.18710973200131595
34818,0.0552149195830688
24370,0.048548568728418444
65691,0.9977480574724014
40365,0.8395061528640904
76438,0.5410222478642384
14298,0.006802186568930934
46043,0.4556437931613436
11378,0.5359302596679245
47200,0.41871717300458955
64609,0.18710973200131595
7736,0.6467921190537691
61202,0.7371066764143839
24199,0.9993768633717123
41733,0.6754921796523369
60820,0.10367055031336747
70913,0.23380826689147072
28793,0.9985034722452172
41743,0.9992882188698864
3743,0.9985912256557129
72663,0.8204387581722352
74964,0.9993768633717123
12085,0.14853914463495418
75245,0.3937654715270817
35675,0.6487753641113803
6093,0.3165902441013895
72981,0.3828514716452052
21662,0.7030779555213488
68444,0.09844857060843504
39762,0.9985912256557129
70340,0.5905426489642297
29136,0.06544300166775192
21553,0.2273060053987946
59232,0.10799488614465103
39266,0.9990100409367996
3091,0.9993768633717123
56589,0.5328172599172675
43203,0.47944046234613974
78948,0.18710973200131595
71730,0.07694646603563773
60588,0.2920523608098474
74838,0.9985912256557129
48905,0.35390826287005583
44841,0.6165784144380941
72997,0.33383088865635985
20710,0.9985034722452172
32585,0.9985912256557129
2507,0.6771683560509352
17605,0.6719999657456569
49670,0.6636149639208649
18090,0.19322658048557706
60201,0.24056753740879241
15197,0.789604476654978
58480,0.41788334438093855
21816,0.782222848621252
15437,0.755757029571776
62586,0.30181870114157866
25053,0.35947408671820047
77541,0.3757931608304189
24257,0.9985912256557129
21905,0.036136356079091235
20968,0.38989732926346554
63123,0.9985761918408551
72092,0.9985912256557129
77672,0.957946217021716
5711,0.24406428125763918
58824,0.2024562308213538
44886,0.7163291586610261
7016,0.5909161438344266
56626,0.012242304984632843
71991,0.25318842763454524
11305,0.7604056458236904
13563,0.9993380153704364
60483,0.7336996967113175
52646,0.4398296087194939
34083,0.1768767238546301
10026,0.6251707573918603
77195,0.08920280418788055
76904,0.0531647325335321
68424,0.18803300353904406
35546,0.7868576219340168
1113,0.22945924720557767
46027,0.857479920550173
37673,0.9993768633717123
16938,0.998087450252963
5113,0.4431690572991297
68515,0.9985912256557129
64495,0.9993768633717123
2093,0.8643144646782707
68210,0.23710612283286492
10487,0.782222848621252
9353,0.38635749762733834
2946,0.18448478671226684
9459,0.8723259212175185
59000,0.058497751539870704
52570,0.15613951621319683
77764,0.4585759309256909
11329,0.9984648833747616
30212,0.01620690018645142
35925,0.4824069155033039
17008,0.6949425543261535
42197,0.24128273842643733
32384,0.035536811023780805
57468,0.9389429510044561
16637,0.5290953989890331
14549,0.14351895584050633
54244,0.2792784208498747
63806,0.5727719947364632
72239,0.05166345766518845
27869,0.5492402880868148
18370,0.07156780301892787
37598,0.5854414438816337
69706,0.2691374289431851
74891,0.11422910630193385
62766,0.9985912256557129
42806,0.14853914463495418
38063,0.3602971536319115
13424,0.4431690572991297
70566,0.16755389457496556
49265,0.9989723522453557
29270,0.30769047290055523
64319,0.998401354844553
34104,0.31878317492393127
9369,0.08616171766639324
2873,0.9985912256557129
67235,0.12978817544904225
66330,0.050303433734745925
78941,0.9993768633717123
57936,0.0012584258309454369
55928,0.9985912256557129
36215,0.957946217021716
21815,0.9992992940872664
52081,0.9984648833747616
75839,0.8140755662301691
40317,0.788648883620629
75815,0.23831391627960866
53050,0.756801597552835
6350,0.2123246569769805
26330,0.5086496899295453
8567,0.3242053346832046
18816,0.22308842381510216
16131,0.18246286942254347
25320,0.3346819274620491
21555,0.16253453968566273
58610,0.24823094021198383
62882,0.45219885605113563
67536,0.12401153459332358
74149,0.0200232211965102
42739,0.31069254248918615
67251,0.23570507869039742
25368,0.6745170886375238
14733,0.0025071011301058556
13616,0.6761953515538587
64488,0.07830379201662971
41998,0.1716155297553738
21869,0.13528312971782902
33870,0.015743503741902205
20116,0.8058934569702292
19333,0.08594943802799514
45780,0.16253453968566273
4442,0.42106499086339605
19065,0.41385254939336874
60365,0.5558537882050596
13301,0.719997555201843
19451,0.0036972554604781304
34726,0.34297663806703044
49949,0.006598251006653569
55166,0.8104452004310321
60685,0.4145848934428356
76682,0.08066726884713969
11172,0.3038875996804746
39730,0.21077642487156245
6730,0.01986841235703081
72121,0.020752729157170108
48919,0.10113125444095446
67394,0.41385254939336874
62362,0.09755993415048714
54335,0.16253453968566273
22616,0.18264004744046866
20271,0.229301113444125
52681,0.006150955971926522
70724,0.210816164293737
71736,0.32151760830647935
52178,0.5485066066557915
1020,0.555992876560071
40286,0.14134763183866056
78862,0.014448338482595035
29486,0.6209092639288983
2700,0.2385584019440513
52490,0.7513284822218497
22301,0.23723722587664922
41771,0.7882080880653799
5459,0.5458544840722495
49251,0.23098439404854185
14083,0.1173431263258472
33382,0.2552652751068709
36895,0.19633371012110437
35780,0.6689064984325928
47289,0.773944051602033
32994,0.16303091568957043
38088,0.2186282025361689
35123,0.298461217399001
64350,0.20844428949433713
8302,0.12750562619295344
22792,0.20235574725574357
44297,0.42575415255182697
67075,0.3158828520434864
17887,0.9696212099395176
41912,0.22213850809688004
34738,0.013205371092885743
40678,0.31625476115042045
34295,0.02675405780797356
52956,0.1939242788542848
36367,0.019268223290829965
71409,0.01273860968958395
43830,0.9987809686647392
74393,0.03936635469479977
10322,0.062372255020694226
75692,0.45012885606338643
19179,0.5059047911413064
5984,0.09038102214190594
72442,0.9989002168123687
63816,0.9987809686647392
27016,0.005546364452334487
57332,0.7255973384903935
14727,0.9986408848740651
31579,0.7964619122750826
7414,0.03732252552196859
49745,0.924263899856127
16144,0.2620450724472823
32880,0.029241190162193523
27261,0.57270010328293
15286,0.02827930271792681
68178,0.9987809686647392
70701,0.21667172560482093
5381,0.2267816482084289
21864,0.003563521270761634
58946,0.6771094329867039
78208,0.036541720823682435
36734,0.0065257582919778035
55342,0.21212274263089675
29998,0.4757967602900698
19411,0.19631843217366937
39613,0.7480154147942418
65381,0.0027752489992968247
61105,0.24498970816800675
72884,0.767620756110594
14924,0.7355931651691581
18226,0.9987809686647392
53988,0.7964619122750826
3485,0.9987809686647392
11409,0.010171548817781099
64558,0.00016198190149551537
3416,0.8001544882003219
3240,0.1072067351962587
67371,0.25141062275795373
170,0.1589610416594996
3035,0.5832932321325333
23561,0.019807705378816414
66022,0.8631876881328832
31682,0.6050613454237806
29482,0.18996813908252522
71356,0.6584173291087023
74155,0.36866609467692624
21638,0.14156408435414214
13908,0.26261392155022484
66807,0.9987809686647392
69349,0.012555104889501836
41356,0.8031003296872846
21034,0.0057326281361180145
52419,0.0027752489992968247
11448,0.10105101491966671
69242,0.6230429298559003
68047,0.19880601865380165
27411,0.0027752489992968247
18840,0.49482567439933095
47260,0.6277760654344825
21193,0.00490207416006041
11146,0.8886467032249388
69149,0.014926940644378236
49290,0.31169473327835795
54282,0.1620243020829942
63176,0.34363465677838084
65545,0.007429213689826951
29852,0.7957554317580607
78754,0.7057811840800827
48529,0.30237390208850323
25359,0.42610541120361006
62338,0.7534307745033029
8710,0.7891047669250311
70976,0.6802198406053073
60084,0.004418773422726644
48123,0.039334701957545105
45218,0.6601398273017103
28914,0.3015812300962432
75541,0.045534902744563975
66592,0.2884189437091509
9484,0.7237013715842
32048,0.26583675606523893
22569,0.008020545970705843
7049,0.38292417214968105
25689,0.03962916328025342
9755,0.2610164710985935
14938,0.9987809686647392
38228,0.9987809686647392
20237,0.2663298904839673
50190,0.22048095565230086
76833,0.20963738031379275
18078,0.6722685568801923
72927,0.9986408848740651
5172,0.5880680595680826
43879,0.13978793439498838
48111,0.8090782658041519
62682,0.9989002168123687
44871,0.02306457460308781
11009,0.07288115087922291
30886,0.11845511982810317
18033,0.24875950296157331
58749,0.79218054298658
36791,0.34468932172752215
39633,0.9987809686647392
67887,0.004664296052515791
7875,0.06384023890390327
19075,0.9987809686647392
47569,0.7869343737422395
78866,0.0047321447214292945
42511,0.24292436219799798
17652,0.1346317395190978
39696,0.028210853713654848
793,0.29252646331613835
25665,0.5314712679757037
48966,0.18853841553449005
70234,0.87069448041566
6828,0.06477402539929929
62959,0.5950529247558154
27072,0.9987809686647392
24358,0.30585116237996207
76947,0.3105192053916974
56523,0.9987809686647392
33515,0.30456839773793104
1934,0.42782279974017634
50607,0.005546364452334487
27278,0.6815824588222846
55334,0.9987809686647392
48348,0.2146624837455516
50947,0.317670665937481
17585,0.2975165089405051
3670,0.12418973434682495
1334,0.9989708966567691
1245,0.9987809686647392
31237,0.05053653690577754
47997,0.655278001035111
51437,0.5764542858887083
48282,0.031313263981720095
57256,0.32167462793174756
1777,0.9987809686647392
77589,0.999021576935783
4630,0.9987809686647392
24894,0.16749293318616712
56870,0.9987809686647392
25294,0.3411683846615148
26668,0.04381714436412677
59205,0.005667627137378167
58445,0.7292597174160184
70690,0.9987809686647392
45331,0.9623523315487534
29859,0.07172314866623111
23685,0.7840234869067187
67488,0.06573684298696136
48056,0.008905911798537598
58525,0.22010929079178357
33150,0.03927486848768209
63545,0.05481877806289176
7320,0.3661248614348058
70267,0.25074566644040003
18547,0.8230914862388936
9869,0.6931574864149432
77533,0.1160117977751202
60023,0.4265180601217795
478,0.26226655375203956
13458,0.24675560911203656
58381,0.20341706477978924
48234,0.28994167650920455
9820,0.0787303398305111
61378,0.12667248949796586
1311,0.15879669030314328
16058,0.2146551596390671
65377,0.009830014085646111
28015,0.051363211523344283
79070,0.03186557998920283
24000,0.26226655375203956
50421,0.2602854762453909
3825,0.1487315038917811
49978,0.03562776918724783
34355,0.1756372942537754
8199,0.003398955468546383
8040,0.19843877489219253
51896,0.05481877806289176
57334,0.038782567169571666
21616,0.03926541559315204
49593,0.2294927433330379
70204,0.20863164022881672
26639,0.00669042945659935
74386,0.8280558456626503
77652,0.26651467485782265
77562,0.0002509419295457232
30086,0.1578366079522322
37098,0.1487315038917811
72075,0.3655070452660669
3570,0.2298200054259341
63286,0.030234110776169776
39306,0.8230914862388936
5414,0.7103703309827349
9951,0.25795070105117646
51217,0.22343479739281213
65273,0.12354371123978959
22700,0.8661853056416159
11076,0.12163185475268849
51683,0.22645341945445738
52175,0.3244415790530445
41560,0.7361444798127491
73866,0.23964718694230205
57136,0.1289956589437017
62039,0.16031058983788263
41984,0.03643956601144356
889,0.04659029113636822
41210,0.4831167615570353
49664,0.24964104966359837
7650,0.20758534415910312
43902,0.6206610336817912
63412,0.18868218415124302
73686,0.21756080485349624
58011,0.002777301758962192
39422,0.2262632517244021
71424,0.22343479739281213
50310,0.03330855661154647
47681,0.06581615428877419
50317,0.3540602776506392
56423,0.14385477687719683
54088,0.13887270609324562
77011,0.04602306026023048
49259,0.518240571934229
7552,0.7180942434612849
76993,0.021117432546807237
39917,0.35527665847609075
76077,0.12770427638687923
50630,0.8970909744382886
37444,0.3660856162064868
50934,0.03873993733848047
28897,0.07126327479191669
26527,0.004203366595890508
31301,0.1886164402568172
12418,0.6459620507585216
76152,0.1847631412422388
35806,0.0058621682291860825
3144,0.00507572501924097
50394,0.00015885613590804073
76179,0.002720122678573942
3326,0.014844605213234696
66342,0.683201409379898
41623,0.1487315038917811
6284,0.6459620507585216
10007,0.04431330841954264
21656,0.0002928603467709051
62610,0.1556490602776459
48847,0.047748784192144685
18066,0.19738023620413722
15668,0.002315031628147001
34023,0.07320743934429134
59262,0.0058621682291860825
19281,0.2344258749090391
33327,0.07019474672938386
40265,0.0026572824308829478
19279,0.7438855704556622
77709,0.7757277650894309
64438,0.8299093016135876
75049,0.5632563607211672
31559,0.3655070452660669
1855,0.223876828778379
50999,0.15516314597377626
36451,0.056704114024409925
40855,0.39209695002948736
64168,0.0025019572716842194
46730,0.05225932973763319
47716,0.7301806866723233
23694,0.7618304531153627
27849,0.2220646672456647
20196,0.002720122678573942
40205,0.26651467485782265
51338,0.129165716880853
17840,0.02884047093352572
54849,0.18273492341950853
5400,0.9994994445291915
4334,0.9994994445291915
12931,0.012147311112176928
4602,0.3089429587413247
75062,0.9994994445291915
12814,0.7371971701667709
23361,0.23528167304713699
24945,0.9937368376304017
41037,0.3878318748757141
50989,0.9988440827516701
18631,0.023455520973182934
76571,0.2295131355375655
59427,0.16869665836160433
47718,0.8858094540171662
46527,0.9989751506596086
65087,0.0008836011690006248
11946,0.726256277880076
78607,0.9987073860605412
33312,0.1295257405099117
31793,0.9990082159968555
73217,0.8389435528352657
11701,0.9989751506596086
68768,0.8683254545470853
75563,0.036253762544608985
11970,0.9990082159968555
56690,0.039299383333547266
10820,0.4734942840472482
69438,0.11910719185231315
69072,0.12133708975985263
47005,0.9988186729679246
16920,0.9990082159968555
10608,0.1095342624909167
12456,0.9989751506596086
7085,0.4735995274380412
26473,0.036243073754554773
62466,0.7428075995767386
824,0.7534639609408594
50365,0.1191032209861447
17581,0.039505718036884824
61795,0.2138996461990005
56252,0.3616442438826361
56923,0.3605892322721173
39117,0.1640875804545823
29716,0.1956056095767339
45390,0.15079010962279324
38734,0.23374174507743856
64834,0.05540788613920239
60823,0.9994994445291915
17329,0.32533272008322833
45958,0.12094195300000377
25398,0.12809467871463298
69229,0.24329029825603457
70025,0.9990082159968555
22066,0.9990082159968555
39043,0.6802199677672399
47502,0.03666437824612045
73122,0.31242200145527776
51325,0.004846909431935115
13488,0.04967614046500121
30030,0.9989751506596086
16783,0.9990082159968555
17662,0.2822185560430823
53596,0.1332592268052461
32090,0.4469598318792339
59539,0.9990082159968555
43258,0.9990082159968555
13004,0.8431726622748125
50823,0.3591008948912225
69828,0.5196012636667733
65690,0.9988426674751819
606,0.5854626051843551
77988,0.004978526739084612
49514,0.16255143241568126
9218,0.3465229851542525
55330,0.17823855735507455
77110,0.9989751506596086
3871,0.9990082159968555
45565,0.44362792316363237
17636,0.5382567608714984
6578,0.9989751506596086
75103,0.23704622452109722
44986,0.40353888156535533
65947,0.8783220717379966
1265,0.9989751506596086
62969,0.25690789464229535
29560,0.9994994445291915
3025,0.5345134539533871
39317,0.7707356316598205
11165,0.2426939628119676
20616,0.9990082159968555
32796,0.7414073233447478
62879,0.0600315474336727
12459,0.9996416269114808
25734,0.9989751506596086
65790,0.9989751506596086
4367,0.2962421002345911
51858,0.9988543656732727
3477,0.9990082159968555
51674,0.011888769295973321
6377,0.9989751506596086
55168,0.9990082159968555
15000,0.1567406679684515
24356,0.9991372856385915
49613,0.7288600677037017
67657,0.245566327505428
18202,0.2512666393400802
39728,0.11845917195575578
70160,0.2185346598777681
14249,0.5013118757804661
6933,0.9989751506596086
28964,0.9994994445291915
1659,0.07668159600369726
45607,0.4112473168302336
74824,0.20243359862315877
25967,0.9989751506596086
12652,0.9994994445291915
36844,0.19300848236577592
66209,0.3496358765026321
9242,0.3740144292656096
12694,0.9990082159968555
50102,0.4833278101485521
19011,0.9990082159968555
19323,0.999166589690519
25064,0.8389435528352657
66125,0.9990082159968555
23101,0.05727548919174279
69159,0.4469598318792339
76341,0.9990082159968555
19630,0.24875770313225493
72911,0.21388872365691572
73256,0.9990292245380795
78210,0.7175722404258305
25042,0.9994994445291915
48217,0.08974042189921122
34063,0.18403428543442696
17537,0.9994849042863948
69991,0.31824653621135607
67773,0.253517221578107
25477,0.005259849376578939
77219,0.9988630210142807
41352,0.660194409524084
52766,0.9990111445882451
20288,0.9991698236803104
28937,0.9988630210142807
26548,0.3311865951687556
58187,0.030176803257533115
18519,0.009024020640718278
20740,0.366523281616813
79232,0.9993009460816197
43008,0.15181999722580095
34962,0.7068978541730769
28468,0.999092037252949
36325,0.9990111445882451
75019,0.9988630210142807
71267,0.3331406894300764
40849,0.2507207732680195
7623,0.05584351320637687
73275,0.27577060103443884
13449,0.9987208835385666
19953,0.9990111445882451
20711,0.9933204668644522
23462,0.998730742796574
75587,0.9988630210142807
16513,0.17696665645127
60277,0.9993009460816197
12874,0.9988630210142807
31287,0.6949227945158777
57153,0.9993009460816197
71757,0.0769331580369103
16290,0.9993009460816197
14202,0.05902338602198231
73859,0.3523619786335506
47660,0.9986732687420019
12283,0.9991526146262368
5718,0.9993231466118582
69873,0.030508619067153145
16082,0.047730788606120636
49428,0.25476748210845135
2670,0.9988630210142807
30567,0.1662486586911922
63595,0.006491365993911529
20114,0.9990111445882451
27978,0.022690622701756674
70728,0.9992514360114695
59390,0.8913927803297635
77549,0.3622767445202017
43200,0.564331341847467
45460,0.010085868583806439
3135,0.9990111445882451
57430,0.9990111445882451
48944,0.03492074218459625
4839,0.006235949514862498
4371,0.3515709226581805
6126,0.3773489459234104
27257,0.9992514360114695
43561,0.0067083331049834815
32021,0.048137804875371205
19692,0.9988630210142807
20749,0.24841431564293526
60190,0.26800108098301906
32260,0.45670341738585657
43587,0.9993009460816197
26805,0.994831105248054
5152,0.3823600366894237
77371,0.9990111445882451
74732,0.006233831321879665
16776,0.2468223112091223
39600,0.15302483055042676
75446,0.9993009460816197
19929,0.20900802077189753
16203,0.366523281616813
68222,0.9992514360114695
65427,0.9993009460816197
8470,0.03223282666622506
39866,0.6857443037970422
14782,0.9988630210142807
76942,0.12866085155958112
73015,0.9990818838960923
66938,0.4977605823920496
29076,0.1784802730458885
19572,0.7844171395917245
46659,0.6961569489459156
74812,0.383140243338429
79087,0.022123845394933072
57703,0.09675359058347523
34953,0.011215619330923425
3488,0.9993009460816197
55098,0.23527169855126953
6733,0.6857443037970422
16036,0.9990111445882451
17668,0.03182050224444785
4074,0.33970441793341655
32408,0.22123109081952552
38931,0.9990723833904754
65231,0.9988603008942574
24833,0.08489588765176315
42420,0.9988630210142807
28705,0.9990111445882451
6243,0.11326178621191944
33806,0.9988630210142807
34814,0.22421230145937088
51446,0.659223162889722
75299,0.41110298994765715
57358,0.11400063177876257
5834,0.0746994709787673
37539,0.15657986450294487
56300,0.7360055820691905
63668,0.03182050224444785
36943,0.766110194238185
28985,0.9992514360114695
42425,0.00653974638835451
42178,0.9990111445882451
24244,0.9992514360114695
23959,0.9993009460816197
22438,0.7437434211095737
52495,0.9990111445882451
52633,0.9988630210142807
68977,0.9993135770756987
12776,0.11574012538363807
58619,0.757495053187626
58678,0.7879275072926555
72413,0.9988630210142807
71535,0.7296074684082395
37587,0.9477976660860219
70791,0.9987583480861904
2847,0.053311898640111634
49950,0.999565093052976
31857,0.9988630210142807
51331,0.9988630210142807
3332,0.4394474735345604
19193,0.0374851306299072
63253,0.9987208835385666
44609,0.9988630210142807
45558,0.9988630210142807
9606,0.008665853979707998
2784,0.25818428806595645
45229,0.8390340279634367
55253,0.15181999722580095
37084,0.9988630210142807
5616,0.343594199668607
22926,0.8926653704418414
63965,0.19228875738121137
24086,0.9987583480861904
77732,0.02858854661807521
21761,0.9990502256098772
51377,0.36718514427942717
48751,0.1392823142416405
40423,0.9990111445882451
29693,0.058023595141311536
52142,0.9993009460816197
25603,0.04000022982039518
52415,0.9988247188300269
58974,0.9990111445882451
43863,0.3133384324876751
48247,0.13103058029123454
72397,0.9988630210142807
37678,0.31433380536135813
79106,0.9990111445882451
64658,0.9990390548569927
38181,0.9990111445882451
68858,0.5071370738613651
76088,0.1147885469202688
48744,0.2983293601204986
47797,0.21291263366345253
44656,0.1314333618907179
48975,0.2193674548175747
58729,0.7715656919888778
77808,0.9988630210142807
44340,0.9990111445882451
8599,0.9988630210142807
48426,0.09803549480756396
10929,0.00023766777910539104
40376,0.9988630210142807
26191,0.9990111445882451
60506,0.9990111445882451
20615,0.9988630210142807
61691,0.9992514360114695
72986,0.17516726613198766
7020,0.6298204234747847
2156,0.9144526900676703
61973,0.9379575360019454
15840,0.7051918698726081
48358,0.10418858429758716
46150,0.8774417828162279
2788,0.44783044695727775
53453,0.9985761968335957
64833,0.9144526900676703
55176,0.7444731001683088
46669,0.7450075677004064
15341,0.09132349292509641
59004,0.03924450562076367
69412,0.2639703626507843
6453,0.21948752586401782
32819,0.1825518838492256
38761,0.0002444052353100604
43756,0.9080354128641629
31759,0.9987198596658338
1580,0.6298204234747847
23654,0.9987198596658338
19353,0.9987198596658338
32633,0.003676878980624746
14796,0.7889987698244398
20015,0.3684338451967234
15545,0.4803897169964361
9948,0.8107195075443199
25062,0.6296697039120138
17789,0.3269758364583866
50120,0.007019408275254557
29098,0.7437494340369529
54700,0.7964354009692657
20918,0.0036771019198239253
56197,0.11578829746455263
19515,0.9144526900676703
40504,0.17164001580835905
42326,0.7334029700034187
10140,0.07752890987256512
30528,0.24594083410078685
11259,0.7202765389687552
43186,0.9987198596658338
18076,0.1482704466547762
60127,0.006516504608136295
29815,0.9987198596658338
28224,0.25035892454774544
78818,0.9144526900676703
63577,0.6575966048926448
54929,0.3154898245677579
72282,0.4831883030004033
73175,0.9987198596658338
12123,0.1632945176392128
47151,0.04460468670305616
56148,0.29756004071914427
62168,0.107951635382514
659,0.1417956501741994
75896,0.38737891642247463
76669,0.22722170106017464
24620,0.09104778495119659
78696,0.8114911417156504
38974,0.9150138763964835
53698,0.4803897169964361
67072,0.32380147700040335
58190,0.8828418142830765
60549,0.6575966048926448
27126,0.0034076872327316226
20397,0.6968129942850607
44847,0.00308518611559083
50397,0.9987198596658338
28559,0.08891477651456707
21126,0.007562748967730286
49702,0.6575966048926448
19051,0.22848313373849544
20115,0.9987198596658338
56287,0.005803248817724436
35900,0.10418858429758716
40155,0.9647036931885585
23011,0.807666329569459
79290,0.6575966048926448
45886,0.7616020600653268
60617,0.17330471609084858
56842,0.9987198596658338
23024,0.7468681666145635
31370,0.8481144194406581
60041,0.6150353180057235
47180,0.0053157640532903215
75897,0.008411831177092167
56153,0.08914131729084118
76885,0.4831883030004033
62422,0.1882127860976519
74482,0.12476382893015046
38208,0.7466220128223434
8794,0.342406656618779
72389,0.6575966048926448
14570,0.12348477738005093
5944,0.9987198596658338
54809,0.8183652293192065
39301,0.13377036988526977
22311,0.1434941751979706
72697,0.14069243711272506
70772,0.33875564155894056
51320,0.6798186092043591
39114,0.342406656618779
6095,0.6334605374047505
71807,0.0034349018563133234
28175,0.13472413813824774
18213,0.2687275797647026
15381,0.04750024406307014
43402,0.20045604672384343
33716,0.7689838931895815
32975,0.15902720825948052
65206,0.15376038467039027
21884,0.2943566182144761
76201,0.37625585926744803
71923,0.7805796045994352
39156,0.8041776240255624
31218,0.060757243900539264
47739,0.6575966048926448
43740,0.15359379577062782
2672,0.715246226416674
8934,9.598587039059006e-05
57756,0.807666329569459
39223,0.9987198596658338
4082,0.8089670908535915
38346,0.8331041880489732
49137,0.14624857645697167
52331,0.22095939410928042
68011,0.9144526900676703
32787,0.9979516987217116
44350,0.09104778495119659
54360,0.01399151986131486
75038,0.19648498467868328
74464,0.004530063542165173
32265,0.2916445128015608
47306,0.19266622943049697
78967,0.9751673738352815
56122,0.7903083618031187
8465,0.33107939893302707
3458,0.6575966048926448
10953,0.16397768775092084
22556,0.6575966048926448
25039,0.004176305706265316
52953,0.7466220128223434
72143,0.7976705919827308
45154,0.7733437377909961
30024,0.006976982531029398
3588,0.8943591967948414
56144,0.4051089381562158
75026,0.24765650679557238
44066,0.342406656618779
67010,0.2067122917456297
53649,0.2914164995510235
64588,0.7570565077563087
37076,0.8012315291585222
70840,0.00027803083228805414
66808,0.003867795721774216
61727,0.31555784580888097
3371,0.4831883030004033
21804,0.2574816544169364
70529,0.9144526900676703
67640,0.7652151317611604
45729,0.6601330488101108
17505,0.7725870363469745
61513,0.8301857172777477
47131,0.38288624721480324
45038,0.4831883030004033
61851,0.01068961718779769
66826,0.02028549080867415
34847,0.49888782596380227
24451,0.264449062892775
11797,0.5042146655771041
44843,0.9990612696767032
30685,0.40177680677420846
24853,0.038362385565415755
51336,0.7047594979906128
51828,0.693489480310791
35160,0.42552552962786655
59944,0.9985558844747575
35291,0.08294468232144271
14963,0.3545250267048265
17946,0.09104778495119659
40245,0.09104778495119659
58941,0.025833859404471655
19576,0.16791207809722916
69745,0.18755248027371343
11158,0.004035653640134198
36498,0.6410529892688417
3575,0.18216971063443715
48977,0.08711536597015389
9051,0.7466220128223434
69775,0.5094588170662188
70713,0.9987198596658338
1223,0.1684261922784352
5903,0.7889987698244398
17766,0.7140127123125556
11231,0.999291087580059
73832,0.1632337380145511
8767,0.06017123238768002
2155,0.20959617733928482
12547,0.004462364632925352
45169,0.19320899714261547
7260,0.22099970881724784
34311,0.002810803639702195
45039,0.004646524819838971
18683,0.22099970881724784
27745,0.999291087580059
67176,0.40353769384366794
26416,0.042100341242261856
34572,0.9986916265034513
41746,0.999291087580059
24735,0.999291087580059
27445,0.999291087580059
46983,0.7322304621262858
68580,0.9986916265034513
41717,0.01824381377087333
16497,0.9986916265034513
13384,0.9991905293518956
21552,0.22099970881724784
49331,0.999291087580059
38799,0.999291087580059
70747,0.1987083872914393
39497,0.2922626153520895
30163,0.9986916265034513
64271,0.999291087580059
19505,0.783385069424437
52298,0.017172168814424422
38910,0.005895347728584654
5692,0.8235668744991963
26109,0.17175427340020752
26291,0.06449050143881131
12443,0.1715580235658379
27410,0.7976612506424899
206,0.7103729019326689
58179,0.9986916265034513
77520,0.8194486254203135
24643,0.9986916265034513
59316,0.9986697669387443
73024,0.9986916265034513
9984,0.002848413220571111
50783,0.03923001663816854
66606,0.9986916265034513
60022,0.9991902509021259
3539,0.999291087580059
60013,0.2837242580105888
40364,0.4501931052857843
54423,0.8177428312429662
58298,0.7024121656218955
959,0.7339117723290978
76434,0.999291087580059
38470,0.042100341242261856
15924,0.9977480574724014
16690,0.2926198110605414
31446,0.6287774390513967
29370,0.9986916265034513
50158,0.18715982736735634
74247,0.16431322447084862
5519,0.005841645938990834
2601,0.27847206034299454
36652,0.9984860492393396
35540,0.0030851942586259413
49262,0.999291087580059
6801,0.3036704629590798
50160,0.30177288312559697
25623,0.999291087580059
51424,0.8481057129784061
55158,0.008073470773894212
69101,0.007409520465636562
16763,0.0006945250109740995
13318,0.9987626810673587
76589,0.37250098348844446
76044,0.7592198644942961
23759,0.004646524819838971
8110,0.06224964518622968
61701,0.0072661026851603295
66562,0.30364282426042816
2340,0.4633306330557942
65827,0.004121091549451534
42277,0.9992468961166252
29373,0.7675366301221033
41937,0.806502848588399
64164,0.9986916265034513
50719,0.8410104956986207
64343,0.7024121656218955
12402,0.004462364632925352
68194,0.25959816889019965
616,0.06017123238768002
9333,0.33104655882534517
58982,0.2493316317723389
58651,0.999291087580059
76135,0.9986916265034513
28795,0.999291087580059
36966,0.08924789116919483
14365,0.6287774390513967
6360,0.999291087580059
60667,0.14332698502094549
47319,0.9986916265034513
8118,0.024081702178343108
31416,0.8410104956986207
35002,0.6637984393088607
78547,0.40385202249487984
20430,0.999291087580059
74352,0.005173540605229711
75473,0.3570695949186584
8168,0.999291087580059
46177,0.0249137606855504
32601,0.0680746166418585
12090,0.0033767299835573347
8067,0.254157732871378
58740,0.2681253221905597
64199,0.3474381421789046
48155,0.6993499687436899
75274,0.18115273522235134
68595,0.004670657086275652
26241,0.7563997776429026
24438,0.11593192902867104
55219,0.8045897658123616
35789,0.016034412169268975
40801,0.004646524819838971
54023,0.004462364632925352
1477,0.8122417311568457
77012,0.19962074631390414
38517,0.8481057129784061
65030,0.9986916265034513
42033,0.10092084719870695
11629,0.06290885712879628
64774,0.2949339806186337
36642,0.21263364845130436
37500,0.004462364632925352
13106,0.7806872854753114
49747,0.002780254068871748
15163,0.07731717158609547
73885,0.07749721133061735
65434,0.0029375077436793228
51,0.04886185398850569
19985,0.6287774390513967
61839,0.04152536152408582
49409,0.004462364632925352
30741,0.999291087580059
37781,0.2857028895172802
29380,0.004462364632925352
50839,0.004462364632925352
20244,0.997724034859419
27029,0.004646524819838971
20783,0.8481057129784061
23798,0.6886089540087458
31450,0.21844984331288253
376,0.8730927121088522
8917,0.06281734327102581
40951,0.999291087580059
21143,0.251395305814638
42654,0.07158518520242338
29509,0.9987334262998261
63722,0.9986916265034513
27382,0.9986916265034513
66530,0.17611182320116278
8690,0.7271864644622529
62941,0.7181696561204386
65357,0.349767249040804
78776,0.7487856677574046
75151,0.2629692666490402
20502,0.9986916265034513
21789,0.004513140533861706
9219,0.004462364632925352
33979,0.008493126006862181
47377,0.9986916265034513
26695,0.999291087580059
68955,0.004747633129702738
10978,0.6946559243430236
52351,0.7330483273793776
73631,0.9985152673287055
54407,0.9986916265034513
36993,0.7580465901306029
72488,0.9986916265034513
25100,0.27088385334113224
18259,0.9987517814423335
12632,0.999291087580059
47028,0.19023350843446052
8316,0.011912058575312598
25824,0.6968994314135608
9013,0.7249547862830689
41541,0.9986892627122572
37597,0.7417018183538779
4261,0.0006141001506253527
63411,0.11304022382048608
5028,0.1566642359615361
45853,0.06376747901109565
21249,0.006005812741476481
69099,0.8179216876302285
20194,0.591126992499903
57736,0.29292549975599746
14621,0.21545530286451958
15994,0.0036724744735644626
69286,0.745251092875876
39220,0.7407578218673463
32693,0.7844806768466694
9361,0.1928641865710475
36068,0.8490928390394876
43909,0.07393365750105634
65573,0.17220845688298297
53879,0.5502762152850534
23203,0.009628522060885113
66258,0.5585919134539855
29025,0.1652465804326497
57967,0.14436411415167047
61657,0.01148076187809713
77117,0.0026153167061289083
13647,0.5173594311519429
37761,0.20525712418926348
46020,0.48200740767237765
9158,0.04855108262661759
39879,0.5040051848567719
59304,0.2460306248430131
1224,0.1236118762222178
38238,0.7432920467065406
3626,0.05975176118007714
52078,0.8001167702135581
72946,0.26546739870394576
40881,0.8182274130006272
42554,0.38249485971404673
3361,0.32200034669768013
65712,0.02706792150712389
43502,0.0077359061964480036
15366,0.11702531507238374
62727,0.6076523817360999
61272,0.2221206843849904
66685,0.003116668745565196
51435,0.006993176453575884
27333,0.021201455785035617
17315,0.04292518846527832
23637,0.36771355974298997
23032,0.4621804510220052
16911,0.003906560467685847
11202,0.12436038585596865
55155,0.7163609891294813
54844,0.724584595916878
50498,0.006099425766858475
16147,0.042521459236861237
63593,0.521243869838658
14306,0.7496153095156604
983,0.03274808339891641
5024,0.32896019563055073
60887,0.0038715188480267903
24931,0.270437848349684
41496,0.07539882335032216
44747,0.7848781266692457
57688,0.1951583519114601
58690,0.0032051772176732796
70502,0.4292448984345485
24508,0.5829708334748586
4753,0.6914734757811568
6834,0.23750286897632297
76984,0.10242997944882115
25283,0.28412626936099256
58997,0.7848781266692457
70441,0.695866456151201
46111,0.0005248857206260037
26041,0.03339112350796398
45417,0.053236616729175686
67425,0.5825232097841927
19948,0.003906560467685847
57860,0.21545530286451958
41029,0.5441125371435321
22057,0.2156239347777036
31677,0.5092332565408646
70213,0.057939321345280216
41164,0.7659212846488448
21850,0.002766678785877274
15232,0.014280328975125529
59279,0.7237211484356455
69626,0.7962515909270864
35185,0.004901868313132603
52509,0.8715944491582543
62003,0.07409870000840166
21243,0.0028757367871252576
50257,0.08796409578725443
75508,0.002061596737835156
64874,0.2396108586999284
59613,0.24911834525223742
415,0.29170418477606275
63695,0.40945334809321837
71610,0.2659952711235875
62343,0.676682136865219
50318,0.9982038417337341
69109,0.5997441388685724
24134,0.01587625781894677
4672,0.0054133776559580436
42798,0.24667130603283302
43579,0.01430715316919313
43739,0.26934103851231594
76868,0.15802877150844488
33283,0.9991227600965762
16434,0.035413471573135444
39979,0.4923536377303899
56318,0.01697746376580874
14243,0.019444156311941952
73511,0.9989872227288485
28926,0.05025339151924762
47178,0.7046494871225256
78710,0.027583793201580387
74771,0.04807466851191471
63082,0.17121153505187497
68159,0.44086126771056705
23056,0.03643584794832441
71051,0.24850201165493005
67637,0.2093443142862303
9587,0.970992694916389
8412,0.20242870054876363
33338,0.907535390625279
14920,0.20109275511583477
49876,0.09544198723730084
2861,0.008619379853585263
23486,0.7568124383162849
64911,0.056773716596126456
29257,0.6837640910766628
37092,0.9989662649336224
12322,0.9987831163542042
27145,0.45790665095652777
16633,0.9989872227288485
45820,0.8109060731353872
38630,0.6870314210494195
39914,0.006390718394023183
68083,0.1434847945341357
45014,0.00014116584836217902
28275,0.026425158047108016
57644,0.33112020328246683
11644,0.1270467553043594
46351,0.8588556327007596
65265,0.7861242103010452
71977,0.01709615517298531
42518,0.8623377869428827
9339,0.9989872227288485
60448,0.06048794480948952
67531,0.2354116597119166
77323,0.13688669873496634
19921,0.6348281412216072
239,0.07177059837787972
26246,0.47924642887921004
7661,0.9990219234924981
59791,0.15380457318129603
73671,0.20639124308689918
24975,0.7612911260495272
18992,0.003303556650412933
14499,0.3433947331940421
5949,0.018838259599833016
68653,0.04220043228190239
34554,0.999252402438637
74825,0.9990219234924981
60821,0.7026172925168456
9544,0.9218002380477932
10350,0.6998355834215207
41720,0.4445052096659797
69654,0.7164135029262799
58915,0.9990219234924981
45580,0.14547979160923025
69482,0.30746132143466387
55038,0.28208098682826366
30084,0.011849617603151683
47973,0.06607363899324964
10681,0.17117400273157318
60710,0.25570517900246775
43775,0.8291145519779617
30848,0.2681392973608809
50850,0.008926507132034545
64181,0.506513686307329
37919,0.061780092240945446
72660,0.06757359450525367
22136,0.8588556327007596
51050,0.6023132224406025
24605,0.010039689201836085
33713,0.01709615517298531
42027,0.7040815813178031
73431,0.5882752592970358
1990,0.8552593690865524
67167,0.7821064364791482
21654,0.015236139201869463
13213,0.0028757367871252576
47595,0.7289512546234126
45792,0.0003000532620991555
7805,0.9990219234924981
2440,0.24268771734644692
45223,0.021959859840303783
20462,0.3753420374354981
31171,0.9990219234924981
74760,0.42971882323191174
48674,0.03138060423642969
19764,0.6438296984519357
64239,0.11643217892684819
778,0.046121591980295695
27359,0.2545788715289903
8173,0.050266954415924915
30809,0.020335427200988316
31411,0.047178351564930665
64908,0.29589419288794133
54947,0.01374323157884272
11410,0.2300843959921618
3935,0.21689951881887917
47412,0.9989872227288485
17569,0.11064743781600489
49077,0.4464899296584457
18424,0.0027752489992968247
63095,0.8059203675663427
18745,0.16340543483084613
10732,0.3018857835799403
54432,0.9990219234924981
26522,0.8042546825158923
65714,0.997999690847956
32064,0.7480019259931511
21952,0.32692231843003305
51117,0.7253208053709153
8658,0.003482392759023215
31666,0.362833837218683
5016,0.05468444505482618
17685,0.13077281158150758
63487,0.054073020970352506
34893,0.10026364893130851
60017,0.7668284213580882
23054,0.20250617327912115
59197,0.06395808777162043
8800,0.020602487157251357
20360,0.9952698474295236
46276,0.21899652682497728
72443,0.9989274805484546
13866,0.2219884982329807
33194,0.23843212518605666
57673,0.103066796727844
73331,0.020526962112163902
2453,0.01732223165320033
7399,0.17825560460571196
11480,0.023466126370162314
51933,0.9989274805484546
77534,0.18311952807890133
4319,0.19131474994906375
55242,0.05267798109386844
78932,0.014024267788287699
3365,0.8839836998067762
36588,0.9952698474295236
27947,0.11801259969065939
21220,0.2219884982329807
41044,0.14266010410499566
78082,0.06261732609920184
24160,0.9989274805484546
71825,0.33153006634070104
72149,0.03723190287675468
29768,0.9989274805484546
33491,0.9952698474295236
9446,0.2203299212838014
29477,0.008388756675091561
37833,0.0021315083851269493
73262,0.02723098761175043
32257,0.006792712213625754
19606,0.08329544785839174
52297,0.48350759912762137
34815,0.9952493856217891
52470,0.33184674814537896
15908,0.9952698474295236
16362,0.9141796766923131
70182,0.18991131189843963
67169,0.9952698474295236
39096,0.039849180311495515
36500,0.7489917903660699
77340,0.6974045874687198
72760,0.9952698474295236
3062,0.39949242075311747
6124,0.023676861568430862
54716,0.22861582067668487
76079,0.05498802024275866
9624,0.0035341695836888874
25575,0.2848981135572867
36885,0.048691031501272505
11252,0.9989274805484546
60865,0.025706148482247403
36086,0.5291946564508663
21416,0.9990922415608408
50589,0.011170144585235577
18289,0.7513580705477129
71211,0.003795678821282991
28156,0.007242100563179473
23897,0.00674099350006999
31318,0.15615994327846844
17928,0.08069563857805227
1630,0.06870744956304824
40152,0.9989274805484546
13443,0.582325338512383
73679,0.13014702181809756
64539,0.13352648056245398
46516,0.9950854617154865
21270,0.3669476349452323
31886,0.6358613264152709
73918,0.39949242075311747
52833,0.1429658222727082
12177,0.003575178408104056
77403,0.5261081533584266
58163,0.7729667829868135
31720,0.1739231322907097
2057,0.8061076697953224
51242,0.0265661440520166
67688,0.021320624721958833
63332,0.18617749206798861
24068,0.04011630457988217
48614,0.103066796727844
21507,0.9952698474295236
6016,0.8738127189169799
21107,0.008958878026877365
6648,0.7426672654923363
67789,0.13391400911538542
58172,0.01709066008289459
71333,0.02461025833296035
69545,0.07010038841280812
61008,0.008958878026877365
57392,0.034928833398378184
28646,0.9952698474295236
70961,0.9989401569612396
52743,0.9952698474295236
37945,0.002948098260110368
27730,0.1063609616439974
17402,0.025396614094665454
30610,0.00048107690026587334
46746,0.11743065737131994
6591,0.8175874436324287
44541,0.06837992184569136
28831,0.8699161223165
69924,0.04711453212379566
21171,0.058079707180003624
52808,0.9989274805484546
10141,0.01833718591598572
42155,0.036260664049482166
34061,0.17525691321212963
45464,0.021756014804518838
9603,0.456496649565452
12920,0.21899652682497728
57870,0.875224628136046
3976,0.009062826125440628
57541,0.13087810472362332
33888,0.6286207714704097
22771,0.3710691059851998
60675,0.02542231915135698
23734,0.9984037703721885
17588,0.9952698474295236
67102,0.1675093789944899
9180,0.6183494049872643
37631,0.07878381570365924
30857,0.9952698474295236
71416,0.10626660616526715
42917,0.3224253697468458
73919,0.03824354324438524
9781,0.6287891022246092
16026,0.008957133378591959
53523,0.6970286783106457
66548,0.5887709620819629
1179,0.9989274805484546
9997,0.5654698440560304
38701,0.8080143464493762
53579,0.24877708872814006
43049,0.41959551434613646
64157,0.3507301998426788
28767,0.03985094598548242
74740,0.41959551434613646
9107,0.9952698474295236
61000,0.20623439299003019
56320,0.05368931820291961
68255,0.9952698474295236
26353,0.012293640957179117
34235,0.009879434252811393
73178,0.03131562706352565
64142,0.6349402142759671
5838,0.2076643514360248
17830,0.008131836743172357
47759,0.043704369346306005
53617,0.41959551434613646
7109,0.12400733206698485
77264,0.008131836743172357
68410,0.8080143464493762
33054,0.005573918758826928
24372,0.19545320067250765
50574,0.8080143464493762
23196,0.053835563710265544
62403,0.045431912242269605
12675,0.2323708712923758
58177,0.02422405858723717
24501,0.6415278174526062
55383,0.008674900894612552
17853,0.009180683876192551
41510,0.008955306862531915
69643,0.3796489653417159
29779,0.08281138979617947
11102,0.343621308204614
58907,0.04005981253195611
33291,0.270977012584612
52605,0.8080143464493762
3049,0.03404140670877807
68333,0.14716525968848979
49547,0.07437243538435385
44714,0.1130222089617211
69148,0.86666232953668
34842,0.9952698474295236
36815,0.010331219317069942
64468,0.07547484918844531
701,0.7774809022115634
72071,0.9952698474295236
29811,0.22037222094039843
77060,0.41959551434613646
50889,0.21447913768224006
34748,0.3507301998426788
26440,0.3912873069552811
31479,0.40326886095580666
2068,0.02149196149330684
40671,0.7149994401157299
9176,0.594118034927567
16013,0.0002799585018940233
72391,0.05437995639281451
64709,0.17339710919425755
42845,0.3296081256503404
17677,0.2764859018163824
55589,0.6893419681863485
59674,0.008533153778169515
53598,0.002849358140284128
22278,0.14858745072996718
5920,0.17923139351992803
65404,0.7771721496311947
56310,0.7158625411591071
35830,0.008622670086427765
17541,0.03895980786683674
77218,0.023016056737219983
40119,0.5321575987460173
70326,0.1550661953444792
54607,0.09303898937615161
36525,0.41959551434613646
23551,0.05576257673393678
2920,0.05576257673393678
74115,0.7798988685909828
44772,0.019129378671673056
70942,0.41959551434613646
52777,0.024672169010938345
21022,0.7694091205058721
41647,0.1275508290158165
35733,0.21510129533304861
57694,0.3638255608234943
36524,0.8080143464493762
17389,0.8785768024467979
22355,0.014858050250492805
77528,0.9952493856217891
18749,0.015624727547030776
20406,0.25333756741556424
30724,0.06446470561609602
10935,0.3507301998426788
70421,0.11381412188540188
30805,0.8080143464493762
23413,0.005751879107120747
70262,0.8099459853837839
68710,0.0060214472261128655
67438,0.025685263378806753
73114,0.0031626888079333048
9496,0.0005818313423220432
7594,0.305817505674029
18867,0.9952698474295236
60286,0.9952698474295236
25533,0.045345077016602876
51525,0.41959551434613646
42096,0.08777437692895264
78929,0.3507301998426788
56299,0.40048366941842084
42382,0.04005981253195611
54837,0.7287972880310671
75823,0.9941155102421152
63282,0.3296081256503404
73518,0.21277249296147865
64055,0.9952698474295236
46648,0.6010851443532637
738,0.22162190085999078
29474,0.011230973633142093
60659,0.007395463616812102
8834,0.278533776178271
74416,0.12393716993734828
77490,0.9952698474295236
36418,0.2241719547289115
78287,0.14283504950055415
27550,0.21382154661299405
65903,0.43379879117631054
34627,0.06693569604657366
45332,0.132734073495971
59684,0.9984173888241271
130,0.7860563659001865
24978,0.3000293416907141
61135,0.0032282287748259786
64968,0.43202120714168196
4790,0.26145728492029846
32399,0.7726424825774918
3195,0.16980308424496324
31017,0.06693569604657366
47199,0.9983017525280592
23325,0.1081715153672439
14397,0.613648353785103
30395,0.8255308706873936
13150,0.6895480673674358
61527,0.16980308424496324
36172,0.517402581669425
29395,0.9985297231562236
25601,0.5191225690998761
62326,0.6316212903254249
34422,0.00038453202744212565
37791,0.27622980197549907
32751,0.6704625304884086
9821,0.05713286740835964
33923,0.16980308424496324
59630,0.8865502652720663
9458,0.927244421924485
55439,0.16980308424496324
53630,0.3149655682298579
65556,0.010283063613192821
75188,0.003948608002967255
23730,0.0032282287748259786
1644,0.7929778942244939
16278,0.28360766499395806
62287,0.3314709570027392
62130,0.9964651646830657
35256,0.037397470692123916
69033,0.15829869679856978
24943,0.6925609725988705
56540,0.9983017525280592
62426,0.4579616305199672
36137,0.9984722160756564
67858,0.3912560349985823
18641,0.9984722160756564
30487,0.17610063569334336
27526,0.8921278976531838
78192,0.18959746059019283
41202,0.883365342707056
44776,0.3093715963044379
77839,0.7683536328585636
42927,0.8255308706873936
50802,0.7905958253886104
66320,0.8058328041631427
43096,0.803530028573324
24344,0.16980308424496324
51467,0.16980308424496324
45694,0.34847016326000924
75018,0.6895480673674358
7895,0.06693569604657366
40417,0.9985297231562236
11274,0.28101956992595384
74256,0.23956120984932983
14630,0.6677404404481128
10349,0.3347935234432279
48989,0.06693569604657366
78270,0.8076605839180553
33520,0.0009891857906231167
10274,0.32526233477429517
67941,0.9985297231562236
77832,0.1086807275124444
12836,0.0032282287748259786
65228,0.10770257328886548
77135,0.016181438570183258
34855,0.7562163373261928
70459,0.9980250005761067
11845,0.2953098105038626
51955,0.7717421465701924
56211,0.32682806645868306
46116,0.3716091681706939
73020,0.0032282287748259786
12865,0.04398111339166235
54819,0.27622980197549907
77078,0.18415366010418385
61218,0.017227471973448365
35598,0.03463443533158509
14719,0.6817310663671076
48721,0.2290542458123404
68652,0.16980308424496324
44221,0.3202648748229444
38080,0.0032282287748259786
15785,0.6704625304884086
26521,0.18013941036396947
69122,0.042270115724912675
59955,0.3454114523477799
19674,0.009740427708950622
22344,0.9984722160756564
49692,0.009740427708950622
76112,0.11242868945602923
73434,0.35363419844243305
8753,0.048877224331725054
48952,0.003948608002967255
30658,0.3966074083663777
55417,0.09934217587732899
79005,0.6500425577552584
75831,0.011732088081192943
75527,0.3966074083663777
33557,0.30354619223621115
28358,0.005327733823417295
11124,0.8699248562494907
19930,0.46047280184167666
55263,0.7193118905440306
7161,0.05041367907096488
47952,0.3431919313423923
46000,0.6995112663009475
44401,0.2766212090361549
18884,0.15858717315621038
36181,0.0032282287748259786
10109,0.07202327558560306
15637,0.6048360073719437
32744,0.8511651995447204
48233,0.19606722871873217
39138,0.0032282287748259786
17423,0.9982772046686962
24316,0.6654525989479858
67270,0.9985297231562236
50303,0.7809286802635831
58074,0.8611366240440279
56832,0.018817417488824005
12198,0.0032282287748259786
8735,0.08236963111575535
48839,0.8058328041631427
47970,0.018817417488824005
54314,0.613648353785103
13369,0.8255308706873936
26721,0.3234374748233486
75568,0.0011933746983536064
3292,0.802166237127299
17339,0.3687858059796106
18080,0.6551885361678331
34721,0.15585958359921062
48087,0.23173019931087216
10873,0.16980308424496324
58189,0.3866614305764248
76245,0.28818599727428157
17427,0.16980308424496324
73268,0.5838794099721601
66261,0.45766248379150504
1784,0.7995192186519254
48243,0.7043104010328861
36231,0.06806159612850761
50529,0.18374765109248353
61110,0.3130210825962516
48466,0.7730902939025716
31796,0.4114427345920761
5463,0.21437746996204113
68745,0.9983017525280592
78544,0.11637533800129697
67004,0.08730401732404379
65952,0.6132343069886563
68756,0.9190682263361689
15874,0.2956892969760815
71838,0.16249060197983037
8968,0.1596530623274786
77345,0.3617079852416497
24658,0.011123982415430613
17413,0.3167351114444124
66433,0.3572212911986237
14013,0.2579715095984515
50711,0.3502838901221714
68013,0.1975814133934938
23909,0.20338464715066357
26142,0.3830738092885958
29191,0.015299734058819167
41096,0.5714803523416678
3450,0.8002142189709281
10052,0.36368831907533933
49193,0.4419627844013471
72031,0.20179239623534875
16226,0.05326685160559983
55724,0.031374347071491206
68151,0.3617079852416497
7142,0.1583390323131235
20911,0.45036270148313123
31067,0.7367040807075645
42136,0.044354015028773223
25029,0.3729855368651291
53080,0.6431171612253936
53107,0.23149157241927773
41233,0.06928193067781116
20344,0.07789869351417737
41539,0.24190633726078356
62186,0.1596530623274786
76599,0.3617079852416497
68979,0.021556294649426808
21706,0.20088856790116363
64704,0.884823081194247
67985,0.2692384248467889
60583,0.18328654608715017
40822,0.1583390323131235
67023,0.026285703982607225
53122,0.6587917085508125
31088,0.706588531439499
19159,0.059914714189914516
76991,0.3775955461868011
62409,0.6431171612253936
664,0.05937180856579071
2119,0.3617079852416497
14072,0.2905410981486367
1131,0.7924762749122607
63220,0.2725927418778029
60309,0.03524629505650992
22234,0.03137673883743969
5398,0.33259582217381195
32047,0.09006125742558778
24669,0.814591910311104
27572,0.6180737918830167
22004,0.3194418597844424
77616,0.3775955461868011
44259,0.7853336637714097
5621,0.059914714189914516
31953,0.40237560463816224
71354,0.28386655107983433
15065,0.8207188015766075
1239,0.306355819496837
6660,0.4555694016845921
59758,0.29317194620749887
6110,0.8183706869989529
71204,0.059914714189914516
55216,0.30357649971156153
15584,0.059914714189914516
38893,0.08918558623456653
70774,0.9018080762431488
48323,0.9190682263361689
58169,0.13226717898031085
61672,0.08813580082862114
67558,0.2533468500863912
6662,0.5201286199084239
6968,0.4040535900664851
39428,0.45176812512943804
18281,0.7858304729347779
50512,0.7853336637714097
50702,0.1851626591634925
12304,0.2956892969760815
15304,0.2890177702041945
22033,0.015325486183365515
70845,0.44971879353273037
27950,0.019273781355913695
39236,0.0004525851203278298
41099,0.3779381635416086
47453,0.9190682263361689
32629,0.22591323083948775
63961,0.21781312728069152
15325,0.9190682263361689
21388,0.473975570388868
58921,0.6812084916335684
10961,0.35933465835803696
30012,0.27991086852646313
73289,0.8564653303535256
2065,0.7405621120274611
63555,0.8517550218357627
24513,0.2872715926737755
68679,0.3248372677161253
42950,0.3248372677161253
77460,0.7924762749122607
52190,0.80501879508502
51713,0.10095867052589136
62127,0.049352018555213185
57354,0.998806086889753
63561,0.3660072744475824
24120,0.8775446718739163
2803,0.7703840965285413
75987,0.9988241070352537
9146,0.2137524881939101
14879,0.17146390234464184
47729,0.6886711402001396
25907,0.7703840965285413
68281,0.1834361836408805
42370,0.7041052038754816
68999,0.7849622382692641
21237,0.44655981068169426
15016,0.3288117811574668
73372,0.01346802770487014
41517,0.7056082656862325
33701,0.13803595702824623
79234,0.11454073946349094
14334,0.12308077280962808
20172,0.23406663392175295
30285,0.28363683850030025
23217,0.7067242207038272
78805,0.7956926805560189
61573,0.7198289683131309
32407,0.3597925099983957
55209,0.7217511775620069
37556,0.15613185996953183
52343,0.8099141374001505
64855,0.14443867676687908
2077,0.2248954461093796
43795,0.3849529088358153
25667,0.17809153228589678
22821,0.5728372377589084
2675,0.17072689647304673
67582,0.007000993284154631
21384,0.2046882742135108
27191,0.998806086889753
14835,0.3241437854832978
59,0.9987933432080193
33242,0.3223981538538924
28208,0.998806086889753
48504,0.1440590827841762
71019,0.6162491685689014
30130,0.7301869201567677
21748,0.9992450828831259
39045,0.998806086889753
65232,0.10153970180230837
12560,0.14544766737956494
49213,0.8276989026290417
77564,0.2144049091401969
1294,0.0003586361696503703
37665,0.6847180815461699
74884,0.6162491685689014
70633,0.3350960512049613
7122,0.4398149174619883
5167,0.7669942809184886
48071,0.20823912098133612
33051,0.2230684081279265
25334,0.4077964710794641
45167,0.22023530745468847
15495,0.15248807308146364
58901,0.998806086889753
61041,0.07948791000265314
66770,0.018984538231873026
33088,0.998806086889753
78926,0.04664370849400135
5251,0.5299624311002746
38293,0.7454167091986432
17045,0.998806086889753
60986,0.13221520301582268
16012,0.25843991451318754
41354,0.24789074736125583
11331,0.020655148034905743
64321,0.27808564465859964
32574,0.998806086889753
26235,0.998806086889753
30274,0.03482381621516977
77157,0.06142192884553828
49337,0.5193519823724088
39492,0.30580859788715103
45112,0.7703840965285413
77956,0.019864836768015027
58731,0.0851365157263709
37694,0.6969358733629147
14324,0.44380685103650097
9048,0.012820260823099396
74382,0.7653471739364909
61684,0.998806086889753
44942,0.46371657259385257
2954,0.998806086889753
1608,0.34353578462108697
54392,0.4530904387030193
77076,0.998806086889753
61590,0.998806086889753
16286,0.7220468397955838
8292,0.9988115554694729
61103,0.7703840965285413
77664,0.06142192884553828
37205,0.9229359378502503
21054,0.009983654774891602
27042,0.2780947619603087
69105,0.7483827741194935
23119,0.18389568668840472
8130,0.998806086889753
54460,0.9985511952284715
16149,0.2565243549009924
864,0.04816562566095469
24799,0.998806086889753
42531,0.9987933432080193
46455,0.11571335293279149
10474,0.998806086889753
22517,0.29465399133533254
55091,0.11498979445560785
2822,0.7151598498878041
18406,0.10741477422836822
2165,0.06360870686845027
5281,0.23892017072151667
18941,0.8232622282883476
28184,0.998806086889753
39858,0.9308793451630107
19729,0.14855157149348114
76333,0.16068064071426635
68637,0.27889254493750487
70631,0.07109333289438145
68124,0.3628493392407336
74111,0.02058084767815176
42838,0.40832242166901334
36735,0.35146100384732487
71375,0.18125270856421308
49030,0.005354619694982132
64481,0.009751104368244565
39910,0.5303106462601126
4984,0.04699250160543166
32978,0.01743072292743498
16140,0.3299249065920684
28331,0.22296603405100326
64483,0.017374405643897573
59811,0.8127186028691825
68249,0.015106155772973142
1562,0.6686488105590206
41754,0.40832242166901334
22881,0.32022009441398647
70948,0.045104855138216764
63945,0.0738169945265365
78408,0.18868347285716908
26762,0.7868514642589842
25278,0.485640709243839
77781,0.14298654286670934
53010,0.6735938011619542
5951,0.1645633590466666
13386,0.09827200579923036
41731,0.15820209361262771
75796,0.03164729948848606
3971,0.007874975435778997
63328,0.7621301744944889
59431,0.03223211199944116
72398,0.6283956650795841
13602,0.08348080303236982
54919,0.16818157668688477
37079,0.12793845295351913
2590,0.04785158125113008
50156,0.4916482143346315
40463,0.4031934663307585
42968,0.6561283463229383
76916,0.03966525620394785
4722,0.23123394360426472
16067,0.005453521548253673
65995,0.3299249065920684
68802,0.10532301680102596
2556,0.6449800728155034
44558,0.1850558581692803
28806,0.008567260577430324
72887,0.02289906467569128
78986,0.010055916149473487
58229,0.3299474639683563
73144,0.004585304749009948
72338,0.8471886377682248
15490,0.3677508669674584
77254,0.7269596918183555
44139,0.03155063972873399
64513,0.7868514642589842
26672,0.6735938011619542
9370,0.05405241263702575
24126,0.19904128042390876
19862,0.1956445042477775
1011,0.015055876065785253
43615,0.015205182990470984
48709,0.020567437260617844
5364,0.908651791780196
1506,0.34557766250178296
42735,0.037385837456406466
22696,0.03549123635621983
38234,0.6701632762613736
19284,0.019732580240708408
40566,0.10079853782980669
56551,0.005584354316065053
34112,0.10173914114557929
49080,0.010967057992217295
24936,0.5433606783583939
33543,0.02735233720549507
7408,0.048394361094204856
17014,0.05412911665549247
14861,0.13300935068566155
3087,0.14753736822788668
78996,0.008599762473870969
30341,0.19361348482196392
32487,0.43440075798838995
59396,0.12721443899732437
10247,0.010055916149473487
60361,0.05457923706963207
65283,0.029737018524104254
78895,0.06775674293535854
17749,0.022175480837700785
40712,0.014106854458800408
57115,0.4031934663307585
58621,0.010371003266197056
56796,0.130751982832052
31829,0.04455752018566199
21149,0.05288616008442615
71533,0.16953705014911655
8390,0.06339003970108716
37740,0.7826871668305724
20100,0.006192648639874243
28185,0.020317059456935814
40383,0.6698780042462785
59999,0.39394907422536385
23089,0.0063024489857045705
23660,0.2586189348028843
50527,0.053840450755021134
31148,0.049094234171030954
50776,0.21743239939068182
50389,0.7143731355055157
21537,0.7269907150465479
22103,0.6797261602989696
78614,0.03093214509655819
35163,0.3299249065920684
61341,0.006539320990489541
24884,0.11315538543676922
5770,0.027959396870713686
20548,0.07523621806709006
18947,0.9986966744459547
49058,0.9953051403931545
22069,0.9986718360859983
26256,0.9986718360859983
40541,0.9986966744459547
6614,0.9986718360859983
52238,0.15205195864042556
66490,0.016536072935535443
8084,0.027686282941085827
501,0.027686282941085827
2336,0.06713130300843587
70473,0.9986718360859983
66488,0.9986718360859983
16653,0.004824420681238095
519,0.9986966744459547
32152,0.9986718360859983
7160,0.9989695833393804
68213,0.9986966744459547
53969,0.9986966744459547
6361,0.6668679179378019
26584,0.9986718360859983
56142,0.5192956036599898
31281,0.7977571322996383
6655,0.9986767604749408
50090,0.7569855758210352
45453,0.32681233679478705
17374,0.06088439029343967
59614,0.6935600518985742
57278,0.07184332636361712
59479,0.9986718360859983
4966,0.8443257511387746
37118,0.9990803908836702
10047,0.9986718360859983
52272,0.9986966744459547
11227,0.03346614213925708
64058,0.9988729925716319
70054,0.5975480757288308
6219,0.9986966744459547
25237,0.9986966744459547
71234,0.9986718360859983
55500,0.9986966744459547
71015,0.26921756114932893
52197,0.11690993664802508
27567,0.9986966744459547
79228,0.6844728957549988
15635,0.10717524718424948
62899,0.007709950186876246
74052,0.9986718360859983
42279,0.9986966744459547
1770,0.9986718360859983
26284,0.9986966744459547
36477,0.999058038702072
51941,0.9986718360859983
32747,0.9986966744459547
55832,0.9986718360859983
77606,0.9986718360859983
23815,0.9986718360859983
52715,0.014003911292013732
49283,0.9986966744459547
27836,0.6598257115209105
61065,0.9986718360859983
21303,0.9986966744459547
31424,0.9986718360859983
75763,0.7009599739013849
21967,0.9986966744459547
9816,0.029165273438651967
13787,0.9986718360859983
34594,0.15322991472887584
60522,0.9986718360859983
36673,0.747639076777901
71642,0.9986718360859983
15649,0.9986966744459547
65697,0.9977560854403537
56791,0.9986966744459547
29179,0.20254721713092733
22062,0.9986966744459547
22151,0.9986966744459547
65229,0.7074402416454053
69546,0.21808709650927274
79159,0.2331314351405479
34985,0.9985950886089823
39098,0.8301986963739125
28369,0.9986718360859983
63970,0.11449688887692511
75363,0.9986966744459547
33167,0.04896596213296216
69729,0.9989695833393804
27372,0.9986966744459547
29975,0.004888321777912814
20456,0.7154249599573563
72641,0.9985684524974416
10307,0.9986718360859983
12944,0.8549048251663349
24724,0.9986966744459547
14878,0.9989695833393804
58261,0.32464051149612155
69045,0.024423052596822658
71286,0.9986718360859983
77049,0.9986966744459547
46340,0.6899279829152312
27800,0.9989695833393804
58529,0.9989695833393804
64601,0.1926836296035918
49528,0.18414511373697937
75352,0.9986966744459547
48198,0.9986966744459547
20427,0.9986966744459547
65500,0.9989307132089711
35086,0.9988729925716319
57880,0.9986966744459547
32781,0.9986718360859983
9908,0.19453305201091334
48416,0.9986966744459547
367,0.01362969797598748
56960,0.9986966744459547
18911,0.21808709650927274
8670,0.08027809840265966
52358,0.9986718360859983
51043,0.853152093206357
63784,0.9985890968536953
64176,0.010270321931707783
62073,0.9977834128460187
38735,0.9992327517906685
23058,0.9985485427383382
61249,0.9986718360859983
20999,0.12832600669639854
45898,0.004685022735146512
23534,0.9986966744459547
73751,0.9985950886089823
2666,0.9986966744459547
62462,0.9986966744459547
6034,0.9986718360859983
16926,0.21607306638103685
63546,0.6480272015203002
53975,0.7723706387149394
24231,0.025730664574243254
31254,0.9986966744459547
30695,0.24217893251433606
49607,0.11465308292643848
39727,0.18257472007448441
65701,0.9986718360859983
61197,0.004831626298244811
55893,0.2219235419339603
76569,0.029164575386235563
8304,0.9986966744459547
46628,0.9985950886089823
64166,0.9986718360859983
67295,0.9986966744459547
71464,0.9992447279780632
57444,0.9989695833393804
74411,0.9986718360859983
77873,0.0037057736921664204
16121,0.9989695833393804
10664,0.9986718360859983
43725,0.012559893817679873
58178,0.17367092533148026
4788,0.13129385688013084
59052,0.9986718360859983
26926,0.07782417360907924
68109,0.9986966744459547
4475,0.9986966744459547
8262,0.9986718360859983
43492,0.02221332068969892
12280,0.9986718360859983
61275,0.9986966744459547
41535,0.23527024500989469
33702,0.9989695833393804
4356,0.04882317005353334
75163,0.9986966744459547
28888,0.8219624229850468
54958,0.9986966744459547
46430,0.6949354230513856
24284,0.43623039710150663
77471,0.9985950886089823
43153,0.8301986963739125
52093,0.9191278824300514
77258,0.6084601448860243
77165,0.9989053722243315
16239,0.9986718360859983
74362,0.3200511086651803
15555,0.9986718360859983
11067,0.9986718360859983
8263,0.05178854545802797
66341,0.9986966744459547
21860,0.7977571322996383
27281,0.030076064621516498
22381,0.9989695833393804
6473,0.856937027023698
75029,0.9974443406958228
52332,0.9986966744459547
17337,0.9986966744459547
12908,0.9986154803977159
52500,0.9977560854403537
57073,0.9986718360859983
5001,0.7977571322996383
69387,0.0002744887964509979
74262,0.20352611368492238
42501,0.7977571322996383
27274,0.9986767604749408
26863,0.9985950886089823
45960,0.05626297264696667
77503,0.025553104040457807
14991,0.9986718360859983
9040,0.9986718360859983
35179,0.4007998777596984
16209,0.029164575386235563
75505,0.005080352515268749
11171,0.9986718360859983
65383,0.9989734049155997
17459,0.05074785391898672
28843,0.9986718360859983
50925,0.7368091277623648
62198,0.9986718360859983
59332,0.9986718360859983
54338,0.9986966744459547
8367,0.6014949147201892
44159,0.6351529017487958
25910,0.9989734049155997
75567,0.4986085499209695
3937,0.16533576287393276
10177,0.9986966744459547
8044,0.25192977175540604
55492,0.9986718360859983
49457,0.9985950886089823
12704,0.9986718360859983
70578,0.027686282941085827
61744,0.9989695833393804
40534,0.9986966744459547
45589,0.11548198175072107
76995,0.16188527509423176
33960,0.878695074258125
58195,0.9985950886089823
59185,0.004286757201327596
40659,0.9985485427383382
28571,0.9985950886089823
52159,0.9986966744459547
43774,0.7889228342124318
17336,0.21703980938646725
32077,0.5190478734318792
48403,0.9989695833393804
45077,0.9986966744459547
33237,0.9989695833393804
13013,0.03911251078686533
43189,0.36252961552536933
26559,0.9986966744459547
22484,0.19678922013987082
15847,0.9986718360859983
4258,0.04753789701219612
29313,0.9986966744459547
49770,0.9986718360859983
5055,0.9986718360859983
22290,0.9984900951163677
14282,0.005355364439330317
77991,0.9986718360859983
19645,0.7977571322996383
18372,0.7999554338605553
32549,0.7932126973465313
77917,0.21434872007168945
8759,0.43762106110783267
56417,0.01351723941178436
23708,0.13697999025333438
23396,0.01589209967997045
75880,0.9989274805484546
58466,0.20104308240137322
8700,0.3360917183573078
72918,0.9989274805484546
29534,0.7601686589206309
38287,0.4451022109355976
44362,0.04018300901085589
3527,0.7686722983530573
79244,0.7751013982255868
10028,0.3933119141726551
17246,0.11639632322643811
14619,0.05519752558353297
77262,0.0009067592762721665
42003,0.3623319149615696
10783,0.1522233496276675
58327,0.21616694193720823
17168,0.0921789665906051
2597,0.9989274805484546
20873,0.23984149299339005
34811,0.9989274805484546
77913,0.3560770894805153
8725,0.17433643295474235
52186,0.2450276942257986
33369,0.7719182476375699
58210,0.07407490964665485
56579,0.020984494076692787
7505,0.10073155770160211
10427,0.008676894028831072
67213,0.3443600552493341
56334,0.16361483683595368
20450,0.009190027522921678
14320,0.7830579949291516
10385,0.031440024533559326
185,0.007139632087852172
4353,0.08725938857734916
78200,0.7343032460430514
23529,0.6594373120971073
22449,0.20082458597345104
46862,0.005918509329483295
68874,0.8760581438937858
24195,0.9975982274685008
15155,0.17105774529929643
5841,0.8408137060337807
6564,0.9989274805484546
77619,0.3242832195182691
76206,0.7279526430335598
36154,0.050852195867557015
76683,0.005113933836490136
76932,0.7208395725098768
60063,0.014535870880322018
23439,0.9978159318885691
58601,0.9989274805484546
14709,0.5678452990326367
5386,0.25958166181154246
10833,0.06187105884098027
61725,0.5947492040876616
62002,0.9975651509546624
63428,0.72781908474846
38786,0.14837259133166184
20944,0.7830579949291516
18670,0.7847435606923135
41299,0.0049537508553612235
6474,0.2570323144903891
25913,0.9989274805484546
13691,0.5259123002180742
66009,0.02574096381475029
4682,0.8027456102987742
60263,0.7078819724522156
45679,0.5049691691668404
34890,0.7687512687688758
77627,0.017026761517198955
68241,0.29166753232135945
10120,0.25612109248570275
20512,0.20082458597345104
44589,0.062444202297616797
1529,0.7847435606923135
15820,0.15272789669610848
24957,0.7556405209311785
3774,0.23979428055021762
29697,0.22277063388416932
35659,0.09057329943157262
38136,0.23984149299339005
37623,0.3053967221039327
59920,0.012463517095877856
14736,0.0002438712035620428
66814,0.005229041086448056
67189,0.007097709849659172
12938,0.00698067209487714
60858,0.030184978444463984
62104,0.0021738832863285183
31140,0.8656206527657738
27327,0.03740771708460677
33953,0.1646310887395179
73193,0.7847435606923135
3007,0.005907671646754475
53150,0.8022783407851353
6567,0.2764859018163824
43875,0.00036280651082070374
73081,0.006821628022204535
11481,0.6623022088135146
74310,0.31310892950058566
3045,0.002537256566977344
65962,0.2361159045339349
14752,0.029748248283895384
51164,0.12053077232900142
14179,0.023915130299123236
21653,0.12919014793298333
29955,0.09138911350514835
38131,0.7730025319365632
5317,0.2417003342375919
44105,0.2904706523144166
53517,0.02648203756088227
69578,0.02595284607778888
35195,0.20580326862252465
16491,0.05456103590374275
68929,0.011351093427347901
4112,0.0038783433869133467
31669,0.19787325662455807
69150,0.8022783407851353
60559,0.013994544599106503
4800,0.3687451939034432
30277,0.08061518167764836
43889,0.0038783433869133467
36680,0.5090873519128245
78808,0.7552914769772794
78197,0.031005392905977244
74532,0.8233175492710624
9880,0.004584494001014351
68850,0.7341299589904492
78716,0.22029909710421913
40431,0.015629240832928458
32647,0.0018988748630249777
9306,0.33598398992784295
53178,0.7711168446579769
45987,0.08478016742380842
58814,0.38451992667829044
27570,0.44219763927550443
1437,0.0005913876822340665
16313,0.26224873251351316
30499,0.19893980477184814
23454,0.0038783433869133467
17660,0.027057621448076972
32807,0.004494948596747847
49863,0.00866970110946319
56378,0.011281628536372608
9902,0.7100288133610216
51285,0.15374964076128106
35887,0.03336162262412829
36623,0.7908125612191211
26039,0.3885398633926705
78398,0.7552914769772794
27485,0.0024634044981789124
64772,0.012681795190868279
28893,0.763070726123416
18067,0.5036844607106559
26297,0.04542038743268354
20552,0.005498155832887361
41599,0.0032559300922672565
4133,0.00970423710718202
55920,0.04396162730970579
60973,0.5217150855516266
63911,0.7847435606923135
5316,0.055452906213335075
54611,0.1523541153606766
12421,0.743231096765844
32665,0.7837755651803465
45490,0.21110198251856754
77573,0.41683444480468673
23564,0.00023176556812683005
59887,0.23387947863100575
46026,0.25294580483121054
39239,0.7837755651803465
77102,0.12695414202968028
15783,0.07997464054272027
26220,0.1427941121873225
18180,0.0032559300922672565
6835,0.000554149610616564
71256,0.009282697486541189
30717,0.0038783433869133467
17442,0.12103499670071455
40456,0.8022783407851353
7700,0.7610687957167637
30474,0.16410331047299956
26544,0.1852622425266911
35320,0.016283352997520484
4523,0.8366600643017913
60136,0.019262002061612913
16830,0.8993174893098888
34170,0.14146082927308926
58066,0.0062306800050632265
53953,0.699906812642029
66894,0.1280144517279658
21008,0.004054487601354084
50647,0.0598672424275673
10468,0.40233253182869894
69494,0.3747303629070018
51313,0.8022783407851353
24997,0.7701367252956776
16247,0.20507149750685488
16669,0.02369334855897564
32420,0.2951277183872827
33767,0.2274865228525376
35651,0.4821512889122521
63868,0.8156811766223752
70733,0.6667028708244951
65268,0.7570860823154957
56307,0.999144567763619
67130,0.2785126640391645
40130,0.7252737353498568
7170,0.14905906169431715
63767,0.233765571723282
28411,0.4387001447641011
17385,0.5261628480554079
29946,0.2820147302940428
27822,0.25998948182644166
37050,0.00380152286576669
78075,0.23429464490965832
49455,0.8789561595957214
19492,0.6152614357614272
23915,0.20779879261144812
23425,0.1720245364490369
9749,0.1915558473082071
27968,0.8615485194454339
52814,0.8140961586465236
17810,0.09642210661489029
41121,0.7362677950880929
2380,0.0878526169849323
40169,0.01154031363963118
17546,0.1915558473082071
112,0.3167344417071449
62997,0.999144567763619
24727,0.43500313509760224
67787,0.2545996655319138
66756,0.5806055559653271
9389,0.617737083081381
28894,0.7401597610018983
7394,0.1895928135420389
34143,0.4425709824772869
39243,0.04144030504667173
71413,0.664038739927963
56333,0.00405993043005278
5703,0.7266518820677631
23405,0.010059640210890411
27384,0.3558453996714775
65908,0.09873175373526334
56106,0.3585707106239488
47420,0.7469211191199993
4943,0.005716521349918263
6260,0.3119339814279606
56752,0.1915558473082071
69971,0.5213213916127672
50698,0.18562177497976748
5943,0.999144567763619
39245,0.010966541698244205
29655,0.16560305263505684
74650,0.13249356856317038
59487,0.1462993058526522
17033,0.3813648378089943
69602,0.24368579256422437
52928,0.7220729187155698
47388,0.5434703609171123
55373,0.004036290506100765
10432,0.21708801735187508
60302,0.1357132109991205
23796,0.09873175373526334
3685,0.999144567763619
59785,0.7570860823154957
32295,0.4545001156759749
35250,0.27740985387198225
50255,0.020158226609129373
18243,0.9987766287501628
35417,0.10297457243855887
7533,0.3585707106239488
15235,0.3366023970783265
23704,0.1315010074465762
51409,0.24368579256422437
34371,0.14388134565580848
48470,0.25072388370972926
14373,0.7916987200319127
52628,0.17585688289106738
72478,0.734557145358857
15330,0.2606899833362051
69489,0.1531344812024836
9462,0.2625842450940955
73766,0.639471767220523
9841,0.006889777710686019
7465,0.22280311946332398
56956,0.9570064270201812
22206,0.2544385701159191
52453,0.7703333534656818
35140,0.004071945279291041
71637,0.999144567763619
21160,0.999144567763619
15931,0.7220729187155698
44846,0.41340330872923076
34593,0.10095716903487302
62986,0.20779879261144812
62799,0.5824554861752859
19797,0.00593624924333511
3852,0.7231608521135424
64890,0.2678969530954068
28515,0.18336360375611202
16747,0.999144567763619
77994,0.7032699758240031
30983,0.8833784189051725
22427,0.11474914338562257
26733,0.8098932465104559
43201,0.1775168366789915
60841,0.22716573055379463
43086,0.941112494021253
36376,0.023268798775753545
15590,0.26680770320689007
64410,0.8795229564057659
74909,0.05196641776683987
38922,0.8615485194454339
1321,0.3645281396504896
78343,0.42967411452990406
43337,0.5706203266526503
54533,0.7933224185548636
55333,0.8140961586465236
40079,0.22494345749407432
18331,0.999144567763619
68564,0.20349753214010127
49608,0.9986072229609976
8487,0.0410753023119306
66088,0.019293677543777622
20861,0.7214450473190239
62295,0.4004478177442343
54487,0.9986149724371622
35572,0.2483079019426374
17431,0.9986149724371622
52222,0.24188689590636894
95,0.9989689032238943
24010,0.9986149724371622
68065,0.13416032071548897
33683,0.9986149724371622
67259,0.8585785954740213
77803,0.7672220909885765
45057,0.12091836573068819
35381,0.9988130082660461
14394,0.25040514101663175
595,0.9985424610456956
10634,0.9986149724371622
76757,0.9989689032238943
40642,0.9955222578100279
39980,0.9986149724371622
66747,0.9988130082660461
70436,0.23748234462655116
45102,0.2839347463791935
72376,0.8585785954740213
59020,0.8585785954740213
19164,0.9986149724371622
62245,0.9988991135148522
70038,0.9988130082660461
42890,0.27806461205354943
4902,0.9988991135148522
18384,0.21222050341231594
41522,0.9988840698260466
21530,0.8086357866050081
21953,0.9986149724371622
38350,0.9986149724371622
40879,0.9988991135148522
64335,0.006849109805750769
73828,0.007093420312966928
31510,0.9986149724371622
69930,0.9989689032238943
51844,0.2028813333783555
44346,0.9986298804366499
76549,0.3291169082224555
17311,0.9988130082660461
28751,0.9986149724371622
53244,0.16445235676828918
45512,0.9989689032238943
43099,0.18448505085995331
14003,0.9984282971158622
30400,0.9986885877556763
55044,0.5506394693517002
42801,0.9988991135148522
67053,0.9985793733084232
13622,0.9986149724371622
17717,0.5823150031833091
41993,0.9988387648472447
5150,0.9986149724371622
15116,0.8631016110597051
43291,0.2929541942182841
19073,0.11301456107657373
212,0.9989689032238943
77468,0.8630804549735207
74653,0.9989900177422018
38806,0.25557836251741606
41292,0.9988130082660461
13066,0.9988991135148522
62970,0.3682054166897915
20240,0.9986149724371622
45074,0.9986149724371622
44859,0.9986149724371622
16008,0.9986579278761248
59226,0.9989689032238943
59233,0.17405432896115824
24893,0.381906950867012
59268,0.9989689032238943
68718,0.9988130082660461
27427,0.9988882081990696
74550,0.998756731318686
70493,0.9986149724371622
44110,0.9989689032238943
78340,0.998309072004809
8251,0.23513523761390476
5363,0.05337793605973892
62498,0.19386442943904342
66862,0.9983788387974125
6386,0.9985457841025953
68532,0.9988130082660461
15170,0.9988991135148522
73466,0.9986149724371622
76751,0.8908362569570152
33845,0.9988991135148522
13247,0.9990340701156992
18319,0.2604173633050041
76652,0.9981854120168856
28306,0.9988991135148522
29033,0.04642582399603318
77396,0.9024190369916705
77521,0.9989689032238943
72588,0.7932713281040327
66405,0.1875159519379702
77768,0.9986149724371622
54463,0.8585785954740213
988,0.22628501205916238
56968,0.16369629472193364
18410,0.014897821750753446
25177,0.8585785954740213
63124,0.22058187089770484
21696,0.1873026138854193
36896,0.8723466103241928
77358,0.9986149724371622
40450,0.9986960609335845
9281,0.9989689032238943
32310,0.9986960609335845
30633,0.2027173629525741
65159,0.9988991135148522
2929,0.9988991135148522
30413,0.9988130082660461
30359,0.8349715663473924
1909,0.05192306221727406
30933,0.5894181800717873
58575,0.9988130082660461
20530,0.9974783937036025
61332,0.7091654033306267
34362,0.8237324421837421
4384,0.9988991135148522
17085,0.16714474891661005
7444,0.33185147295293815
55598,0.23459956933081602
70390,0.9988991135148522
11886,0.7151117932700551
47346,0.9986149724371622
64007,0.765592619117291
14307,0.39775161684655097
61340,0.41493218711553387
26999,0.9986219742433897
52269,0.9989206057041082
53495,0.24802898144118243
79326,0.9986149724371622
52237,0.9432853716973256
58800,0.9986149724371622
67980,0.9989689032238943
21659,0.9986149724371622
48172,0.25046130285622664
72345,0.21082961709324524
70273,0.9988174672142949
37815,0.2183531388314126
37691,0.9988991135148522
37356,0.695011520798256
42865,0.9986149724371622
43635,0.9988991135148522
39493,0.9986149724371622
8699,0.2887292804871479
19360,0.8585785954740213
17409,0.15483953859485614
35576,0.821392089714313
30417,0.9988991135148522
20725,0.1457376649298732
12271,0.9988991135148522
8497,0.9990340701156992
34470,0.5480367303514959
46534,0.8585785954740213
18478,0.3002859742869583
78364,0.8133307543129614
31787,0.6926039476168679
37851,0.9988130082660461
512,0.9986149724371622
71690,0.8260124101582192
70864,0.9988991135148522
3334,0.9989206057041082
67801,0.9989689032238943
24790,0.9986149724371622
56587,0.9991179885358643
25445,0.9988991135148522
39619,0.9982160428169281
51501,0.9991754272804717
54813,0.9986149724371622
4545,0.15404661567024838
57521,0.5558847546956313
43611,0.3362717119395264
59146,0.12311393858476262
6941,0.9988991135148522
74282,0.9988991135148522
7223,0.9988991135148522
62152,0.9986149724371622
59548,0.6550677218126173
65286,0.9988991135148522
51543,0.9988130082660461
21882,0.779557912876717
65842,0.15352894033763437
78956,0.8897255984774288
65297,0.18115679613293453
5379,0.999192856354198
15583,0.5127521782042539
8574,0.0005834519491292677
25512,0.9988991135148522
8368,0.999074981555858
28433,0.9989689032238943
24941,0.9986149724371622
66199,0.9986149724371622
50514,0.9988991135148522
35765,0.24280970111107222
28982,0.9988991135148522
66064,0.9989689032238943
8632,0.2357914112844661
28703,0.06456465169068752
49582,0.9989689032238943
24065,0.9988130082660461
53534,0.9986149724371622
34765,0.7582542773407348
29012,0.9988991135148522
54034,0.9995001568547803
37551,0.18115679613293453
34053,0.16798699146138055
17611,0.9986149724371622
35573,0.16445235676828918
67687,0.29885710449421976
55343,0.16445235676828918
73703,0.8120199180338579
54236,0.9986149724371622
904,0.9988991135148522
41092,0.39787685844161186
49151,0.9990435707038396
62060,0.39787685844161186
63177,0.8242463380730912
15415,0.16446490307891604
49238,0.018645824691912727
77940,0.5621185051038953
18643,0.3103725321583345
35848,0.1754446891872488
6390,0.9989689032238943
24551,0.9987115450662677
52169,0.006296489780478874
75266,0.767661799155028
37757,0.16154000457259224
50806,0.9988991135148522
1533,0.8677581110692302
35060,0.9986149724371622
15658,0.9988991135148522
9450,0.20579685441970708
23022,0.9988991135148522
41231,0.1455531777532406
41402,0.43661618076703385
24576,0.9988130082660461
48240,0.9988130082660461
67798,0.5480367303514959
18367,0.9988840698260466
42638,0.8242463380730912
3686,0.853147044402638
42186,0.9988991135148522
11203,0.9988991135148522
13422,0.3050201489849409
56079,0.9986149724371622
47959,0.15284066557976034
27300,0.3362717119395264
11565,0.9989689032238943
33522,0.9986149724371622
31645,0.008904395789065251
40752,0.9986149724371622
76809,0.9988991135148522
71061,0.11261268150415908
53295,0.9988991135148522
74261,0.17973683492164574
70559,0.2714025695739145
19728,0.9988991135148522
41577,0.8257005251031186
34838,0.9988991135148522
30195,0.4319107792828384
73196,0.9988991135148522
59697,0.9986149724371622
60896,0.9988991135148522
25655,0.9986149724371622
63909,0.024582978074466834
11342,0.9988991135148522
2176,0.9983788387974125
8817,0.18257105307012744
37852,0.2442167391105833
61178,0.3686471128094123
53258,0.9988991135148522
40800,0.9989689032238943
13112,0.9986149724371622
14426,0.9988991135148522
15066,0.3075081496401727
67092,0.8585785954740213
63166,0.9986149724371622
4522,0.9975900673343006
6403,0.9176575843325093
68830,0.8582541523672432
40226,0.8349715663473924
77047,0.16711988268556227
66636,0.9986149724371622
9665,0.9986149724371622
21,0.9988991135148522
50236,0.9989689032238943
76801,0.021855099907514452
6451,0.9994760988143111
63180,0.9985285123277889
47253,0.1517785967454539
11749,0.1577056581236662
37997,0.8035053338936733
4921,0.8660398502765952
69933,0.9985396714932613
54211,0.9994760988143111
8164,0.8358547475644585
38177,0.8409081921613994
58250,0.5215904991179383
73356,0.004557144412562177
14256,0.004175409531396031
77109,0.9986176727231274
12700,0.8457257806153359
74022,0.807680691250268
57291,0.9994760988143111
10909,0.1930741290136445
47311,0.7211467972128104
45539,0.6946112462735596
19524,0.5583162300150432
62015,0.9994760988143111
24584,0.0002217314156366436
20440,0.8204311485816421
14643,0.6946112462735596
33551,0.2486855624751208
21135,0.12966251341557514
17198,0.2486855624751208
46222,0.8566746309590065
19709,0.6946112462735596
7884,0.20674197596732774
62445,0.0057520006421948044
22632,0.15937442111226383
50076,0.9993948011580395
27618,0.012774136076781727
3108,0.9986112224619049
7926,0.1409390865854705
62671,0.6688881934193454
57229,0.9994760988143111
75655,0.23703225380827767
62399,0.36891414293157687
77603,0.050417594937076975
26270,0.9969767462655995
56007,0.2680187439130428
35593,0.8358722556837859
51604,0.9986176727231274
55823,0.9986176727231274
30803,0.5435829005277312
27076,0.8896143184207056
66837,0.0037968506832280952
50022,0.20690869045443253
57397,0.9994760988143111
73653,0.8566746309590065
35343,0.7611719006422248
55014,0.00606912510312876
51783,0.9994760988143111
74922,0.9969767462655995
48023,0.6688881934193454
60068,0.396087860938409
9598,0.9986176727231274
59263,0.0057520006421948044
9712,0.11960087769674381
52434,0.025940424905935074
47456,0.15490537622416103
60946,0.9986176727231274
39777,0.2726076513343329
51535,0.9986345216893728
36726,0.6946112462735596
78487,0.23159418033665827
6821,0.9986176727231274
41849,0.9986176727231274
66601,0.5671245919433757
39424,0.25563282648535773
62932,0.30118099107051516
14508,0.6688881934193454
62806,0.31214496603268466
20374,0.19323599317066464
58028,0.0057520006421948044
3693,0.9994760988143111
76980,0.9985624034690402
1601,0.6946112462735596
76641,0.811268264788694
43155,0.41978090893337294
7815,0.0038905583027787505
49350,0.0037041551613656303
39009,0.6219639953581487
6735,0.005430274318880097
4289,0.6946112462735596
22581,0.9994760988143111
24515,0.1635666862759018
26876,0.005989063460782487
53620,0.396087860938409
58335,0.011274046428973318
58583,0.6688881934193454
45207,0.2486855624751208
56879,0.7335896544010332
5632,0.13736929790259908
72099,0.7337584233843816
76857,0.396087860938409
23799,0.010146240134859229
32522,0.0309270961396378
31567,0.17379178905946815
73355,0.7475114540312517
58514,0.1488695571827482
70692,0.9986345216893728
1111,0.99841308600379
46699,0.9986176727231274
47775,0.005430274318880097
8383,0.386598515833256
62867,0.7641216011695183
58705,0.8401077023644471
30009,0.9969767462655995
45267,0.9987091801258549
68216,0.1726983371984605
23635,0.9986176727231274
56691,0.26740967911209473
46063,0.6403096144896924
63304,0.9994760988143111
79163,0.9987817656277808
76386,0.9986176727231274
50660,0.3444845224613296
27913,0.16369028932414306
42757,0.9986176727231274
47942,0.20735705110313143
26009,0.9986176727231274
59578,0.9994760988143111
63131,0.1856022916497489
70873,0.8540938167459755
184,0.12832945885696778
9512,0.6688881934193454
35935,0.6946112462735596
21312,0.8847072744349322
64510,0.6361631418917097
73962,0.16242355053243812
72253,0.7168399899084276
34724,0.9994760988143111
74253,0.16242355053243812
41722,0.4282686260744326
36856,0.16459916337386246
56442,0.027549327878758443
28256,0.9986679732451861
55716,0.25592517746859583
23505,0.11185064575373947
76203,0.9994760988143111
534,0.9986112224619049
56145,0.2530999757642869
3831,0.09693341407628368
37194,0.9986176727231274
37404,0.8147482692629221
22526,0.043294291850962306
12986,0.7233764413349498
72279,0.18447858153158628
63968,0.9986345216893728
67753,0.2578019567187737
26174,0.7233764413349498
46667,0.16909240901171907
74976,0.6736080548220281
52045,0.38954696167472896
52130,0.11953338837891868
78897,0.16044731577467866
25531,0.9986176727231274
3993,0.7225998859416213
24668,0.6688881934193454
46304,0.9994760988143111
71172,0.99841308600379
59740,0.007620191639514207
17951,0.679058824716143
38219,0.00931752042285809
37283,0.5215904991179383
59403,0.15170611322269534
57027,0.7399474629014341
54914,0.9979930244529296
15730,0.20696737208310237
28107,0.017362207402705
34313,0.03905668684775218
15669,0.21625469594202187
3882,0.0038748612012405722
10797,0.6688881934193454
10992,0.2574574396224723
62684,0.539521292461244
27477,0.8180477099413498
22560,0.9435552765046461
25728,0.8147482692629221
21972,0.9994760988143111
26045,0.0758672399290222
59619,0.39440571610753905
9322,0.6623013101909695
4643,0.7674866250635223
6321,0.6688881934193454
3056,0.9994760988143111
48876,0.9986176727231274
12319,0.9986345216893728
67577,0.9987474317171353
27294,0.9994760988143111
3600,0.6688881934193454
22287,0.6946112462735596
25742,0.9950753525680351
32684,0.19908330951422246
74094,0.5215904991179383
34556,0.9986176727231274
39434,0.021565126930749842
17746,0.9994760988143111
3308,0.9993654246285292
26540,0.6688881934193454
7283,0.5240541373151493
30162,0.005373859431057941
76507,0.14741381864846384
38399,0.1866428762533209
34073,0.17580393691749446
36808,0.15578743949751553
62652,0.006582324602275315
69789,0.12835688164441572
52749,0.17634852442805013
60747,0.2201853320012401
12645,0.18932356384581678
55413,0.12027173976543433
2408,0.6296204231315173
75269,0.3037242248708104
18729,0.45862801932095776
35845,0.00025957791614721043
26884,0.7748526250473925
52183,0.21644172684672636
61609,0.3582563873748019
18511,0.20537120517120333
40664,0.7817096809944778
28563,0.1492669153471131
78533,0.17732010578493657
56681,0.16303405309536648
11096,0.14899836107612496
41206,0.6207739870238371
59315,0.6585440810151277
51870,0.6292994275736007
32926,0.005583970244538141
4077,0.1738178871141544
3578,0.23498905621370408
68240,0.31242009959435435
55009,0.11750590707631482
9336,0.017634256361317234
71479,0.35949873059453086
6115,0.24508246518455645
48600,0.7098163291550891
33940,0.15121124512371625
57296,0.7383017480999716
20774,0.7706612208008563
29165,0.2365769454191971
9860,0.27752732400949587
52166,0.6954954667949264
50659,0.2676618731746682
78410,0.830900925130768
67708,0.5338336977951383
74593,0.730401826574547
18954,0.5215873231772624
56290,0.6489106374217801
3207,0.8442566508935152
65489,0.23102168895089095
5631,0.4444888064060245
67751,0.4209406984190683
32736,0.21292481489948437
32146,0.09622580671613347
58361,0.16079500193054624
57034,0.03555344006581167
4113,0.3169355512809651
22456,0.06247606383423251
43320,0.14443605611151014
78674,0.051275173441168186
73743,0.2752541064349943
25875,0.13864631252952597
45135,0.00024257459283790064
67266,0.20192338162958032
57206,0.7933286902847162
22219,0.10549072778158552
69671,0.7814119597881528
51944,0.08024440511286181
48587,0.17353026392491802
16773,0.36176467115102084
36127,0.3663297616615203
38670,0.03629464110125645
34095,0.09055657018317446
55047,0.3818515090206749
27216,0.1878219958621586
50803,0.11232223799826495
27258,0.10120047118365491
4960,0.3036507413728108
17224,0.5083513887270468
34190,0.10975821418783417
9967,0.005946791088684806
15625,0.23365138838620061
39310,0.397281040244149
33710,0.8251316495828785
6642,0.15623536061486298
44437,0.020870771573692173
76288,0.3994680418653254
10003,0.006388437423533223
9766,0.15318784058646878
63789,0.010155340168460815
16443,0.12150904801431305
67757,0.02346115809269878
23398,0.03275973104139448
53840,0.8452236497764554
2697,0.15824519687799332
28794,0.3832385979324229
25108,0.19944624882869683
8499,0.8452236497764554
48658,0.27650988308023716
24768,0.17025194789954815
39880,0.7677064496841397
43723,0.17002084848804278
48567,0.16610863609228785
5029,0.1962240774032772
10746,0.02460389221242259
55179,0.12291313580649665
43316,0.8755748035049249
43202,0.9976602813236252
49987,0.23460634538067612
40179,0.9976602813236252
54796,0.11204176458566488
32287,0.12090100262434553
26466,0.0069013334972357525
52149,0.40085447615566333
24366,0.24038062079358868
15676,0.29053826975424213
38503,0.7627011326458168
41278,0.8082886970838496
44154,0.6386304462964777
58474,0.11204176458566488
12021,0.09426459641718576
20097,0.026582944417903594
69296,0.05286309150745001
3903,0.9976602813236252
9237,0.15368098436172548
37323,0.1511321685541023
44041,0.13261665998214575
22941,0.08538926887771583
69567,0.019268223290829965
59818,0.011341148898564725
19756,0.20735276844635417
16205,0.5659163645306621
23302,0.34071028237778395
55984,0.01700485002922478
23902,0.4343844299384419
57955,0.9014938723262746
11468,0.18394455742043556
49957,0.00975165925874469
28549,0.1770431109668838
43382,0.9973451978097099
26864,0.9955220004272248
72005,0.9970759334841932
26438,0.03991007434973593
11641,0.7039450506738468
66085,0.7339003228475951
29377,0.8578328485826758
75816,0.15982576895842462
51143,0.21852855467011145
11953,0.13261665998214575
69112,0.24038062079358868
16576,0.24962446940264324
79323,0.13261665998214575
67157,0.9976602813236252
29237,0.004873113452725127
29203,0.6386304462964777
22254,0.7595273746472722
16821,0.2917817018733394
5009,0.15737307120253208
4298,0.2552174930931027
45415,0.045281999701054974
76467,0.5747961653936344
33896,0.008610931595896074
35549,0.24038062079358868
1800,0.49648088631600934
59242,0.008431405703679225
56161,0.9044328371622248
2388,0.006945284658134978
63141,0.13261665998214575
73011,0.0476653255912315
31501,0.1802738374474948
6067,0.1888177987674242
3513,0.38023206033628176
23385,0.00975165925874469
38699,0.893552991391647
40325,0.8287161118395957
19015,0.16894795671258506
45345,0.006912693102065199
38527,0.12704194134110483
20673,0.13261665998214575
78427,0.009017991965699844
75969,0.31807161879757756
57789,0.2649374511804336
26914,0.13759986223328863
2264,0.08538926887771583
7803,0.13261665998214575
3146,0.24962446940264324
3261,0.7190031085877798
42177,0.7417071519538359
27386,0.5229436651454078
17230,0.34470736123008483
67311,0.00975165925874469
31950,0.9978879278410435
68110,0.44133403703381413
50011,0.13261665998214575
22503,0.13261665998214575
53234,0.11204176458566488
1512,0.008143995195429618
31696,0.7339003228475951
66481,0.00659893943664083
48787,0.20941453386905448
37957,0.49648088631600934
69174,0.14515915334053758
13118,0.19476295969722268
15377,0.00975165925874469
78367,0.12932079191867568
13699,0.3343157317849251
49626,0.5055014890111805
12804,0.13261665998214575
58585,0.13261665998214575
46492,0.24038062079358868
41784,0.6503685874163458
71401,0.11270861655256079
77595,0.10625313391203206
48898,0.0828784777158263
51004,0.32739669932146337
39926,0.1122978979084759
47932,0.24038062079358868
14040,0.04649327050957537
50834,0.2686983888068745
50605,0.2090453855494217
39537,0.13261665998214575
59454,0.12057983337594574
48738,0.039368867551339885
36720,0.17126738413293852
72226,0.19186215914054178
27495,0.010990693618805085
11149,0.39035697202403513
67609,0.13744777633688685
29673,0.27129568325915615
21785,0.5760553096770368
49452,0.5520226925457805
17235,0.003912003229432083
20011,0.13261665998214575
2247,0.00975165925874469
13393,0.9976602813236252
16221,0.24038062079358868
55536,0.13261665998214575
53271,0.6563990124179039
25802,0.21696600145517653
1712,0.16422524694659008
66253,0.31327056775975975
66906,0.04719026412264726
37870,0.8596386336014412
66941,0.007917219837299703
35866,0.21491387239923052
4330,0.7036368616186164
7868,0.9976602813236252
71124,0.05597460202046027
42341,0.7497520984892091
18681,0.7852353555967039
21231,0.7007380243661144
3658,0.7335413942178471
61051,0.9992134920946788
51106,0.04292449699663725
47941,0.41073695162189067
24242,0.03294967767831893
24409,0.1764089694247726
54092,0.0001920143082905018
21033,0.3019789696024504
8982,0.05551661628704108
5970,0.05241544093843431
48156,0.0007265229349889544
67778,0.1419105285407174
28089,0.2944682688214355
36552,0.24769018152472075
38401,0.6172302865758251
72232,0.34996819697564135
3393,0.843431101750625
46127,0.9983383517181672
73233,0.34990049962661796
71714,0.9992134920946788
17078,0.1265532717402163
24681,0.2924404051820836
60665,0.4295591748378726
18676,0.03743643646750748
59264,0.00029642917426891784
16485,0.28079794678128045
27087,0.24474878092693186
51631,0.0007654704880498799
54584,0.2310428660935619
59968,0.3468339263650656
26486,0.7562427527101021
34298,0.374412949361024
1287,0.2069866366406024
48399,0.9992134920946788
15060,0.5964999860894333
70128,0.0792475474219062
69534,0.2968786076082857
12455,0.01691266967901321
21700,0.0792922011871882
17216,0.10181898548379645
47476,0.34961776388497395
18228,0.019989832662099416
57436,0.9992134920946788
22565,0.20680991725849035
34405,0.704318435421705
63039,0.2824260599187259
57264,0.2924404051820836
39182,0.0003504388326206448
1846,0.24452408076785825
7502,0.1430210022416268
9567,0.1810436889276658
73736,0.16340837527990493
61472,0.2652187369291177
75115,0.9991115259349381
5453,0.08153346246200403
705,0.2944682688214355
41458,0.22580794435022505
22445,0.9107855854634456
52772,0.3103805461504986
77859,0.43778013273626554
7426,0.11905823166379559
44788,0.3165383234639259
20766,0.07035160431130508
44764,0.999400485836139
25302,0.322660802475641
48329,0.07949735345416968
62020,0.1959888949326486
76444,0.6594032285902092
3550,0.41417771805031733
1767,0.9992134920946788
72189,0.07829268981784489
79156,0.3464579822205487
30581,0.12566899388610958
42449,0.08360321377353953
21292,0.0003716629832330975
52276,0.006739371282360884
13201,0.7213549882132374
15234,0.1751760207063876
76383,0.15322715274896234
9644,0.7426498518699216
53791,0.0792922011871882
25836,0.006344236217574146
57390,0.797112271446922
50908,0.6107325023113743
50808,0.13943676951367426
45611,0.18620163804264578
30485,0.4357109917143563
25186,0.31329049794821534
52475,0.01800585928374959
27098,0.1111205096769769
9666,0.3087143872501944
53014,0.2674925001169224
25588,0.2924404051820836
19337,0.2528755858311493
18473,0.9992134920946788
43437,0.772918717632546
982,0.01804182836128098
36026,0.1144313871240328
62815,0.4378609688984581
52648,0.9992134920946788
5268,0.3486069403895591
62304,0.2646653261022449
25823,0.3096006506508355
47964,0.013543475090159678
17185,0.22677301304406378
64290,0.2085766596222243
31662,0.05981487166028145
9676,0.9297769087737247
75894,0.6001041378406877
52443,0.013543475090159678
15959,0.2055245679415558
22334,0.03581531929730773
54644,0.03747418492813751
63854,0.3707297539478291
50669,0.0071211957030936955
51223,0.012597477097000272
37823,0.012597477097000272
13567,0.12718751331263364
35201,0.013543475090159678
71792,0.012597477097000272
32500,0.019333079411921462
17904,0.3577484209122171
74295,0.8650043180997531
69614,0.9414400339717647
5286,0.8550306181030051
77111,0.27608383028794786
6585,0.6084773349953612
35986,0.7308320539367033
2025,0.051111593639976756
23697,0.8638899418835903
7189,0.012597477097000272
62908,0.2315522068834874
66333,0.39584934119596793
21798,0.4504822892898959
69583,0.3667806220434552
67925,0.03857064831375717
27686,0.9336838729853008
15390,0.7140914574478843
16259,0.8247965584692722
42083,0.00662077662002235
52254,0.29509707389066747
76204,0.05464991478522067
73182,0.02981531009829263
60612,0.36811199535023303
27,0.523363068983792
38534,0.34117800884205624
43816,0.8550306181030051
19484,0.15696098752400545
17178,0.49072254325274156
45292,0.012597477097000272
10249,0.2632355117261019
38840,0.5964705386279191
5701,0.44863104023432615
72710,0.010067069599458963
13537,0.22974793502901558
71631,0.7650966024705643
52799,0.4331957570193258
40729,0.7140914574478843
22839,0.7287972880310671
37887,0.9227329651602
18616,0.013543475090159678
22389,0.21004393365235852
17975,0.012597477097000272
15829,0.7353412020233573
75174,0.012597477097000272
77849,0.013543475090159678
46902,0.00781854074494397
45811,0.04296459584215757
45892,0.7140914574478843
1083,0.012597477097000272
20759,0.005476915554929389
30184,0.2744134524740759
35990,0.0071211957030936955
52834,0.7588600645638391
18688,0.8550306181030051
47951,0.33311009453308704
19931,0.49546102947023835
60670,0.875979890044359
10597,0.012597477097000272
52880,0.03178854718582111
12788,0.05284054288669179
69186,0.08711366506949489
35482,0.2718201306380414
22541,0.5703713294620383
39116,0.7395509125182911
39594,0.8741180270823796
11144,0.9297769087737247
47290,0.875979890044359
3960,0.42081434336322265
38494,0.7635879973959508
24645,0.0002227228415952654
73808,0.013543475090159678
65181,0.07292962822056998
62983,0.9230471699753429
435,0.3707297539478291
78935,0.8352498256196166
25371,0.3990873795224449
51987,0.24654991341989846
2204,0.01103079618420409
68039,0.6036147499042617
30042,0.013543475090159678
48635,0.0325881960148646
78027,0.5400649391636858
40275,0.2718201306380414
33070,0.0071211957030936955
38398,0.8878521554356943
27598,0.37316059401090246
15175,0.4386156747594956
49896,0.3993804862011676
25711,0.0669516216446628
70319,0.27756031401755116
70455,0.7140914574478843
43176,0.2743459491537523
7241,0.20637278977506873
63333,0.9297769087737247
53390,0.34222037639290515
17317,0.013543475090159678
41151,0.7527900662917376
27273,0.7492880438607329
72852,0.012597477097000272
78350,0.7807510086502519
42478,0.009243522261109761
15946,0.9110869312235876
44298,0.9336838729853008
34137,0.23311671389337785
36973,0.05189170002604052
12211,0.2864222101962531
30807,0.7353412020233573
65366,0.7140914574478843
10713,0.9277196387140297
7067,0.72995159801066
37831,0.8638899418835903
42214,0.7600627421796834
67472,0.4374277327396798
28583,0.21059239716150233
4900,0.9336838729853008
58283,0.7217728866127573
71478,0.017931428012185974
10663,0.012597477097000272
62907,0.9075581540659898
53144,0.034145345980216076
3448,0.05569760950111781
58123,0.007192782627547215
19406,0.21066545448735574
24912,0.4842675739542155
46765,0.013543475090159678
74234,0.7353412020233573
42724,0.01791544563904153
65284,0.2608223054558714
15403,0.022957465470872563
4596,0.7839194022619033
47837,0.27756031401755116
44853,0.7549918128733466
62814,0.9453562096566223
46282,0.20637278977506873
54500,0.012597477097000272
19363,0.0359426475825716
64038,0.27608383028794786
12195,0.012597477097000272
55686,0.04071333575136393
26715,0.3940459827262
76517,0.03397806485248566
54146,0.25371614651886304
31277,0.35204144753972494
3812,0.5014232609779549
13124,0.45632023571123737
2292,0.18673863944302835
17601,0.3147657024835489
55917,0.013543475090159678
13287,0.26220445830822603
16041,0.01747672378362229
69340,0.23430506223298278
43474,0.20637278977506873
37931,0.09510658153104941
77128,0.7140914574478843
1660,0.7353412020233573
59415,0.44559037033567
29023,0.4947730349738259
37368,0.9336838729853008
69783,0.07017823200833172
46630,0.3707297539478291
24289,0.0511175585789165
65688,0.9071836369474269
17176,0.875979890044359
79297,0.4380781570172598
11756,0.1286715239568327
58952,0.2144494605173556
38290,0.012597477097000272
39143,0.35590781722789727
65196,0.27608383028794786
78247,0.01668411974978129
9429,0.012597477097000272
46613,0.9005100969948027
23766,0.9112343393814082
27504,0.009552636932924264
32401,0.8612899649124591
77122,0.8072126185396576
20876,0.0071211957030936955
33949,0.6787090956874803
16483,0.8686649260422329
2607,0.7140914574478843
6415,0.3707297539478291
7039,0.8460131416265704
6,0.18521375648888522
19548,0.7353412020233573
11664,0.1235841382207042
49614,0.5424908455183125
60956,0.012597477097000272
441,0.6084773349953612
78495,0.3577484209122171
44323,0.35477988905119345
67475,0.1136459883103506
9118,0.8550306181030051
18910,0.012936221105329737
4871,0.8499616012291755
6566,0.7140914574478843
27461,0.0739371383333016
7705,0.3294558116582854
69859,0.9983445290610702
77961,0.7695543802014508
46459,0.4970393324323649
27604,0.4512457565846663
24648,0.9987671041645335
78266,0.31941811302649276
29282,0.8240744072942208
7665,0.9987671041645335
9822,0.9195778296245576
33065,0.33884265977213296
72468,0.9987671041645335
6458,0.1955549475380322
42270,0.9987671041645335
75246,0.7731181079022108
27220,0.17336485492228565
12876,0.2673422301557172
8303,0.3500689229439644
21331,0.8448837018150473
59800,0.32817601866134644
53901,0.45137223674425553
25466,0.25888169627863256
49980,0.36141199904350757
13728,0.6233031803497912
22874,0.1217184987353997
4455,0.4264911327627322
3516,0.3158783161362061
24497,0.003987983396358178
57806,0.7920412467573363
45105,0.9987671041645335
36661,0.006191250247324145
58391,0.9987671041645335
22561,0.4034095132205542
62709,0.9989209817219826
60524,0.009539118041251593
26568,0.6373062973650981
9954,0.9987671041645335
56088,0.9651437711612548
28523,0.3431546594535583
17960,0.25795421734324486
55736,0.250402017432321
24277,0.9987671041645335
50673,0.26556689185680443
79112,0.1600913305987969
1618,0.382392232158917
14220,0.4034095132205542
12122,0.9986269662625052
72448,0.22968244933603188
9523,0.9990039004402322
63826,0.788203461388497
73191,0.012375233400731184
37698,0.3820306216785806
17694,0.3839894985376285
41752,0.46249581379641347
72285,0.9981218495934162
63239,0.3589212498833314
42598,0.003167679264189831
65942,0.36678929993381
16604,0.9989209817219826
4124,0.2781918399165693
46327,0.262985778068311
67574,0.8848368993839966
24332,0.33941502907926374
66559,0.04505230613683175
72020,0.248171566247507
7435,0.3262162727875969
68338,0.2397548725167968
16651,0.1667659306524138
51799,0.41631136549042047
63798,0.3135810286600168
58014,0.005670537196092118
52980,0.27632648802964394
56133,0.017364947862584187
30625,0.3872211642170541
73303,0.38268870419391254
49108,0.9975019993094956
72748,0.5927357295769058
53818,0.3431546594535583
13306,0.9989209817219826
1264,0.12709635916002487
8540,0.3911501574934139
57066,0.8187136650629334
56625,0.020266066580451162
39387,0.34219436970922484
51994,0.13367552751741854
71740,0.9989209817219826
42629,0.27084484720546426
37306,0.3431230465198
59333,0.43890282193890373
45907,0.31598290233846194
18395,0.4999984270958568
77592,0.0683888162865686
10846,0.9989209817219826
52670,0.20358831551438059
396,0.36152508496762
58842,0.25316353662088525
16489,0.005329767649326231
58047,0.9993157544309242
47459,0.252335100258567
54593,0.9987671041645335
70043,0.28776277191814364
61456,0.9989209817219826
32100,0.43751497852525856
25169,0.3707508165971336
6859,0.7049066043289168
44553,0.25807625637364606
28476,0.37110923659591644
48482,0.3820306216785806
38188,0.5077855326546008
79040,0.2937700700757623
17280,0.17027887027419925
76184,0.1387309813323571
12197,0.9989209817219826
1226,0.382392232158917
40404,0.8185199760921269
6409,0.15559119025235932
21663,0.14290318963493506
61337,0.10840337874720084
44294,0.9142657611698441
68252,0.8088931133785252
6956,0.41631136549042047
24347,0.9072478217913298
69861,0.03391596004606248
31352,0.4970393324323649
75228,0.9987671041645335
4861,0.4034095132205542
59820,0.24660791867609402
72067,0.3228135697655004
22651,0.3299875814104459
31515,0.07115572988710486
16677,0.22846138266242746
52949,0.9990314010672182
15468,0.4842174881968535
57325,0.4970393324323649
9467,0.3015109756209355
14569,0.6108545680362114
65309,0.48080572042300285
60168,0.33884265977213296
20472,0.27084484720546426
28005,0.46369476569974805
54863,0.5426880455853558
43169,0.007288473161868832
55421,0.2844449213780521
17879,0.36568236676358623
54349,0.831226268503689
78417,0.699967549808118
14408,0.24364867270863694
28070,0.4461589093997309
75407,0.9987671041645335
68172,0.831226268503689
34228,0.01066330381834391
37117,0.3388498824550566
69136,0.711886494251313
5968,0.9989209817219826
34955,0.9986999474607198
68344,0.03277005993265004
56489,0.24582725730510796
10996,0.9987671041645335
24688,0.47369677201147997
26163,0.3616498669348316
50548,0.23251202308387656
31336,0.4970393324323649
48227,0.9984224793775547
3890,0.2591168570997302
10867,0.2841124001317509
64275,0.5210277056845292
64667,0.43793789299189756
29428,0.9983369848365682
59221,0.8975442514641735
11056,0.8908362569570152
5640,0.00024292586215587874
65,0.9983369848365682
68759,0.02964999676869354
13673,0.9976971438812972
19417,0.049518531892759225
30756,0.10548461397092343
73827,0.7559110067113217
7971,0.23098644792318457
55236,0.34279320644020117
15592,0.9983369848365682
12662,0.9983369848365682
59527,0.7696832776824682
39370,0.35994008428925833
48167,0.0061542707990046444
10224,0.10831075341542971
54650,0.24574139148079352
63925,0.23974878377471948
22223,0.3277113994377303
17869,0.2721176981873642
55241,0.3736703134839569
74468,0.7500797705101588
51225,0.9981440577717028
70086,0.7444731001683088
52800,0.7366208172364784
54082,0.7366208172364784
16463,0.9983369848365682
10111,0.04180286486302837
45435,0.8039043614992735
40726,0.6025244362438262
16944,0.5004188066453507
75562,0.32563331709575016
61405,0.9983369848365682
72980,0.5004188066453507
48739,0.36929173519141795
9617,0.36648139067003466
55843,0.2694805347952579
39824,0.7207336813604857
8661,0.2805041951095332
65564,0.7366208172364784
10968,0.27990376829992736
17190,0.4827689349227499
43061,0.3361485581637373
10535,0.9269910787219062
48409,0.7488326044979042
42104,0.24458932298719963
27314,0.26653512311437033
14240,0.71290177933797
12878,0.025538203010863438
60253,0.7562900118744141
69163,0.38999322611682175
38060,0.5004188066453507
63173,0.9983369848365682
5303,0.5004188066453507
15798,0.36667245478035065
70647,0.9983369848365682
61087,0.6837841269740516
57428,0.05871418984111397
14777,0.01873301993199209
22788,0.752829510180065
63529,0.49355791253861303
13687,0.752829510180065
58793,0.30884871676011116
22464,0.7485658638486551
7751,0.05818171199284543
71240,0.1518869171721186
5350,0.8021439633764802
50638,0.9982399696424362
60798,0.3706137286478348
3455,0.9983369848365682
65899,0.03884653637585458
47911,0.4440196947973639
69913,0.5440433404936262
13339,0.0010863751817680124
42408,0.2841124001317509
11168,0.05010595998088429
15803,0.0034252913069975706
57798,0.6709074945590293
36081,0.042130314812354915
72082,0.008390061140773305
21826,0.555005216994115
20558,0.38118131898813246
39951,0.2899638721651028
21726,0.20305727907609714
52883,0.2840809782040524
9809,0.998706639821097
48930,0.7606359830438844
32323,0.5004188066453507
1129,0.5576641343604206
23,0.1569851137353563
948,0.4092536417990286
33263,0.01744279967186892
36182,0.8184756620922545
50878,0.8209851409300318
20887,0.1571485219352046
3981,0.2721176981873642
42312,0.30778532494521493
15458,0.023924432741055372
55780,0.33997402577720776
44529,0.33902400667768606
31818,0.9983369848365682
5311,0.4755132008350178
50273,0.08464824937611425
2926,0.8093924207935979
7451,0.43793789299189756
33056,0.20088471492071533
40884,0.46772398110447544
54480,0.3706137286478348
49617,0.06428141837083771
28606,0.49534675467006095
8051,0.9962887503606205
63764,0.07011626736968053
4370,0.3857951607209498
7249,0.0038185134935879318
13190,0.790095503189677
72044,0.6070838084177904
73768,0.10778249096195805
69612,0.7788474306130366
71953,0.46772398110447544
27033,0.03469732396790377
45314,0.015009532423822042
40161,0.31919228656044896
47367,0.8056132231944405
66331,0.5004188066453507
11938,0.3191345679301806
27379,0.9983369848365682
18262,0.16429346153423854
43022,0.7996527720683587
16694,0.15346617645075147
15226,0.9983369848365682
73170,0.14313444775169068
54775,0.04180286486302837
49967,0.08441807727133074
27202,0.23902641208669922
77322,0.5073764184558204
72552,0.9983369848365682
7387,0.054096772426191694
74830,0.07832653323369514
60722,0.3487375119901173
18229,0.7896586729107846
78090,0.4118897100509395
74312,0.3339587158520704
42841,0.7084841012835655
24465,0.8351851506679834
21410,0.23463658942361734
11574,0.7084841012835655
59120,0.07144231547016178
62078,0.44209022209661863
58746,0.7514668388985094
5272,0.23463658942361734
33044,0.87118248033698
46903,0.45344039819224813
6612,0.4301478878880483
30544,0.23463658942361734
50809,0.87118248033698
35844,0.4395079046385053
65843,0.05624886907541502
40668,0.19776094456289073
6830,0.7059269111701802
54851,0.7750793999055315
25921,0.24789107936250807
4177,0.7858267823671156
2854,0.8311147647298682
16109,0.07697985492105612
14036,0.2522746738670652
55905,0.23642386677806704
25157,0.5646238581364609
10347,0.5269296422355414
45651,0.8825316147354042
16353,0.4591539882262038
60315,0.4787674049693136
35569,0.0633157099246008
10237,0.23463658942361734
67552,0.8767285247093036
28671,0.4871047023403904
4315,0.05087380668943461
15052,0.8781575208202819
18007,0.23463658942361734
8077,0.4521326718368272
29584,0.23463658942361734
73741,0.7554761665577148
59720,0.0030125168229582864
10248,0.6989717367227448
28391,0.7084841012835655
46490,0.2904587273175031
57738,0.8840656656098442
32789,0.23463658942361734
245,0.1951683522487438
61478,0.0055526945697247105
68857,0.1142622104082734
21771,0.21929002315239463
64443,0.00018936012253918818
62920,0.12520236507640783
45521,0.87118248033698
75919,0.8022957839553804
40492,0.025640021958616116
34641,0.05982642195634467
68648,0.01393498950202206
21833,0.4425283428492364
38047,0.3683932102513055
2683,0.8562882955860037
27685,0.87118248033698
66400,0.09114523344278581
60599,0.8862137185933591
33640,0.23463658942361734
9405,0.8559731120936291
43833,0.23463658942361734
40889,0.07113470297069147
69842,0.7364454019410902
6929,0.840126876822115
46972,0.15654568054991097
50118,0.0809019442233061
78185,0.36460945747212636
45098,0.8956379990112637
2467,0.48581486989786526
20601,0.44209022209661863
5376,0.8747600364083425
1440,0.13052727321264343
18096,0.4378875877316313
37011,0.20230304034624474
50065,0.40443672836089506
13223,0.8512870887190847
21174,0.21736754994407395
70304,0.8214766264926343
25047,0.70818364297761
45951,0.00983886513640712
35798,0.04792334753844001
32501,0.7084841012835655
20642,0.23463658942361734
13666,0.4521326718368272
72047,0.3815173914250613
50407,0.10255748509303572
23467,0.026132677973079242
34891,0.15813365392376616
2674,0.029819783170344408
38887,0.00415808005332263
19996,0.9994280190306574
8984,0.9088526821507977
70108,0.32630489786151085
56966,0.5976114652708951
23451,0.09289299273057092
47025,0.3742822804342895
65874,0.9993840619941798
53741,0.674913163495179
73009,0.8013902954259677
20389,0.9988560500532989
1943,0.46617720284371933
67450,0.9988560500532989
69327,0.027519937808868526
7772,0.6369986107735502
23402,0.9986310564167499
62234,0.4184147757952334
64559,0.9988560500532989
62874,0.017146712897074905
23646,0.0087510721649294
33903,0.9988560500532989
34610,0.13759108808431453
16418,0.003372882276920367
74174,0.23094877729947957
66613,0.011515525036332649
41272,0.08158562353677824
63380,0.15521524557922273
65528,0.9994155349902607
59661,0.03085989335499213
14264,0.9993427763751793
77313,0.18624051422681717
16268,0.1878044148538846
33358,0.6456317699684744
45613,0.24231276886001965
71044,0.18907532164285856
8272,0.40878717102342343
14893,0.9994280190306574
64542,0.8920625078993661
7898,0.06125477864405224
55039,0.01268655622218182
38039,0.694390146292933
50898,0.3341330536367822
3200,0.6614553157140647
50023,0.7456983794529953
61601,0.9993441224390985
69906,0.6031557855997981
24112,0.8153960776360584
51554,0.7647845388202837
48796,0.39614525940047607
41401,0.9993521888322153
10197,0.2171828571487579
30925,0.08904117567468156
3744,0.1401756887484992
40240,0.4704046590160476
24946,0.3240349511190021
4091,0.9993753286038851
27388,0.999275621225727
61518,0.15557121904831625
55966,0.23620766495287285
11232,0.46617720284371933
43770,0.48014392953229984
59331,0.9993826122736893
998,0.7191876014330757
45178,0.00521323501698825
18677,0.9993427763751793
64819,0.9994280190306574
7177,0.18310805778067135
38052,0.33658772968985806
2125,0.18545251742873414
36745,0.41512282190275507
17117,0.9988560500532989
18716,0.06979817291520844
11026,0.00599620741247832
49486,0.2138150596797117
12684,0.9988560500532989
29757,0.9988560500532989
65840,0.010927416912703767
56880,0.9988560500532989
71224,0.7268647394951119
76194,0.9799847506140035
16168,0.31410894965569147
14038,0.06686712605945344
14975,0.006483123730710202
39016,0.04056426080120498
73436,0.8984635040801044
5401,0.9975365972175947
5581,0.9988381306440517
37570,0.9964323041981307
53206,0.5404847358378149
29606,0.9982354179244814
46010,0.2573065235695921
65643,0.9993132452546641
72577,0.11163532386466546
3405,0.9988381306440517
30216,0.38817042541537106
40485,0.9994280190306574
46117,0.00018217246122349863
39294,0.662126915919855
78984,0.1055275532976119
19456,0.26989554109297
34297,0.1618912619392274
21349,0.3682214510744264
17350,0.33277361150665197
56951,0.9991294771445218
69857,0.003706669530068184
9855,0.4993624073097797
73628,0.002148699618618579
23438,0.8920625078993661
7759,0.005924554866093354
46,0.39614525940047607
4748,0.7456983794529953
44789,0.01644958554521712
27290,0.9988381306440517
45753,0.7220429868978537
1779,0.2983018724757738
54912,0.7316179643146755
51049,0.79828548412001
44113,0.3711863499356873
42817,0.047386233275322584
74142,0.9995605741087448
3647,0.3218591440454946
33269,0.17550193461815677
58986,0.07113095061036824
12212,0.023071592959179796
34867,0.0253055451586978
46112,0.007178812518134528
18241,0.3275615948476125
13581,0.7654872800812084
16996,0.9988584256273927
76421,0.3329367150222044
10858,0.10530884584930061
54328,0.006587516397258525
78490,0.03508473060466143
44784,0.12770891195109077
69059,0.012429599175442667
9388,0.006477835784174497
42426,0.01580874337996536
60532,0.2804225137739736
24221,0.01701177452146197
18415,0.5084201577249381
65808,0.02725085546320428
57590,0.7923973216263739
36821,0.07356495147052564
34020,0.03702584394897621
16474,0.0052340229849537345
3737,0.6322448494493572
63594,0.5983119713979931
640,0.17597719424684163
46816,0.253927826820543
22008,0.6396472308976567
32676,0.014715878872987207
1081,0.19997988051885096
3213,0.06401191656439002
21495,0.0028986040691612665
15331,0.05422997077357251
75833,0.22946718184906023
32964,0.3499323698200302
57988,0.06911030053583278
5966,0.45020423057662584
8255,0.05899942821098471
66556,0.01779167204821486
4097,0.2771192571321233
7712,0.011108794490824258
32578,0.13785110054580735
52704,0.002861401027731783
26925,0.09100527324592597
9985,0.04838681491161156
7112,0.14396334624834878
29723,0.023176939566924983
15780,0.3595414355317333
2396,0.24048066758719655
43924,0.6783048281005601
59301,0.0415327296617852
42193,0.5333822710538566
69306,0.16960513319480586
1781,0.005666702002709844
50279,0.6047025769546329
26015,0.021931870212247104
37191,0.08548948044087033
54419,0.14116773103984584
35448,0.6712128805180954
19057,0.05299677908210089
17906,0.33181692654065625
2632,0.7919985715963919
16739,0.3254924592530015
54183,0.4508286370479217
73155,0.051286540197264203
3592,0.24048066758719655
73281,0.24877532578635014
8585,0.01767463872007742
66423,0.004871596444514558
71382,0.15530549139222696
9417,0.05106726851780496
67593,0.010548856260556485
28177,0.004053550373241939
18689,0.5365697862956702
21310,0.3491320380808391
37322,0.8150203208061749
36819,0.043955607731511054
42854,0.009821180888800454
55747,0.019822577571190467
20012,0.02924993116242921
75513,0.005157200176944275
21731,0.15594196873484145
66178,0.12040551088233334
25476,0.38506265577043164
40135,0.43483751050600733
4479,0.5403000408085219
4607,0.12512594416294087
4430,0.3531768879660151
28854,0.9988584256273927
37696,0.026338999181571378
21802,0.9988584256273927
27893,0.5333822710538566
16601,0.4473542705196483
38623,0.10623324364365605
73339,0.36088372865901885
28232,0.05697271614239769
20606,0.020307266454021058
5507,0.9988457973885062
43263,0.7271173348783649
61769,0.08153117587681841
62949,0.049180439879091334
26899,0.9988715423021006
36742,0.9990437080023743
24510,0.9990437080023743
74813,0.04874447680108192
58943,0.018030788338490675
74371,0.9990437080023743
50956,0.24174753735383037
73463,0.05026628929228657
75013,0.024404276601663815
50152,0.3446204381519515
59077,0.9990437080023743
78363,0.8163699637728277
57288,0.9990437080023743
17157,0.9990437080023743
63472,0.9991251782831612
26674,0.1679999577021714
62189,0.2592150187509111
36366,0.9990437080023743
47404,0.9992134920946788
65931,0.11531981986965399
14663,0.06374520680286008
43556,0.9985096106802885
37171,0.060106346502994026
21510,0.9990437080023743
45925,0.03341894603180354
5005,0.9989935133220992
51898,0.9990437080023743
8832,0.2908974895194263
16102,0.0034106767200924536
69976,0.46058674216190254
38486,0.9990437080023743
18414,0.9988457973885062
37437,0.9990437080023743
33432,0.9989935133220992
67594,0.9990437080023743
48366,0.9989935133220992
71203,0.9990437080023743
64332,0.9992134920946788
70988,0.9990437080023743
7254,0.9988457973885062
31741,0.9983383517181672
23947,0.17640175856476756
79051,0.793157121290975
38279,0.9990437080023743
6561,0.9990437080023743
16879,0.0068831051696038835
58216,0.9992134920946788
25323,0.9983383517181672
18227,0.9990437080023743
11940,0.9990437080023743
7620,0.9988715423021006
65064,0.04305471218586119
78510,0.9990437080023743
58799,0.9990437080023743
50573,0.9990437080023743
1219,0.1257736907784013
42904,0.2583219681469936
1409,0.45055938247980803
61315,0.05355073491003771
20655,0.7260794251641401
33742,0.09603278281231559
48352,0.3979212410035928
11218,0.9990437080023743
61402,0.17898627713853835
37891,0.007336421715123071
58236,0.9990437080023743
57620,0.9989571661526216
50062,0.9990437080023743
28153,0.9988715423021006
77580,0.7380757747124715
46871,0.3071834749333353
5682,0.056516093522182544
37959,0.9990437080023743
3202,0.4183349838424128
50552,0.24195412298605132
31972,0.006624150681879703
4890,0.20766629950258575
54605,0.9990437080023743
33363,0.9992134920946788
65517,0.016407137624337407
37318,0.9990437080023743
32211,0.6950840200063869
28716,0.9990437080023743
8109,0.582975552203186
2474,0.12169221774654274
22734,0.9985096106802885
77250,0.9993182673972354
11992,0.9990437080023743
31977,0.9990437080023743
1923,0.9990437080023743
32251,0.9990437080023743
17444,0.9988457973885062
56314,0.8784021630406594
26919,0.11056738052581316
60156,0.9990437080023743
4842,0.9990437080023743
24282,0.9990437080023743
24856,0.9992134920946788
39029,0.9990437080023743
40911,0.9990437080023743
11786,0.9990437080023743
30384,0.9991258765809697
28001,0.9990649894241741
31511,0.9992134920946788
69209,0.05460120887121502
67613,0.9990607022628661
20515,0.9989571661526216
17602,0.6813734690219158
61190,0.9989349769283224
30615,0.13915917215024373
30922,0.3318697506023679
42001,0.2508650133755102
51544,0.9987262913578125
49432,0.9990437080023743
34723,0.21422760107874117
11219,0.008017855539739941
30122,0.9990437080023743
1741,0.4183349838424128
63398,0.027092289569209383
52483,0.9990437080023743
76138,0.9990437080023743
57802,0.9990437080023743
77378,0.9989936199065065
20546,0.6857665884714467
50127,0.01808123859512639
48229,0.9990437080023743
16448,0.9990437080023743
30483,0.9990437080023743
12461,0.5283652675859656
27003,0.33014389704802977
52182,0.9988457973885062
36528,0.21621192593021826
10403,0.9986742640080757
55269,0.9990437080023743
3193,0.1919427429512712
38576,0.5312223100216659
17523,0.9990437080023743
1455,0.00342823910367965
35422,0.007102559060637653
44412,0.9990437080023743
50970,0.9988715423021006
69011,0.25654231029684116
8254,0.24669687980753807
76501,0.9990437080023743
3099,0.9988457973885062
5739,0.02200104472848891
63221,0.9990437080023743
62509,0.6224663311877352
25969,0.9992134920946788
70159,0.8049217756926422
66170,0.9990437080023743
31284,0.31344958592435956
40499,0.9990437080023743
37711,0.16366892844773878
44421,0.16255337501692968
56233,0.007336421715123071
52285,0.9990437080023743
68477,0.010606242171853098
71081,0.9989933209170615
27431,0.12916091608355476
68960,0.9990437080023743
33801,0.561039965894438
77569,0.9990437080023743
14989,0.034006865589947574
12907,0.9990437080023743
62346,0.9990437080023743
69263,0.9365190756843083
55957,0.9990437080023743
63866,0.9990437080023743
44398,0.9992134920946788
78899,0.9990437080023743
65773,0.587083891113944
29542,0.9990437080023743
29521,0.9990437080023743
38256,0.9990437080023743
75597,0.006969587326523875
54381,0.519523999482353
70838,0.9990437080023743
54262,0.9990437080023743
15862,0.5470746700545936
9746,0.4183349838424128
24525,0.05731231906461713
49323,0.2042419939645139
62249,0.009879422484963535
2883,0.16750216462029283
19590,0.439366940251256
72844,0.7875875636899187
72692,0.7930158458522274
2787,0.04420077394744453
50186,0.046082187456204085
46366,0.0368324608275076
47250,0.4577205027482259
17770,0.0031718752422316577
16351,0.770788217276992
55042,0.7658257658818611
75180,0.2415983467965426
9089,0.018544421226279084
19727,0.1688070100551631
71304,0.9114092131895621
17882,0.01286501369100161
69170,0.34779306421246414
73415,0.2042419939645139
76408,0.11665623284126436
17132,0.5748774241216283
22107,0.0019292153438516617
44990,0.7611057071200257
38750,0.23299137074317627
75840,0.997944060956346
27916,0.00029391754730473873
26120,0.028796306846485067
56532,0.006488068810726698
66127,0.997944060956346
37178,0.0031718752422316577
32178,0.7573554924890009
36997,0.18164865093446064
11882,0.046609591095139055
50644,0.0037361536793688505
63329,0.7560205444249958
27741,0.6912313737414227
60482,0.21368889587623321
56242,0.7680247295057333
25539,0.07846038503281506
58415,0.037999832993143676
57875,0.0037361536793688505
44840,0.1860968024835464
15978,0.01286501369100161
72979,0.03599016936673459
44407,0.00037995515173355716
23941,0.997944060956346
72131,0.028225393317859285
22188,0.7573554924890009
60636,0.4812663588453457
31095,0.0042679491940554575
48583,0.8858094540171662
9696,0.2697331176027431
14640,0.28275347025420144
26599,0.7573554924890009
9983,0.2102158574455128
56355,0.997944060956346
16877,0.02311675526424698
21684,0.7573554924890009
11518,0.007984526180406588
72783,0.22077873841498183
13881,0.8346327767952687
825,0.17470142299689723
62821,0.7680247295057333
45212,0.04542266211917653
17997,0.02311675526424698
1754,0.18043793640087102
74236,0.13145808848385823
14326,0.23989592564980328
76831,0.20550540709812215
50604,0.3596193068582977
50666,0.7573554924890009
71392,0.0037361536793688505
42486,0.006990230447743008
23581,0.01107210600809871
57866,0.5650169128374908
34513,0.20476849177943687
16255,0.9347409163324689
20562,0.997944060956346
21247,0.8276522657717019
26399,0.0051726858168134136
869,0.12010285161221293
16998,0.02624141505791868
48705,0.004710156403935281
8079,0.029360159021045305
73896,0.997944060956346
78136,0.02131538454042022
28526,0.4143274030966387
70011,0.05731231906461713
63227,0.003198313416306585
7141,0.21509699712409738
48808,0.997944060956346
57749,0.0031718752422316577
13430,0.00604175989244235
51819,0.5290048375327427
36293,0.0026748640176538978
42750,0.0031718752422316577
25595,0.7573554924890009
47110,0.8923494329083835
25839,0.4812663588453457
5080,0.0338933372907514
55060,0.9979327735688537
35327,0.25262228182038615
75167,0.0037361536793688505
62964,0.7573554924890009
29895,0.997944060956346
67310,0.08232034496316831
54639,0.03351709447046658
19799,0.997944060956346
78673,0.019722070374530606
8521,0.26891791409184307
41436,0.03245372663177563
23491,0.17722536859442634
34130,0.9988675656988604
73018,0.8214602615614732
20176,0.9988675656988604
15749,0.20747706664727872
7275,0.9994519550464147
46310,0.37706269216580973
2017,0.20664683835820327
67144,0.2537205998633631
36374,0.7510713547747079
49168,0.10752283913497081
17943,0.9994519550464147
42221,0.9988675656988604
31347,0.03989318767841708
63473,0.5377185586368097
46212,0.9987069843407407
74409,0.7704510588777509
32900,0.3262455850691342
61162,0.9990483778351861
66034,0.9988675656988604
28191,0.9994519550464147
10529,0.8151048301705621
3665,0.24484782074992886
37595,0.9988675656988604
30105,0.8214602615614732
28925,0.009464321828704854
62584,0.3940170496132212
72922,0.8650102372837414
46230,0.4152721717796298
59769,0.9991103457623838
9396,0.16461572795651586
28174,0.9994519550464147
55477,0.03402768918973815
75900,0.3713800853093178
45216,0.023495887256484427
61743,0.6182665080612492
65364,0.35798270362129253
53951,0.3563253134967562
39942,0.04902625271443812
50030,0.9988675656988604
70150,0.001758460826137891
66300,0.9988675656988604
55077,0.3563055358561829
2390,0.3233237601927096
35184,0.31655116104894454
31441,0.16461572795651586
65078,0.18349064336744517
6841,0.13953555759598102
45500,0.0955789998549833
51922,0.18349064336744517
57733,0.673903802789552
13588,0.5377185586368097
7836,0.20831996116824847
4821,0.23555494465436164
21051,0.45014444914333074
8508,0.33439793607227625
20505,0.014662879598415054
57758,0.9994519550464147
6413,0.059636126075767626
48433,0.13929900803154094
9760,0.9994519550464147
14818,0.619234515932073
47047,0.46891864419863866
60728,0.21244880632807675
31877,0.08935035975072365
74099,0.9994519550464147
25958,0.40689779251750946
49758,0.9994693623857346
16,0.9988675656988604
31747,0.2276591847825847
22797,0.03992922338813901
78304,0.715144930359515
52202,0.9992925332438415
56881,0.11919923824556816
3953,0.8781571227175472
65465,0.03523470509374886
42444,0.9990641613417445
58598,0.24484782074992886
51031,0.7879628971389888
27957,0.9994519550464147
46948,0.408524286531818
46997,0.9988675656988604
71255,0.2859899192327062
17534,0.9994519550464147
35286,0.5377185586368097
67665,0.42038793317295386
49855,0.12235830294958491
31146,0.9994519550464147
66259,0.14104170245105968
36356,0.9994519550464147
17334,0.24484782074992886
24475,0.239278214087191
42198,0.9994519550464147
70810,0.49293077559895626
8889,0.010324818656415082
67765,0.9981404727389758
40149,0.008610007045711928
46023,0.5989692001973853
54922,0.19649736703287402
21997,0.0154927956504638
57411,0.9994519550464147
54608,0.9988675656988604
40648,0.9994519550464147
48116,0.7121211063698715
49223,0.5244572342960852
47607,0.0038277256046530925
36979,0.00020478154976416414
49,0.9994046260778541
26468,0.24484782074992886
7378,0.4147388711379133
67547,0.4432590742010767
74427,0.7309801766386875
27691,0.7338989184152307
40844,0.016897248207516483
63770,0.7631147074544773
30541,0.42537096788591106
67439,0.009628650702424262
78199,0.007580136473723303
24103,0.2982594838603787
16348,0.25109550467339464
28768,0.006540260694439798
6048,0.3001918972473442
18997,0.09022694562297008
35726,0.9994519550464147
50242,0.9983749096072658
25010,0.6638716751250193
28115,0.6658799665650781
6908,0.9988675656988604
32597,0.08777923066182455
39847,0.0034497934014749345
9115,0.24484782074992886
945,0.3619894187608929
31482,0.5395387478206882
27400,0.7879628971389888
54934,0.7885625780674976
27580,0.4276396076077906
6985,0.13273175999959314
73559,0.11261351922474688
42549,0.7531141109011287
38746,0.9988675656988604
28215,0.49293077559895626
73906,0.9988675656988604
78271,0.9994519550464147
58549,0.01705132111199585
65593,0.9994519550464147
50305,0.023495887256484427
34987,0.7758183653583294
37082,0.9990641613417445
22659,0.10736892855313057
42121,0.9995967467076555
57945,0.11358210365131381
10205,0.511131124934488
10808,0.9993402632012861
51627,0.0656898598919325
6766,0.7859575839899073
3189,0.7729419547440954
30437,0.743368747417065
70048,0.9993402632012861
64797,0.050150542064205175
36395,0.9993402632012861
28784,0.9989445838702422
26927,0.05654627625133431
53224,0.1935642550873149
13734,0.9992330406008649
13966,0.007531363813443017
9798,0.07756652789497433
56272,0.9993402632012861
41553,0.7944709957314925
69943,0.11631458713917332
57154,0.6234519113990427
8464,0.08574534344938407
3926,0.9434510843075243
27739,0.9989056320981671
22162,0.7936507975765071
47021,0.2277090416317564
21947,0.0030550434757587713
66897,0.0031370138100815055
72081,0.05589467746919351
55809,0.08054218176074536
76462,0.796970797542752
78072,0.016538146275253598
35110,0.9993402632012861
19749,0.735249276495863
79197,0.9992351900749123
30315,0.44678735796162816
529,0.48989931401488324
2370,0.016616141230806063
12570,0.9989445838702422
44416,0.16799989506770394
57440,0.8401770999154239
35400,0.050150542064205175
31771,0.815684424899634
78184,0.9989445838702422
61924,0.9993402632012861
33072,0.08487468369328277
49478,0.014224443475803428
65021,0.3401285681270284
30789,0.8894467682374632
4598,0.7359377513071087
21327,0.056769366042351235
72701,0.00984597431835698
44309,0.014839219660142091
61345,0.04578242706790601
9471,0.9989445838702422
58542,0.3160387860593806
55693,0.7498414037865013
19172,0.47774591635357616
47672,0.32335534535051424
47148,0.2706848051874443
64974,0.07729844351555386
10653,0.9993402632012861
75157,0.47983383349093217
51433,0.12243856936792509
19466,0.9996258931736716
64560,0.36935947685779996
65264,0.8904413906708056
16741,0.36489297269250043
47654,0.9989536309836958
59876,0.12937579667107005
79044,0.9973728957525282
78575,0.056769366042351235
18705,0.8275819224665444
2020,0.9993402632012861
75905,0.1930461649472737
69622,0.04267592894843649
568,0.252788779153976
49998,0.19075926081043454
35199,0.3175983846504683
14405,0.842429047458264
30280,0.7776321856213655
51098,0.061892407331086544
62514,0.2741801745214462
33093,0.7759487851264325
56965,0.39641358098119384
74526,0.056128939430038674
25299,0.15848460243322957
54400,0.04578242706790601
54161,0.7759487851264325
55416,0.5716387970763256
70286,0.07756652789497433
64266,0.25533955759565735
51459,0.681249770167119
11279,0.017263009045293088
50909,0.18030348200573673
78101,0.2543850194249046
28134,0.009724143673061604
15910,0.9989445838702422
36052,0.9989445838702422
76719,0.4394751817871603
72558,0.9987286496100262
6575,0.9989445838702422
24687,0.9993402632012861
2527,0.7759487851264325
63292,0.24583413781428548
28392,0.016616141230806063
31705,0.08839202848300862
40725,0.02902981707418983
69713,0.008731490113755744
37998,0.7629092861183665
32927,0.10519329931919154
48622,0.8391586141701279
39471,0.034287487987617715
47446,0.056769366042351235
33650,0.04578242706790601
66203,0.9989445838702422
15740,0.39311749545741126
23435,0.999569742977115
74636,0.9989445838702422
6616,0.055897360923391294
37571,0.7710925856171928
41369,0.04639878603443662
1833,0.9993402632012861
69180,0.7729419547440954
31116,0.3901910175628339
11520,0.46243258002068005
56902,0.9989536309836958
67595,0.00031142677338715776
56235,0.9989445838702422
36534,0.9989445838702422
56228,0.6286074370539337
74859,0.03077285240499265
73342,0.5001272315798725
39108,0.9993402632012861
14691,0.00026420516581327424
54974,0.5212690882918889
57772,0.061595660895817604
64326,0.9989445838702422
29987,0.8270389008937788
12824,0.3229524701338449
27622,0.04578242706790601
42608,0.9989445838702422
60288,0.7629092861183665
55201,0.00018899787243576355
23017,0.7759487851264325
54597,0.1231018746696668
69548,0.8401556722510175
46540,0.8006655513838251
47843,0.008512003679624888
25363,0.7964583199523089
7550,0.7759487851264325
52803,0.1403090393457741
44654,0.9989056320981671
18933,0.030539228429998816
78779,0.2716460152956314
66179,0.9993402632012861
17102,0.008224357734473631
69358,0.19898069581235125
73501,0.07496748254610655
51551,0.00972872315482175
20449,0.016149885168476305
4782,0.77875702001761
36492,0.04740419060918157
61688,0.15227761317321648
19740,0.011474301445177462
33290,0.2073506718397858
4031,0.9993402632012861
49924,0.8033986318909869
79006,0.345951234213703
10061,0.10519329931919154
36777,0.9991990189716096
30014,0.19864924848935878
45705,0.005083868910432744
42018,0.2040410561416949
78310,0.593836727536607
49818,0.3280208566238668
17257,0.002148660388197402
6337,0.9991990189716096
39427,0.7352295716297796
75490,0.30413162563803364
307,0.0031007100054263512
50063,0.0029626437002523614
57347,0.9991990189716096
76364,0.006309538311252673
54334,0.7204132562982292
1925,0.035324937520347086
20103,0.00646039685090572
54069,0.17329929595115143
60523,0.6865423381034307
24017,0.00012963796752140543
27921,0.6570806018933131
7208,0.347419458775842
20755,0.14061606916884248
48582,0.17707087998392898
63689,0.08890483924054934
42146,0.7348956359231948
22321,0.008480160514462296
261,0.008310556584461361
53807,0.07232176699385542
59005,0.9991990189716096
28491,0.030892690595030785
16364,0.006825549400144059
25773,0.7362943679556911
66628,0.9991990189716096
52577,0.0337207057386252
55153,0.827531613580073
78466,0.8626633343748259
72049,0.5040751637867176
40936,0.08911871297210242
25475,0.9991990189716096
13464,0.6805583793051965
49685,0.007571586253777029
4677,0.011003186245552379
2922,0.005083868910432744
35578,0.9343675167145024
15420,0.0005323082128906119
38248,0.19700121428993375
60818,0.026922358774583655
78248,0.21273793818144657
50871,0.008310556584461361
63147,0.007982340910472103
28769,0.5107417123971949
2460,0.637925860927201
10548,0.31975438129349654
11159,0.82468360576019
9916,0.8133158395580974
72530,0.026922358774583655
36283,0.810994368555721
5488,0.8023757838743573
62602,0.2365546710324228
3339,0.008310556584461361
4301,0.27053997032648575
27585,0.7469980717800374
17777,0.17976992809655382
55774,0.6364456511493215
78238,0.6102544587463185
3842,0.08050945442581726
7471,0.08262535403001585
3692,0.9991990189716096
65079,0.5646832668536081
15291,0.9991990189716096
4396,0.008310556584461361
52056,0.4476582206075352
34608,0.7293398732813309
78663,0.03189261708611341
19395,0.007580330559507058
56239,0.9991990189716096
3340,0.22083007794144618
5213,0.8344383242371206
70539,0.672045185530607
247,0.9424845397258909
77432,0.8979519873083686
18041,0.02960967597784911
5446,0.9424845397258909
52801,0.0017479618851271273
76662,0.2090693637155974
2000,0.9424845397258909
53062,0.43695436482055877
59031,0.9987790496100353
36650,0.6995894520695609
71324,0.1882236354869332
14435,0.9991990189716096
48479,0.008310556584461361
47004,0.36583280951874375
62614,0.04845800023675045
50071,0.6626880187840595
70102,0.6513716197291316
27899,0.005638535712021673
38516,0.21655511822346055
22489,0.9987790496100353
54741,0.09752656567297074
25199,0.0021610356642790666
51560,0.17404499648765873
78176,0.0024959169947661505
3466,0.7412779021613685
43666,0.9976712885099807
69495,0.008310556584461361
28181,0.5608817285858771
444,0.7934965225949052
53366,0.9991990189716096
72021,0.5684883008030337
33594,0.005083868910432744
64815,0.13430671057616358
7395,0.008828663226618284
55666,0.6309898669312592
12205,0.02859419941812538
62822,0.08468809795456915
63117,0.9991990189716096
25977,0.20617149042865912
46799,0.005787010422480683
73216,0.37861547818587393
17676,0.9132411001213572
32176,0.18621764002780442
10530,0.4579865361833349
16192,0.9991990189716096
54699,0.4273009808703749
2461,0.9991990189716096
74423,0.007213297760408464
21257,0.0862226206126242
68603,0.9971881236084337
40751,0.0014313365675460196
33388,0.14329824113881315
45762,0.009074952546278782
20294,0.2655320410115731
29159,0.07066204179811583
48488,0.04265462668366945
18908,0.8210854518579148
49087,0.27103496833739443
49856,0.9985342679669834
71831,0.10348936557804946
21557,0.9987026346610149
67471,0.27028814690222747
58151,0.24707626001825247
4695,0.17609997866800847
69357,0.10766595623768782
38295,0.059812459396911086
57184,0.25708166536044286
8273,0.0714439852255957
27279,0.18212931097050214
36008,0.40872470800726696
25038,0.08823554395946234
53814,0.9985342679669834
73228,0.05767405399238385
36535,0.9983164042171617
66352,0.7081446698005834
66698,0.1030310746824384
43272,0.0023893963686553296
53282,0.7445973514664319
1050,0.3749901485100058
57820,0.9984226305711957
1886,0.9985342679669834
30165,0.2229768404636982
46106,0.7395826450836812
45321,0.21153158336140626
49324,0.7506596144494677
35080,0.008299519481773484
909,0.9985342679669834
18678,0.001979031457725816
3536,0.39989214560052544
64237,0.18713062801009217
7274,0.028621569629888148
44349,0.9989615085503479
33526,0.1870382429679495
6554,0.6341798140259816
20506,0.45618648354685565
66484,0.03457191760129223
50439,0.7132886664239694
56382,0.998638514374034
1702,0.1783823903052744
55032,0.10019523983870218
2244,0.8791867984950553
31458,0.9985342679669834
57,0.26710284783895
66267,0.21489898705643126
33747,0.9548365671866711
16980,0.0004101252670476507
56388,0.003941123948105721
29783,0.17396348153233987
74415,0.0023747161409809602
22579,0.0006682804015428082
31127,0.25772559548588125
18782,0.17425035492492894
4961,0.16682165915162023
64187,0.20231240784333754
17862,0.6683066065302888
37133,0.013845761273203375
69668,0.0744995239053464
3217,0.07861107413640217
62158,0.9985342679669834
70336,0.005481172974111932
38502,0.6301043861593221
32471,0.9982335156665519
29765,0.0725890854311026
31689,0.010225374136824453
56852,0.9985342679669834
49649,0.46680026285531095
52806,0.0023893963686553296
23247,0.2285598014271968
56441,0.35388070524026943
79004,0.8355919628378122
20940,0.2090318427287195
1615,0.9985342679669834
16293,0.05751689511469383
75017,0.9987049298453153
61837,0.7610301751100625
6765,0.9984218373162814
59317,0.00940513238159417
27468,0.0022555517973275627
2367,0.05340319447914128
62224,0.027909460718350418
14236,0.46099086291563063
74469,0.27615488336153404
58500,0.19120019974995286
74685,0.8512290574762251
53939,0.09182870906025233
65409,0.2617535002807268
39843,0.49028703955317676
40309,0.02013857494009894
3680,0.009013948402983297
57004,0.0144347627299278
17998,0.19309297198729045
53215,0.7220148475001416
19324,0.18800866669634086
64524,0.18095772235383378
28416,0.00022794888836838984
57561,0.2817708412678588
9863,0.1427648307826289
22486,0.3429908691443476
55548,0.271949426394078
45668,0.9643149575249632
5609,0.30200634122950565
29204,0.7385926796505936
76252,0.3173622402632037
54031,0.1232323593758788
36573,0.19912311411013464
57924,0.2310250733403017
35691,0.6991499982140733
56816,0.1767295799541436
55031,0.560698131584082
64649,0.04510397145289798
67697,0.2485667398152035
62041,0.15067802713090434
78221,0.5484538900633246
78462,0.9000839923621622
4831,0.7651278510874607
41724,0.006949801265000075
70378,0.2783076262368377
7146,0.0344811053607722
15026,0.02873519934995205
57989,0.2974544053883802
598,0.2509374008100011
38058,0.03639105712310619
2341,0.20718643407021728
25766,0.1722856528339866
68450,0.07121870513341892
60696,0.05030471334858361
27454,0.26538931053325815
36304,0.2195783703022643
70737,0.2308095950174787
9395,0.4985698526722442
58807,0.004187365964241437
62637,0.10436202987889458
69945,0.24796401257380865
77874,0.16109417036768534
55097,0.024282509614964955
64034,0.030567254885209765
7905,0.18146402023160307
72133,0.18665555545737605
75983,0.112654041989399
44733,0.32042793785960016
50356,0.24891409847775464
39808,0.0037744261783170916
6022,0.19305025052975408
76164,0.06177067344039559
40077,0.18146402023160307
51084,0.7763600150388986
55787,0.17108383505701083
77837,0.4228714491174968
1670,0.015225038830091178
12942,0.21933034639798446
56407,0.29484318204028787
33530,0.7633195677471506
8177,0.33203129927867164
42256,0.5141994312983114
72280,0.24302219195521094
47397,0.9033537708378667
55897,0.7534115037258121
7920,0.24796401257380865
42924,0.23351589377776696
34365,0.01994464279841213
51929,0.027867475346033222
63583,0.8159504997170767
4862,0.18440336945985422
75312,0.05104263278739821
10986,0.07231727092287962
46054,0.18783509774485363
43148,0.23313836250489828
11806,0.7952874756736905
41038,0.45126736458316125
59259,0.2828562460188377
9650,0.4862654014885417
22100,0.5931547835124146
16260,0.08004405312907333
18171,0.33463858527552665
64386,0.3060641463960534
8121,0.23538909018487092
64076,0.49309330910836696
75569,0.00019246904598991803
15009,0.02013857494009894
74508,0.32042793785960016
9416,0.3111142188836933
71767,0.12053030877873998
32748,0.02887479132100492
49696,0.013853467154125547
25144,0.22422482428551754
8799,0.32042793785960016
11742,0.2855502635447664
76788,0.3395456388745846
15620,0.23670297857282624
25817,0.8352856629803176
41336,0.530026801820511
18362,0.00016025240830925904
43564,0.5912593146858165
78015,0.33294930399273487
16207,0.13213106113559478
47038,0.09902194888062837
10337,0.9033537708378667
30553,0.03569882476252779
53610,0.07718405786246801
34929,0.05228803144292838
24205,0.16514000928890568
33759,0.8159504997170767
2655,0.02787553398863038
55599,0.7472177333659047
43247,0.0476351477700458
21819,0.6451742217575341
66674,0.10329118801003837
12975,0.2653283765494276
65356,0.5717372427180125
11597,0.00791875020628276
66047,0.040349732108733126
63395,0.2853881933000135
10130,0.005710741645191863
57501,0.2455338398475101
77067,0.02829767653594856
78003,0.32870716539246897
47701,0.14277479563531978
37390,0.14220315632173408
30667,0.09911788131314622
558,0.6661845579927572
62510,0.35617543062728685
21447,0.9992134920946788
18014,0.2618628877126455
59100,0.19871773491937222
30227,0.36462461818302494
33911,0.07136765146907971
63576,0.0020759421121471777
7433,0.9978032741313955
11921,0.3743629934140811
71271,0.9992134920946788
9229,0.1297385684116042
24241,0.28810176210380084
37925,0.012361022210300023
14457,0.014232124557489578
6930,0.19582098938702147
33299,0.12836968628192125
9618,0.16881013657020597
42596,0.403251088066744
1920,0.05496542319035173
45593,0.08580778041591189
74706,0.5005687301232007
74318,0.00348366397798334
73512,0.23946163102753182
72278,0.20453199778248438
31913,0.11185604126964227
49397,0.18504114267442695
1950,0.07951429569526722
76879,0.41643330390423305
44135,0.04188619458164978
43373,0.999400485836139
2366,0.28810176210380084
11699,0.3699602191037252
50392,0.20554913344146422
22726,0.15283634257843728
27453,0.041029654977503105
62752,0.9992134920946788
33616,0.15060030680719896
67914,0.019712422570661983
15142,0.17727807613035007
24279,0.22916470718386506
14552,0.9994027102505405
67440,0.9992134920946788
22598,0.012684046513087672
26326,0.9992134920946788
49117,0.1749637883429083
47043,0.25997029860288295
72024,0.05379658168355318
72987,0.9992134920946788
3061,0.004829162892600687
70686,0.43708472301320206
58446,0.15050960062236912
48283,0.1872987136754578
66119,0.18970049708838624
21072,0.5981426716383013
70431,0.9992134920946788
72483,0.2370297019168851
53032,0.006062080346676233
34949,0.6254470744299232
59406,0.17585516543232876
40392,0.37908998349270395
21102,0.12362764138836993
26998,0.7314147262913241
49714,0.2440092818530783
52588,0.24331600678718737
20230,0.008956740791405573
19155,0.023375690019847736
48349,0.1369678734172758
16066,0.11480182994949041
62072,0.005546734964203905
63088,0.006029244445815412
6164,0.3383008060514783
9472,0.9085294200002376
26784,0.16800824334325307
16570,0.32156468792118464
3811,0.6661845579927572
18741,0.30223322262857244
43626,0.659015702904676
1653,0.18206466238007382
66952,0.8095955058677032
17199,0.01674564196786056
69854,0.2647293058377704
49005,0.6881797681988461
48693,0.2598505149762991
10356,0.44644585925685115
41012,0.00026300671479948163
71205,0.39380158452465386
64362,0.3013975645485737
48044,0.016708180328338453
73674,0.7578337960068379
15022,0.39439173521655085
42245,0.12537062356015932
40439,0.7357123674206979
21184,0.46159804599685916
74515,0.312563293135454
69536,0.27730397549711655
6631,0.007278548781796265
52105,0.5766083420551528
74690,0.13506611905128443
62029,0.013073371729299092
6806,0.007811724517960879
13471,0.9981097447842251
51358,0.05470438445443407
50709,0.825844683539628
37086,0.9979226965486231
71399,0.7583488470563485
62143,0.2743273904597195
74073,0.0359892261565336
63043,0.991303343839134
13770,0.18342827988604146
45531,0.03717556818479518
10524,0.002941136063749834
55249,0.9979226965486231
15296,0.31734512034176654
78038,0.541528048677394
64687,0.21401218605199962
76345,0.31734512034176654
29251,0.7757166178739785
45381,0.2070874329980352
45988,0.07877214581472175
56628,0.9979226965486231
2553,0.07018165665352463
39744,0.7043597091502471
57804,0.08937253819129247
25715,0.6044808552818886
15933,0.9979226965486231
34434,0.4223261059448228
25103,0.9979226965486231
49955,0.015390163644540223
53768,0.4432337508155964
40732,0.9981097447842251
9033,0.018408639894116854
34580,0.013073371729299092
20928,0.9890358624547234
27210,0.9932533703489231
33371,0.013073371729299092
12301,0.40999166203458437
68796,0.9979226965486231
69759,0.9033701745933147
48792,0.02638228276488789
21425,0.9979226965486231
10361,0.4531445085901825
33587,0.00012657547954076157
31404,0.9967203390238507
19660,0.2805057693153302
26910,0.3896274606787461
50913,0.016955655957272473
17183,0.3109591099785675
73351,0.9979226965486231
17301,0.9981097447842251
3440,0.9890358624547234
75807,0.02172992166318012
16428,0.7471036587910603
46625,0.8695081093512446
46024,0.9890358624547234
15251,0.4639804586183226
65251,0.9890358624547234
66096,0.9979226965486231
73354,0.5400649391636858
34876,0.33155040890155757
43372,0.19151634294933606
3810,0.9981097447842251
32357,0.1668920140117565
38312,0.3217896436086676
33643,0.364825157285532
63823,0.31396120433771124
1627,0.29881073104362227
32876,0.17628355166498746
61921,0.46232807357531974
46009,0.10160908234613904
63590,0.3071367473564255
48128,0.2208412069945038
15958,0.5013486345866517
76450,0.9979226965486231
58716,0.7371241385581805
29411,0.20132501759679394
50132,0.1395432374559795
44611,0.9973694699605626
48218,0.001107040963074162
69073,0.9890358624547234
15702,0.0868425814623659
17564,0.9973768236344359
66555,0.016466286206709164
52108,0.1651296871935874
22186,0.011323593442135996
74599,0.9890358624547234
67937,0.46985855346660704
39714,0.22454922789241766
4647,0.9979226965486231
63351,0.9979226965486231
44292,0.009161174403474632
26652,0.013073371729299092
33718,0.9979226965486231
29073,0.9890358624547234
66447,0.05079942364841998
5675,0.001481327226425203
55895,0.047282126066636274
21989,0.9979226965486231
30867,0.8911021480947972
15004,0.013073371729299092
11420,0.7673939629165284
32275,0.2692999309395771
46666,0.013073371729299092
46623,0.013073371729299092
12240,0.998552686730765
62599,0.9975142581227708
16706,0.319715391074164
73225,0.9979226965486231
32010,0.9985338406689136
40986,0.13525607328314546
44499,0.8918024547408174
75661,0.9985338406689136
38429,0.3179501442550077
75566,0.811282657021097
12810,0.32274948764125894
4360,0.6315890529260328
76729,0.811282657021097
63366,0.8818219564664361
33827,0.456435999959581
69386,0.9994046260778541
59255,0.9980153369590632
1817,0.10466784621472719
14498,0.9980153369590632
31970,0.35531301316500613
77114,0.835080026812871
18106,0.045815547830206076
78571,0.24173766206210012
27196,0.998633200707217
50887,0.3201173223344678
5240,0.998104022784812
40160,0.9994046260778541
62797,0.9994235358417786
46360,0.9985338406689136
41723,0.9985338406689136
49263,0.6653642907595391
25231,0.1852905862576808
43715,0.835080026812871
44160,0.14770784355489255
36846,0.842409271743331
71483,0.9987059576873379
27302,0.005206883933151195
39329,0.9985338406689136
24029,0.3701293758378668
12522,0.9994046260778541
54216,0.9985338406689136
59623,0.14718512044630122
75702,0.998104022784812
22076,0.1722287352439406
68148,0.9985338406689136
65170,0.9994046260778541
60163,0.012573750121032855
62905,0.9986465268794349
29803,0.998104022784812
36924,0.3467252201076998
45441,0.9985338406689136
60078,0.9985338406689136
61711,0.7002354364735422
27677,0.9039502744721977
76176,0.9994046260778541
5704,0.9985371751921006
61902,0.9985338406689136
60563,0.9985338406689136
78994,0.835080026812871
50946,0.9984460601846036
21301,0.9985338406689136
78942,0.9982068477814828
61033,0.9985338406689136
70598,0.5492662975763619
4792,0.9985338406689136
320,0.21399328180083121
38380,0.9985338406689136
10568,0.9985338406689136
5914,0.9982068477814828
72863,0.15287790673991256
54767,0.06437057772107674
7233,0.2482925390892728
54646,0.32628536224109833
64913,0.9984566301440622
25793,0.9985338406689136
51365,0.15230372114538696
9005,0.998104022784812
32600,0.88110055973632
56732,0.9985338406689136
73108,0.14718512044630122
5807,0.9204351052828099
67397,0.9204351052828099
52329,0.842409271743331
27426,0.9985338406689136
41367,0.39046815379267
65425,0.998104022784812
70821,0.9985338406689136
69903,0.3569122553264732
23881,0.5762344026533812
73967,0.12721078145706236
65050,0.7287326424115319
62108,0.9994046260778541
69001,0.5034528613053065
76994,0.9985338406689136
79158,0.08302732034479443
30869,0.12108308209554171
40643,0.9985338406689136
38894,0.875907674523231
50431,0.02519636402182647
7044,0.22683115725799158
34294,0.9985338406689136
53584,0.9994046260778541
23260,0.7722957803682554
43979,0.3665905127932704
27269,0.32934952455653627
30917,0.8934187165200769
6058,0.31934190348608427
45703,0.9990041462087257
22073,0.41647423883520174
65588,0.31233279952427145
13783,0.9104015178794411
69135,0.07627341475578164
10538,0.9985338406689136
44046,0.24044320788045442
10511,0.277260055237649
28209,0.9985338406689136
67966,0.32901581410804165
10221,0.9985338406689136
3933,0.998027764455226
13455,0.9985338406689136
3824,0.07758714293987388
38109,0.9985338406689136
23447,0.9990237032555453
56975,0.9994046260778541
71241,0.005186456510076178
7972,0.23888703995403987
60423,0.998104022784812
62696,0.24507051401245944
27371,0.017831057702958723
3870,0.006251375863235402
55782,0.9985338406689136
78548,0.18663970175952826
26520,0.03273034165214726
47969,0.2955380807530192
10316,0.9985338406689136
35362,0.9985338406689136
31324,0.0255648668025356
53679,0.09610635789616678
59946,0.9104015178794411
62649,0.9982665762530297
8485,0.9985338406689136
43953,0.18729822894876802
6051,0.01959600187022131
40935,0.9986298885473882
46105,0.9980153369590632
55829,0.39074096217295284
62980,0.9985338406689136
62472,0.20723205144548498
55280,0.2169889420900285
9706,0.004317245019912514
10266,0.1954090917775221
76622,0.9985338406689136
62086,0.998104022784812
59941,0.025116237003854246
49726,0.9104015178794411
10565,0.2859817618957208
3599,0.7749494309483079
45972,0.9994046260778541
22064,0.9985338406689136
49221,0.9992899197035291
50346,0.6312260410317749
65351,0.00716650443076976
68536,0.998104022784812
4747,0.10316654281283323
76236,0.998104022784812
49715,0.41965684932977704
41301,0.9985338406689136
71620,0.5281241958899898
31128,0.9985338406689136
79020,0.5872861740681465
58269,0.9985338406689136
50950,0.7076377296181795
60125,0.9990237032555453
3018,0.9985296996210848
49411,0.9985338406689136
16361,0.9985338406689136
31111,0.998290089318364
62113,0.9985338406689136
78884,0.9980153369590632
6488,0.9985338406689136
57601,0.9985338406689136
45211,0.9104015178794411
63870,0.9985338406689136
79052,0.8552364038406636
70345,0.15321813145011068
56893,0.998104022784812
2420,0.03147059517336075
20044,0.9985338406689136
67022,0.3039320199407593
79134,0.998104022784812
23053,0.08286709407197768
17060,0.20328980643432973
21519,0.9985338406689136
32845,0.9985338406689136
60205,0.744286020653511
16925,0.9985338406689136
59695,0.04676785352231865
35815,0.9104015178794411
2037,0.21678931148295194
3066,0.35531301316500613
30049,0.9985338406689136
55262,0.9985338406689136
75650,0.01735908154307007
23483,0.22173470190651015
40640,0.9286447892074395
75929,0.9104015178794411
66578,0.8065349347783412
25569,0.4980853690453735
25990,0.15463817817654255
16499,0.05398736564936757
39760,0.8359483889917894
37019,0.026833175417175
40319,0.6808889559096158
41191,0.15321813145011068
61749,0.8047165771404564
34270,0.9980153369590632
51445,0.9985338406689136
59895,0.20702322064647338
5814,0.9982068477814828
78223,0.3733353843490282
40413,0.9985338406689136
43664,0.9985338406689136
40762,0.17834283785418292
47801,0.015979463858675703
42040,0.1905367152904304
31160,0.998104022784812
34249,0.6960907947783023
48269,0.2262738457174704
7411,0.998104022784812
59022,0.5822681102030469
22704,0.9962834484627413
13454,0.9985338406689136
37806,0.46716361674599255
27361,0.22004134376563123
56364,0.9985338406689136
9917,0.9985338406689136
3689,0.9980153369590632
27181,0.835080026812871
70707,0.9926838745562523
36158,0.998104022784812
28879,0.9985338406689136
69359,0.8047165771404564
28372,0.998104022784812
72129,0.6524466519958989
39552,0.9986298885473882
58596,0.9994046260778541
11245,0.3059733887617704
54990,0.9985338406689136
55256,0.0030566433018429976
43040,0.9994046260778541
76675,0.9986489941912483
44441,0.9985338406689136
70035,0.9104015178794411
69375,0.9994046260778541
62669,0.9985338406689136
59649,0.9985338406689136
36000,0.9985338406689136
18299,0.9251716314111269
12772,0.7723112575119006
635,0.9987221696439357
71654,0.53341953197375
16992,0.9990237032555453
76668,0.10373319403318595
76422,0.998104022784812
52137,0.9985338406689136
9067,0.14982983422285923
19200,0.14549861483955068
48136,0.9985338406689136
62772,0.08929306787556245
51802,0.2830676223274996
4924,0.9985338406689136
62171,0.8818219564664361
17111,0.9980001758962848
47651,0.7197647855398515
2348,0.015803782055192877
32443,0.9989107156609983
69158,0.2678969184778809
74890,0.9985416045913141
46629,0.14059515157443456
78079,0.16740646992984823
41629,0.847908924393327
64231,0.03500047825504093
55310,0.29211274169872786
18813,0.08168449855027066
51575,0.8456541964842872
63926,0.008611605543296545
54709,0.07097013994901862
23448,0.9985416045913141
26845,0.9985416045913141
31590,0.6933796116778318
12027,0.2941787951134343
55049,0.9987374184979115
8563,0.9989107156609983
34387,0.4628240345264793
29715,0.621035141582495
57624,0.7269351860706943
7046,0.473543135235307
52077,0.2812819652981597
35054,0.39652927161090984
69811,0.7658349276698065
78235,0.6404446327329607
62745,0.9989107156609983
46157,0.8289855772657237
10412,0.021630412854684946
1951,0.0790391678307146
21214,0.7819736548998719
74102,0.7627838684694208
72208,0.473543135235307
21976,0.44105402006772765
20045,0.9987359835718885
18962,0.9989107156609983
31816,0.9989107156609983
2275,0.032952687621997864
12939,0.3415444727050197
61994,0.7656318276413246
45214,0.33917680956565177
34034,0.22647595203276913
60111,0.3143091732861475
57017,0.6691119596802652
35614,0.473543135235307
19423,0.005800922535790075
77555,0.13258026527989508
74146,0.7366032675621368
41543,0.10339573866335222
37212,0.19697166393908905
24742,0.030850529132234444
65884,0.621035141582495
2261,0.28843567855090374
61861,0.621035141582495
6278,0.621035141582495
592,0.10572648432915673
62864,0.28754523369501744
79193,0.9989107156609983
46104,0.736317442421641
42688,0.7985213710953009
55033,0.5929769449263572
25147,0.2615885507555163
61597,0.1872993018926357
24757,0.7811255000170982
8745,0.998799316567933
35051,0.9985416045913141
19347,0.5948798456939336
15488,0.9987374184979115
256,0.621035141582495
7284,0.9985445467158811
66958,0.9984706139157429
63084,0.01991309983364521
20898,0.06795203729002214
27208,0.621035141582495
23087,0.9989107156609983
61808,0.3089500995787498
73536,0.9985416045913141
65783,0.9989107156609983
71625,0.9986628733174776
48813,0.016888640972905367
65452,0.9969619992581069
60011,0.010828662064291238
43226,0.621035141582495
30777,0.15840688374726009
14194,0.9985445467158811
47633,0.0036532341661440226
57803,0.2645554481866691
29656,0.9985416045913141
48818,0.5420904335716806
51370,0.7686501302785076
51053,0.0924237779011684
16117,0.0005502838506990576
23950,0.998810428383729
64069,0.20124457031692022
59966,0.9985416045913141
10223,0.021630412854684946
58727,0.11838517309988748
14180,0.9223336517096284
21144,0.3597090301829708
28085,0.13182912372043795
52133,0.6854648064056265
28014,0.5101331529783062
46567,0.16041787082667658
34284,0.5383435508407258
37339,0.9988593780210218
28547,0.9987359835718885
61763,0.7489768584578079
11930,0.12766985475281972
61010,0.9985416045913141
35498,0.034955512607013656
73375,0.1025768693717142
7888,0.8460166793438003
42771,0.2797296116882099
40742,0.9985416045913141
17046,0.029928039049762344
11269,0.7328984273513355
46639,0.3021475774017773
6334,0.7971434581679524
75501,0.473543135235307
65130,0.9985416045913141
26471,0.9985416045913141
36649,0.9973832253157583
29874,0.621035141582495
60072,0.17549137125220846
39052,0.1012764932721562
37,0.621035141582495
24152,0.4946773905402367
11826,0.8320375786216697
17940,0.8246500791291804
28556,0.6457202305491901
30506,0.9973185366549576
58106,0.3693839497870441
48701,0.621035141582495
20093,0.621035141582495
74992,0.22752502122541224
15859,0.4046072860207938
79203,0.9989107156609983
72330,0.9985416045913141
29961,0.47343236826027363
23458,0.8246500791291804
12013,0.07561912531341071
68233,0.08948113141664132
1747,0.011488165942428007
73465,0.12728288365952176
73016,0.33917680956565177
33482,0.621035141582495
9245,0.9989107156609983
20423,0.473543135235307
75255,0.038905821502524175
75243,0.01631196010044372
36724,0.9985416045913141
60720,0.621035141582495
52116,0.09214985940495012
18892,0.9989107156609983
61607,0.9989107156609983
37450,0.9193301799521139
10687,0.06053988399627124
76357,0.11838517309988748
47007,0.621035141582495
59568,0.621035141582495
48698,0.9985416045913141
32315,0.11838517309988748
31358,0.9991442528257418
5493,0.8089545259915522
49064,0.3265559143962318
60840,0.9989107156609983
64304,0.3855803853974597
77518,0.18598969914362465
64378,0.49607494843626865
42876,0.8660397596129438
50868,0.10714024713627389
25379,0.27246253385124136
32643,0.5550377523665337
44325,0.18779242918922234
38597,0.020414662869272047
10639,0.17650753040812148
14902,0.38189816100533763
62782,0.0002715666065229575
19341,0.3282895664412302
25922,0.2078877599125358
55064,0.7156335742474884
18034,0.33095182439601306
24562,0.3461376860871391
17635,0.565846051301014
39698,0.33625365319099954
76241,0.0001913975513535859
40005,0.18621764002780442
73807,0.16804441472037973
73260,0.016417453792848542
51456,0.026895896938560506
10845,0.14820184552999863
6909,0.3278582474139041
49273,0.05235574940769967
56152,0.12983552896525632
28758,0.0004239690299141514
63311,0.5061483573697222
38139,0.8728285071658485
66794,0.84976135592885
49089,0.4959705088680769
33039,0.23797747179081696
67510,0.21298756202579588
59901,0.5143227732847905
570,0.004155913155715374
14634,0.18779242918922234
49045,0.3640170120932221
16652,0.007362746853405385
56698,0.4282322650804889
68307,0.9144488657287658
67866,0.28625782518206744
72340,0.32578680795618425
27660,0.44694097545768674
42236,0.012351475284413882
15440,0.22843878193060183
28288,0.7471558621623772
30986,0.25517940609897954
1895,0.3563492517412274
16703,0.0841267811457397
17921,0.06390121020961977
50522,0.7465078725300559
49893,0.06287296327268814
17275,0.03923634332231567
21382,0.32721601057182925
20235,0.7124994317938612
19872,0.06440888455506781
6045,0.47130567872145396
15053,0.0023241288441293046
60104,0.3586598375074009
72949,0.7799680241437433
30654,0.0704117405047122
50386,0.7225634251160504
25906,0.11384341081593341
5393,0.23797747179081696
38204,0.8026557926836577
76659,0.0401394447798751
47114,0.8354676474475853
73084,0.9987386406527382
42941,0.27391593065151
73106,0.23565522471361736
53880,0.9992589429844795
76351,0.5568060792169464
59253,0.5068081769802266
9309,0.6671244904968102
49387,0.40587272982522493
28352,0.9990404216532699
57015,0.674093563218468
46767,0.23398238799252688
75081,0.013000830269571776
20952,0.15857734429803
49493,0.19985995296112852
66099,0.549403996616859
10209,0.2914551159994412
66568,0.010466200404721647
22150,0.5338091660591558
2940,0.05635954218232965
10600,0.33156638019037166
37146,0.004187751131037424
40722,0.45433902360402156
443,0.15847740473764463
10589,0.0667446965226888
64830,0.9990999795418689
43871,0.24025088849948179
8246,0.3666920573166882
17630,0.9992007545625016
64809,0.6843233917454697
27743,0.11686195908683734
56793,0.32025881983756677
34018,0.99726650389479
69813,0.005044924822413259
11323,0.34451276874669834
78024,0.9990404216532699
51371,0.6523550259933862
21062,0.010398818091048263
42916,0.573221895845433
10058,0.9990404216532699
27747,0.17613335205133554
27316,0.01750538176826203
29363,0.9985970213367233
32544,0.02039881502636719
51332,0.6267314801835068
78423,0.7359485956336839
43827,0.2762714078482852
58735,0.4933329875840147
54079,0.9992007545625016
29883,0.9992589429844795
55163,0.1676049427400237
55487,0.004443485168105534
7045,0.5413538135778139
58481,0.9991393471730943
29318,0.12094114698873072
57610,0.003114501956104541
70993,0.13756007932950742
28394,0.36517759593656074
5098,0.7696002736190476
21712,0.09304050817927469
30858,0.2841579181273408
17819,0.38202569960762556
42646,0.2990240226414619
12381,0.21591679699638852
76672,0.14061295703885032
14589,0.3283786104929854
30532,0.029429749053458912
13312,0.015972088068292707
62644,0.3266229524531172
74168,0.005214614992245696
70078,0.009338219908852361
46434,0.9990876904633561
22116,0.14987674898151085
62525,0.1585751004035286
27259,0.6088179597306391
57773,0.2823160483144046
17822,0.22542818768936151
22463,0.2569983482892798
7961,0.004400985194728219
14441,0.23686172080924092
40210,0.16701685275831651
39024,0.005482612457344675
57142,0.9992589429844795
32834,0.1997578735118224
73150,0.692439497542488
16662,0.8954260376467538
75267,0.01892669561049157
8657,0.7870041111604903
62390,0.1896281005264557
35344,0.17170980143080836
62458,0.696355168725327
65038,0.09426923953612834
75380,0.04679087853707825
77420,0.16876262321300906
45511,0.9991373219696037
48890,0.2609935442969935
13274,0.002877798681506697
20203,0.7288520279013628
25396,0.3439240816270662
40769,0.9990404216532699
16060,0.04725384178789186
50813,0.2617009988433369
65610,0.32360140616669425
1844,0.27468306225918976
17670,0.4097356091562502
9437,0.00575199963573379
70609,0.27741538501338997
18326,0.019981440249545162
57418,0.005461694551186585
19782,0.5662405106427784
13407,0.20897284607216907
12151,0.7046904538899403
61537,0.22987389191802543
28452,0.12830280806850183
61732,0.31104262594807086
5746,0.5891055293547888
4028,0.005412942350619195
65019,0.11828381378077267
78128,0.35586444675387185
17501,0.7496351774562031
38666,0.005708255158466323
36732,0.07872114551253441
3938,0.08780649328964375
62138,0.33742034977794527
4415,0.4710518387377683
54177,0.3828765328407684
68683,0.22916413251371434
50530,0.7671155289452958
12119,0.9432573939876392
7508,0.008314841175307112
69051,0.20542386649739025
73334,0.8387934460961707
19477,0.024543730126064922
72611,0.12298848040453836
33972,0.9991373219696037
36164,0.9991486081603923
42460,0.062310225554538266
53334,0.28296912018290427
53381,0.6070800796081094
5256,0.9990404216532699
38726,0.18197366952737756
44877,0.006522416586158732
1056,0.1750993948901941
46649,0.04912051416779556
74049,0.1359688782293953
16979,0.46556652995645437
67062,0.9991373219696037
47995,0.22594677925174453
14127,0.1746730293922895
28901,0.9983650034945942
61502,0.015268184946089645
67343,0.9983650034945942
49178,0.9983650034945942
2971,0.6452135022870191
13834,0.7146511798436516
29551,0.8381501438469224
39768,0.7723527452696004
56195,0.9983650034945942
494,0.09932691303195088
50111,0.253159999364872
48889,0.22172544917455986
10483,0.19562957465499972
28524,0.7962563407065261
6027,0.4123466283768766
23366,0.8000896119985104
30845,0.7931607817856791
8253,0.9978546601020587
64357,0.9983650034945942
22690,0.004655585481039963
65454,0.5157258845651937
53556,0.054958499937121916
66921,0.015458730021928133
55325,0.2430699452626007
62410,0.003352202773982294
20896,0.003330061648362611
75076,0.1793252641951133
27415,0.9983849272247857
23242,0.030957419568210326
53740,0.6739903129922709
43910,0.06200768723700026
32706,0.9938909141382293
54472,0.9022112877171692
46070,0.6707660968230155
76166,0.7184864830992277
68259,0.2519604824882001
20109,0.24847699483996555
14926,0.8881174062516367
33691,0.6855945310743604
46061,0.7232713735144463
12564,0.0005660730276741408
33584,0.22718796961921972
36788,0.4541636256235874
53527,0.8333548679099875
30347,0.9983650034945942
63986,0.35248877568256887
9047,0.9978546601020587
74252,0.7519400328818239
68944,0.0001162098390127597
69507,0.2765145784338309
57257,0.21655670675416028
44722,0.02814688713103907
6923,0.6707660968230155
661,0.27060108154927537
7638,0.10683550369172747
31646,0.13854152096436728
17672,0.011648836600431686
74855,0.3131599428441509
75345,0.6433058527638232
63139,0.8121337179391589
53085,0.2833074035553154
51469,0.13518690316110743
51668,0.24611180920485035
27168,0.7232713735144463
39323,0.9983650034945942
35037,0.058290059073131666
53445,0.9983650034945942
34230,0.19423904307389359
56783,0.2457509435027871
59981,0.2050858048207118
67946,0.9983650034945942
297,0.9984244837114622
51017,0.30161544546710617
18297,0.15578222415857404
7549,0.14384524488221434
7943,0.008008098912063754
53547,0.15716694565706865
17530,0.3099153869217017
72735,0.9983650034945942
29406,0.9983650034945942
75386,0.35436882015289073
29182,0.03351980370630707
20535,0.17456452058049446
26412,0.25344759229622427
38493,0.07223791307819225
42624,0.5157258845651937
9639,0.015345799385665819
49908,0.8599862803353667
63000,0.16660533491990923
13796,0.0025307971479585373
23239,0.017907574481982956
8382,0.9983650034945942
64171,0.9983849272247857
49630,0.2788425603620213
68423,0.7472075571030766
1884,0.10859271262996392
69727,0.016439860159269543
27074,0.04750486151743766
32976,0.005167473106265621
30566,0.9983650034945942
25219,0.12306211244316498
16376,0.0004913695009471868
4762,0.6468570017636727
75449,0.19501524249959362
68260,0.9983650034945942
9885,0.05092064633050386
45228,0.7952329035094233
20638,0.12361191043264537
23213,0.8067138354808984
497,0.2110470085846576
44465,0.16109599087305684
4009,0.08549051730154403
60521,0.02814688713103907
73421,0.014645022816788101
64792,0.22334440955140264
31251,0.9989589294585758
8631,0.8267048925211076
33441,0.5011718467113984
57208,0.4012967942204012
25596,0.9378703014255448
54893,0.03365966095476936
34263,0.9983650034945942
71751,0.9983650034945942
57812,0.0064839576971228025
44513,0.7705268594579325
36520,0.2472223800541969
2671,0.3193466710811132
17141,0.2818743250567518
60033,0.5408563257834456
46147,0.9976467000416888
67620,0.056143172219055563
67446,0.4442840727881288
61856,0.7481216573856612
22924,0.1298971624406012
42465,0.13863593093309604
63334,0.13930925349803117
46836,0.17700231403830105
45469,0.1131180085496871
33415,0.0695552146336603
59137,0.008761487235452736
35878,0.06359700983034376
20715,0.9992134920946788
48592,0.1298971624406012
24400,0.028312994546931758
47704,0.1131180085496871
60097,0.8189246243235188
30847,0.29103143036800555
8525,0.058051329325454364
67639,0.006377447174238028
42323,0.015885408055766607
15523,0.16963917879114954
36660,0.9992134920946788
13845,0.9365467646441658
22415,0.290173064595158
1996,0.9201148540499263
27529,0.29890583061693804
60262,0.11811241319660812
77334,0.02715438194490011
54556,0.7210355278998768
43555,0.0028319001751055312
55798,0.17196881139247555
24436,0.24627361121637387
28835,0.08808749091944909
78076,0.9201148540499263
57200,0.6025981388774168
37744,0.07119596317065123
56175,0.7409623617012376
43627,0.9992134920946788
9423,0.4421375212912602
2979,0.17783713146824406
69110,0.25138347927049964
68127,0.9992134920946788
70115,0.9992134920946788
1116,0.24512264148174703
45784,0.29851033960754325
3089,0.9992134920946788
46554,0.04329677223379861
69003,0.7552295797959201
4262,0.00032036122746591087
19334,0.9984703375429748
23556,0.30829458367288504
18800,0.05660814439111748
23773,0.16913747565889184
64515,0.23785374275277235
70561,0.030349011723956605
76083,0.027752953894984656
51691,0.1562137885732619
21768,0.019601732774343954
14962,0.1344348097701536
25412,0.17403745586542302
14482,0.45092367951300005
7026,0.24123795234692733
55660,0.38314120937327334
800,0.9201148540499263
66268,0.10685628241876328
428,0.2599346858843312
42680,0.004142707453610299
74548,0.9992134920946788
71551,0.08690709941490309
17274,0.21718608187016403
11883,0.011835483909521742
27115,0.014011013189468806
75442,0.23708587620203583
75282,0.3161713841271121
1392,0.9983383517181672
33002,0.021269726439902152
71674,0.026835434569013984
7635,0.10041471105387713
29992,0.003024081820390592
19516,0.8438471991868488
30991,0.15758215375840148
31018,0.668370193990985
64681,0.003462626064104053
28461,0.12174094871203268
71360,0.006230673606918687
39219,0.9989832312985351
77088,0.14204283266327308
4024,0.016958223660449023
44707,0.0021245824563321954
54797,0.9989832312985351
71305,0.004071129038342857
61822,0.7990738349315912
54673,0.24062921230296092
46979,0.06336337511351334
12289,0.2237183098210272
56495,0.7546355141246441
17574,0.006160749430588286
58482,0.9989832312985351
23124,0.9989832312985351
73892,0.07835955900459127
3884,0.04856395627215034
37181,0.32534174206252625
67851,0.06485983495715797
12835,0.004071129038342857
42846,0.9989832312985351
18403,0.7990738349315912
40181,0.01737078019612843
566,0.7686432195981693
41834,0.24062921230296092
4834,0.1496620724583612
70977,0.004071129038342857
13419,0.832963341473471
68961,0.4431057908332608
58242,0.1164206290086164
63356,0.05441319367867725
29755,0.9989832312985351
67429,0.09221850096866595
5948,0.9989832312985351
79076,0.01287943682725623
78538,0.7990738349315912
21347,0.13053004548570157
49307,0.9989832312985351
66334,0.7990738349315912
34652,0.9989832312985351
18757,0.24062921230296092
24396,0.005881477738405211
73332,0.9989832312985351
35562,0.06981343922333572
48069,0.2850953562738829
22552,0.0079488881858508
20479,0.04798896317036863
38032,0.9987321456043988
49633,0.0034564341555542535
65278,0.4278063020197373
75368,0.059771192649499
21943,0.9989832312985351
56092,0.004071129038342857
64227,0.9989832312985351
57321,0.9989832312985351
50691,0.24697322669482805
19690,0.9989832312985351
70618,0.06214021292661954
17153,0.12167582293750609
29205,0.013149672325823033
31997,0.038811156112862566
57646,0.06529374806504668
66771,0.9989832312985351
77382,0.24062921230296092
49583,0.0034564341555542535
41788,0.053328606628081546
78468,0.7990738349315912
685,0.12788407008927163
21605,0.043652513589477936
59859,0.5946127186571096
20170,0.049599322989408244
70780,0.01774954494987747
38563,0.9989832312985351
74606,0.00475446954924193
25136,0.9987321456043988
49985,0.28225901691101307
29718,0.2731323947572698
33206,0.004071129038342857
56126,0.8787895156449913
74921,0.0036163306031275055
44473,0.9989832312985351
31219,0.9990676162528108
15927,0.940237076743225
39200,0.004071129038342857
8626,0.3866995508597239
25105,0.07591047779944946
19143,0.9989832312985351
16572,0.77480932478999
75960,0.005915798906541493
66063,0.9983325368910833
33360,0.012779862676960194
21574,0.20772260701619571
37906,0.1380610183312016
14781,0.24062921230296092
47574,0.9989832312985351
26798,0.00475446954924193
58785,0.50605168817301
10716,0.4535020745958835
25855,0.08549290550438285
61161,0.015567958536164505
31369,0.9989832312985351
36428,0.2104734544615054
9002,0.9989832312985351
1213,0.0038905536002191003
70516,0.0034564341555542535
37657,0.0074244571931410645
18345,0.3363400350027952
31154,0.39113845471576875
52000,0.05282287523924726
45279,0.13760910545771687
66616,0.9189565794735265
14124,0.3347032551223332
40984,0.16632558150061177
1096,0.04135128866817813
13883,0.2399499337536734
19925,0.3041174812658064
70901,0.08651616806085496
1161,0.2399499337536734
55108,0.9992003666127663
33980,0.486160987918762
78512,0.35952049976850714
68305,0.9992888795363257
51787,0.45161370405227275
64183,0.2622519157884552
34342,0.0002735137165356407
47656,0.27623141239928706
21469,0.9992888795363257
69488,0.8284884035882844
71741,0.42049347200843057
36136,0.28638394655160976
46337,0.7166245502237214
69651,0.08126372045565305
13436,0.8258800387834699
50482,0.6166753802483708
20157,0.000360328490049835
72314,0.45161370405227275
29766,0.1749695787000362
31542,0.9992888795363257
42300,0.9992003666127663
33271,0.05243551164240486
42037,0.9992888795363257
19465,0.08366404302790713
64095,0.7226593016889353
37764,0.045417146704476205
53935,0.7441456956696166
78811,0.04275047222796301
44519,0.007954686504084586
14440,0.1882035567908251
17166,0.4202691601580547
20055,0.14832449406412887
24155,0.2061880928133367
30286,0.017900986024811792
41477,0.8285402112745107
41633,0.2025659837654365
26708,0.48587275756022014
4577,0.004284748630593298
68772,0.14727344441699525
41680,0.4034673375843298
77574,0.7957314550878056
4723,0.37281695150325866
47851,0.22348256007353956
55265,0.30604002253164225
38035,0.9992888795363257
48095,0.2921067817075643
7033,0.7359479156009012
38620,0.03880170529004047
330,0.4756786010835323
9629,0.7319617289105048
50625,0.14416246331550692
7499,0.10953283515252431
33618,0.3477677469436263
25118,0.05282287523924726
7400,0.45161370405227275
76713,0.8917134171106184
18595,0.7824657728987404
51940,0.8023181072797925
5608,0.013458001223967331
68685,0.13679131561692898
19978,0.9992888795363257
79099,0.38835819151124457
210,0.08366404302790713
45483,0.7162142733917629
3272,0.7655860042979947
66541,0.029013307386373314
10533,0.38938603207385275
44240,0.7279232944792647
55187,0.9992888795363257
75444,0.003507878021008207
6213,0.45161370405227275
65093,0.9992888795363257
73111,0.9992888795363257
4103,0.7531896636148341
74467,0.0028011749466242174
9341,0.36727744411661617
18527,0.8002682041958271
55245,0.45161370405227275
15733,0.9989580203644275
12044,0.015446049302186132
67265,0.3727177722151157
1869,0.3304705479737063
72661,0.0032605393603606578
14678,0.9992888795363257
11442,0.04275047222796301
75392,0.7981274468909623
47362,0.29347450196837754
67508,0.2399499337536734
40137,0.4756786010835323
6705,0.15165432187849254
64374,0.310429094722029
61143,0.9992888795363257
64086,0.028514946725919307
79273,0.5711667903807074
15589,0.9989580203644275
695,0.11481283205849133
22114,0.5713468294232228
63309,0.41268679745137077
51673,0.2868735461208809
22258,0.9989968837632338
56517,0.05762129202169966
67651,0.7515157670696241
69166,0.5190451597155897
27704,0.2896391924941143
77908,0.7280395019381224
40795,0.28208684768545617
11293,0.3013124020667626
53970,0.010263293924454015
71891,0.2927360713601767
36332,0.4292704890622039
54712,0.2777254835559959
71698,0.8103344475831731
29049,0.00021809613640105075
42723,0.00034636370432493066
39081,0.2418426980376931
61708,0.9987933669566549
26373,0.7881458872183795
44872,0.8276664235853328
27917,0.32544777145116127
63833,0.3475706604796665
44773,0.7628153731975534
17041,0.23565946386781284
43152,0.07044089761491165
76355,0.04964209779277769
77162,0.9975698083157043
40955,0.002708524979624686
40598,0.6895716822405352
76712,0.16196076516064561
34623,0.0521213106345856
68021,0.9989554129288946
45803,0.19963263952517465
76705,0.9988538280826513
38736,0.8051272169851317
29456,0.9987933669566549
62695,0.3059796239830526
55919,0.014152142233559446
54817,0.016430297134990272
56415,0.6952192104407521
68946,0.7561144646838954
61395,0.014024435429946538
42679,0.729693618868387
30021,0.5611244974660373
387,0.17952929563322545
33928,0.9987933669566549
50614,0.43399814800519787
41793,0.001912940420078917
15186,0.013164196814965263
56912,0.003355776159743424
8119,0.029492578494597837
69836,0.05391919452512783
54305,0.17952929563322545
50299,0.9988937242919605
46717,0.001755757968303638
24784,0.9987933669566549
12077,0.7628153731975534
11180,0.002085335148772239
37137,0.9987933669566549
5915,0.01572453795796534
49609,0.941823612929839
11529,0.9987933669566549
38166,0.013164196814965263
53011,0.8322820724837611
68667,0.941823612929839
27051,0.006913407865606604
6781,0.7141734842599797
44892,0.8868492435164818
20048,0.22979621277030354
27658,0.0542428926576268
9400,0.9987933669566549
11220,0.286637746618125
46708,0.9987933669566549
54291,0.0003850195110522433
19938,0.7628153731975534
35158,0.7628153731975534
48672,0.34576829069745035
43352,0.2669131191379008
52235,0.9987933669566549
41341,0.9990748434660283
33823,0.9987933669566549
20257,0.3859256900464635
27207,0.13881683993608881
61408,0.49042492897138396
16227,0.05551392938967173
27758,0.6979790127766738
76272,0.8683169606476935
53252,0.0542428926576268
14747,0.7283656562528442
13281,0.9987933669566549
66169,0.005015303385801664
59885,0.9859912845672154
59813,0.008441949008452429
73981,0.7637770233489003
47368,0.7561144646838954
56036,0.036090062787308745
4536,0.4337385148182117
43095,0.07812993283330757
64596,0.25784057149151846
58052,0.07812993283330757
68113,0.9987933669566549
1757,0.24651294854052266
74355,0.0847005184295275
79127,0.22979621277030354
22025,0.0016459695070934984
27008,0.9987933669566549
37031,0.023928532864580077
36949,0.00190304435318827
75014,0.009158450352129935
63691,0.027112407657288732
54166,0.8038700064168163
15151,0.32836723262771444
38547,0.9987933669566549
23573,0.9988937242919605
66434,0.5029181704469121
78817,0.7098061194199594
37272,0.8432579907102353
25826,0.28541817654509793
57731,0.941823612929839
50045,0.9987933669566549
34264,0.9987933669566549
25104,0.761879641960517
66227,0.9988937242919605
55402,0.5554011375854209
46729,0.15951395213341524
75222,0.9987933669566549
37697,0.17610380707117634
61452,0.18433086532746762
56362,0.001755757968303638
49951,0.0008877462253176961
5207,0.03894355104806863
17791,0.14287748962870983
69111,0.4066535764820863
78195,0.9988937242919605
917,0.34576829069745035
16912,0.9988937242919605
59156,0.43399814800519787
66721,0.676596350612588
23040,0.2477466567513768
31286,0.08660528430454595
62503,0.8051272169851317
11137,0.5501335770137514
7974,0.16351340432642922
33698,0.9987933669566549
12420,0.49252221354154774
4020,0.03133226260251263
58831,0.05186053304391482
24189,0.7508393173376406
62577,0.1630013608219167
27589,0.008310556584461361
17159,0.9980556101218598
72179,0.08474724514619918
40892,0.998343017026052
6807,0.9981952721456805
57814,0.2509624738993984
35519,0.4856981817649526
49048,0.004897550828881998
44359,0.04204553373975388
57276,0.05186053304391482
75302,0.9981952721456805
16451,0.9981952721456805
23672,0.0498989052885016
39160,0.9980233942356871
43745,0.8516802279255152
66135,0.7556795701797864
20947,0.817396765844449
52636,0.2680398353986447
60849,0.30406678964730105
4002,0.8112249631888759
53812,0.998343017026052
42866,0.998343017026052
3771,0.692021633860569
53837,0.021707089716838386
1503,0.09074601593424898
38986,0.9982116314200954
63028,0.8537772736721946
23245,0.11703830635268198
50017,0.005652864530393688
36944,0.998343017026052
14022,0.30878547041061605
73195,0.03506529169971511
11037,0.02729207721011201
11937,0.9985478643234473
26017,0.998343017026052
11110,0.7009701000647598
75126,0.998343017026052
48625,0.9196069425895526
29670,0.9981952721456805
73958,0.9982766815922047
40078,0.9125350898864849
2838,0.9982116314200954
68755,0.8238669894563817
52673,0.7748393972336189
22332,0.11414572835197491
50935,0.9132411001213572
14319,0.9982116314200954
4696,0.998343017026052
73253,0.029067995344262812
5242,0.008310556584461361
61481,0.3791209363968655
11546,0.03795058657865394
12501,0.9982116314200954
42719,0.21829509992814441
7339,0.7711221941806123
43285,0.0498989052885016
39575,0.998343017026052
4483,0.9981952721456805
51617,0.6107831012795448
73905,0.5853376715869594
38898,0.3707532554023651
37252,0.9982116314200954
10074,0.583353851735013
47994,0.002973606888283003
49753,0.21603929660297116
6611,0.9982116314200954
75170,0.9981952721456805
40003,0.44268295765452154
27116,0.9982116314200954
61919,0.2989427819939675
74580,0.998343017026052
78634,0.0332332364193047
76045,0.006370105292947731
72870,0.9982116314200954
72993,0.3070723628956551
15121,0.9980233942356871
9476,0.9982116314200954
42677,0.9982116314200954
1075,0.9982116314200954
65140,0.998343017026052
14261,0.9982116314200954
73110,0.05709179765964062
72529,0.7578814536662507
26856,0.998343017026052
54080,0.82468360576019
33546,0.998343017026052
77253,0.9982116314200954
14636,0.998113667356736
65533,0.1450739684334609
19523,0.5709811281067959
53172,0.9982116314200954
9387,0.9982116314200954
42322,0.02697463464747762
57396,0.32034864793754314
2581,0.870763498706717
12599,0.9981952721456805
6084,0.8181974844972157
52135,0.998343017026052
41617,0.998343017026052
56889,0.1406650440053255
4312,0.998343017026052
38774,0.998343017026052
66102,0.998343017026052
5900,0.998343017026052
10847,0.9982116314200954
31569,0.998343017026052
841,0.008310556584461361
9835,0.011003186245552379
40410,0.9033544353398166
61563,0.2967345707909356
38737,0.17825399895742325
26549,0.8981891152994782
12976,0.41537358093855
36861,0.007982340910472103
48927,0.998113667356736
45440,0.9125350898864849
766,0.9981952721456805
17825,0.9132411001213572
72401,0.998343017026052
44112,0.2989427819939675
72161,0.005293541971807374
53025,0.3652427095564576
40139,0.998343017026052
77633,0.7194218853175863
2621,0.998343017026052
73877,0.6272952958896273
53864,0.4779689915553593
39478,0.998343017026052
59373,0.05186053304391482
35795,0.007587692453890429
17683,0.5592800819351511
45709,0.7686900999429902
62452,0.15431975143342527
20126,0.005293541971807374
15832,0.0062591914551545875
38315,0.005083868910432744
47483,0.9132411001213572
13909,0.7572537393036776
33958,0.9982116314200954
8081,0.7398694103516389
44459,0.2612925252532844
69036,0.998343017026052
49820,0.6699915724500323
72172,0.9980233942356871
77784,0.9980233942356871
19117,0.8181974844972157
20602,0.22213378944585419
69779,0.05466104569455411
20345,0.9980233942356871
60314,0.10594006251599568
1360,0.0028255697020168626
31534,0.008310556584461361
26149,0.998343017026052
46875,0.9132411001213572
34347,0.17665367746519847
1510,0.23888453066112625
56222,0.9982116314200954
48459,0.9981952721456805
12781,0.0005609528351724687
73893,0.9132411001213572
46711,0.33422256805245365
67382,0.9982116314200954
61366,0.998343017026052
27940,0.998343017026052
45168,0.7839775449259078
65227,0.8201411896916312
27611,0.827303981789364
29319,0.011454178023340138
62544,0.008012544731017483
15701,0.9982609163338251
59950,0.519170562487568
12003,0.008310556584461361
69869,0.011454178023340138
14368,0.998343017026052
23342,0.9982116314200954
36383,0.7224079062690707
2109,0.998343017026052
12502,0.3480953881647657
10779,0.7582655189517166
69181,0.6063948524900137
55185,0.0027292492192088555
11352,0.1752837918032274
64592,0.3248233180666815
78126,0.1967177051949678
73855,0.2182678622024282
637,0.3448632135908156
16631,0.03530379564854049
22667,0.03296352977372556
4513,0.7642437813152848
72813,0.06670182933402319
66730,0.1759630738484909
32814,0.7626531571933002
62404,0.2956036568888717
32306,0.36395146032480535
13867,0.12780619970856114
2964,0.12115715036078883
22077,0.699490246541911
70052,0.7379461922875292
68753,0.7431485727862868
34744,0.2344931204951257
61257,0.18072580010756445
54274,0.7223655641544476
37298,0.018487917339869042
67997,0.34469883562439446
45372,0.9059113374114758
51249,0.0581766483427002
44675,0.37855025719117485
33258,0.20434564470824323
33440,0.22037400775288185
71281,0.001876532946205836
60185,0.29711288225966437
56769,0.7696872199562786
54150,0.8365776409047888
50904,0.026143638674109904
69688,0.040575390913290495
433,0.6147828366871965
5168,0.2400417528662485
74519,0.020158349689801895
78232,0.21561945681110503
34601,0.22322551841827365
41421,0.28738020827728544
43033,0.34003725675443786
38,0.18036141137822057
32545,0.931476984450971
57921,0.009047792269696606
55356,0.029096879893337996
20373,0.2344931204951257
15262,0.1525539208679127
37362,0.15317549678057107
66250,0.0875543195026435
560,0.6559493879296339
52138,0.3418907697748223
37090,0.051156042289351604
12613,0.14612199935359158
61306,0.03944239483481248
73775,0.7614285514095147
25458,0.003863917138857831
39771,0.07485643988312177
13093,0.08791262806390872
57912,0.06184643345464724
20685,0.36395146032480535
43206,0.02111437223450083
71285,0.529878652954816
61825,0.13037271110104018
61510,0.7763356501693139
18891,0.7884824136618706
24715,0.4692735230238503
24816,0.7704805755154385
3748,0.8771016468097325
11601,0.23974104958343645
1598,0.160318315377608
62538,0.21719719027552475
20875,0.1653157727164326
14081,0.3490161295488285
24313,0.0692724721040306
9373,0.12123031362923556
78920,0.0004688359696167094
22392,0.00010918067420801553
4303,0.3334028571179908
35775,0.019345765043863122
22695,0.025764175971839588
10974,0.2405179821602878
13286,0.6780363658600813
28440,0.7704805755154385
49778,0.24059134367063814
7524,0.13481813332207374
38599,0.12062173623070148
15168,0.16148447865692975
50894,0.007427998359334475
1560,0.04593260469480471
13314,0.03691249941165219
25018,0.9831212610904209
48003,0.28992813798793404
7929,0.3728598659341106
67644,0.014449738086701877
19643,0.19078784551669012
46941,0.6578518439537556
10448,0.013655320378942378
15864,0.05717145464861159
42030,0.29641403078017015
7940,0.051596986455233085
16106,0.16393776293986453
47177,0.9952760666526888
46301,0.05440031915146914
32536,0.009879818529651899
19798,0.7365889567221394
56922,0.4629634640463617
71190,0.9981348677429689
71036,0.22174972612457008
17291,0.14754600457200753
24143,0.0003970946259539851
761,0.21002125655928583
45383,0.28992813798793404
76102,0.05623797867464586
53451,0.14848619173428218
43014,0.2299984556327595
30178,0.00030515157639461827
45799,0.99847421979305
67322,0.4004988664626729
63156,0.08155736576278022
69919,0.99847421979305
55007,0.99847421979305
9477,0.99847421979305
70430,0.6727818054938379
58707,0.32285182082989705
59057,0.99847421979305
22118,0.14208799834198962
61359,0.06238239818085028
46194,0.066865973280912
57894,0.99847421979305
42504,0.2389480135634115
57139,0.05133549566327912
47781,0.2700015580018305
29481,0.28053079652386426
22212,0.013860224237342176
52727,0.3137871791160961
45313,0.99847421979305
40082,0.7546015140810193
68185,0.8161010130582979
68123,0.9982630350842461
64611,0.39298969398997124
25288,0.09125365323395239
29382,0.17560048634258021
55729,0.14708223905306472
19545,0.753404918259571
47097,0.018087324990003397
11010,0.09689658338259714
35951,0.004750389826230281
76217,0.06657558845026182
11673,0.05116204928904996
51530,0.039842554573422374
64861,0.011029413436519515
69755,0.20078174516733543
52205,0.07543848266880182
64556,0.0971695669945362
9796,0.004385415231548552
54545,0.775377459093522
30698,0.8688907999765658
31076,0.99847421979305
61522,0.7459935586879383
60654,0.1968655134738158
20141,0.7907163567228175
55834,0.38130879622781955
77745,0.02039306941479272
1755,0.00011101428471920141
149,0.99847421979305
58419,0.43019960714610816
43307,0.7755678149293667
53261,0.6470650712220926
75149,0.40635126804185634
34382,0.48272512836873055
5830,0.99847421979305
69307,0.2181264219540425
28344,0.4763285056892967
77845,0.07228556347551875
2016,0.004742412004125652
5193,0.012660421620841392
78439,0.00675915513532525
78643,0.3754269655554738
33372,0.8101902602654679
38098,0.01277399424225545
58906,0.99847421979305
11174,0.11300806623942061
866,0.6633931904955843
12756,0.2821553907416947
23397,0.12741560067978985
49396,0.41229075118804587
74286,0.012199521026331865
62223,0.8127667073025598
4478,0.8931340456865737
57451,0.856255111719538
55955,0.41054445085941255
77461,0.9006309291352056
16866,0.7864269513715153
43989,0.007095853229148482
4508,0.99847421979305
70881,0.23753599065698286
64948,0.19739464467264828
56096,0.99847421979305
65889,0.6821365994830086
69997,0.38130879622781955
45566,0.3087346406761952
17158,0.17917298601234202
69410,0.9006309291352056
65716,0.08686762872512623
12639,0.11336875385808456
63296,0.19195712128159254
60181,0.38697565500966635
24545,0.99847421979305
60195,0.7632851402188942
26755,0.7191748810830219
7437,0.99847421979305
34569,0.01516363603176124
365,0.99847421979305
14649,0.9983375359403642
15083,0.99847421979305
58602,0.14601367898838033
55382,0.40074495946327743
55655,0.9988079299649005
78605,0.99847421979305
2802,0.9985054605278484
58183,0.23895650448512962
72333,0.3577708147828178
70642,0.99847421979305
56894,0.1949680029794323
12857,0.40721714472369974
78375,0.12368634946071634
24854,0.20464880471900235
1246,0.99847421979305
22746,0.061220118845390414
13747,0.06582072375245007
30616,0.5143718416247958
36822,0.845263968406089
38700,0.13020995100277263
68776,0.7664227090779594
61757,0.7257589225390392
72631,0.19819543126067743
14729,0.24435426333688198
6476,0.20268564629999922
11320,0.011494180287344053
22229,0.32010533514597667
69931,0.10965628548198686
47735,0.5143718416247958
77733,0.9992134920946788
69104,0.03834188880429782
7690,0.5143718416247958
32873,0.8155282908009862
21535,0.6697287354449485
76644,0.8320520911535526
38263,0.024893787171444436
39852,0.026867160286611978
17358,0.9992134920946788
58421,0.39986961120369185
37068,0.24715356899083962
71484,0.9993973761525305
38641,0.1904265381371258
37607,0.030453969492417306
19421,0.828095032318729
1790,0.4611448746052065
48357,0.9265512524069118
63295,0.04766930143349695
13740,0.19427989895983322
55873,0.2905385622230733
39964,0.3606304208522726
25652,0.5059163377835421
40233,0.999400485836139
51978,0.38529899035438364
9231,0.2205891648963584
47830,0.21404403513520068
65547,0.24915019806261143
10840,0.026938606197324928
38637,0.036451941251292246
1404,0.8131983700746002
44226,0.5658406861838673
49933,0.04277552682196297
1696,0.031240325058429712
31959,0.00021825918490103887
61265,0.5143718416247958
71873,0.00017582130350669148
62176,0.9540144439204779
2432,0.3928802815252985
34113,0.5590029614998943
22621,0.3551081809159626
65909,0.14601381793194704
910,0.006320145781119373
14916,0.29410068446759347
28183,0.15662122164275039
72507,0.04453138520299547
52552,0.999400485836139
63191,0.9992134920946788
2403,0.16993041431655243
72515,0.10369928409968922
32162,0.8131983700746002
28744,0.029517009892896306
21687,0.19427989895983322
39535,0.35295064035147505
11416,0.8209594413328999
34013,0.005992892705313109
53518,0.9992134920946788
1196,0.5898135331181346
29903,0.0011096038667059859
50576,0.981529780359316
15705,0.7300505375050362
64858,0.29410068446759347
65793,0.8814564812849528
16366,0.7147591710152518
66946,0.5968116746686106
57633,0.6850211355272618
4726,0.19728247308614139
7447,0.03964929240230688
24723,0.2100120993455169
25193,0.21417135159802145
78055,0.1586597349841511
70321,0.07259494639602761
13664,0.5143718416247958
9305,0.13506090399699822
1726,0.7932458248387636
73840,0.06434035042839222
28798,0.8138743436967342
57033,0.5143718416247958
21515,0.0004750702435681555
5913,0.2986393355928328
24844,0.3264624794031181
12517,0.5143718416247958
51806,0.5164866066969795
57746,0.04453138520299547
76863,0.06407124869134977
1380,0.03250482702714153
69225,0.7336486246391511
28068,0.36829142089839945
53912,0.2454444288069831
10436,0.9992134920946788
34414,0.2580630119767997
15660,0.5143718416247958
36559,0.7822471192811737
54952,0.8317239673850535
66189,0.2270157921731223
44434,0.009263222511324967
3622,0.23779898294758364
70865,0.9992134920946788
7220,0.5143718416247958
11163,0.830443337102952
62364,0.5470192959925751
65549,0.2868937287553518
59861,0.2543486256268955
2811,0.49222654840944
11162,0.4434787126863532
46247,0.5143718416247958
69673,0.016716269738797807
30629,0.8071080610426428
44564,0.4465303625606969
12364,0.20905507154337527
51311,0.12733805807644769
67043,0.2791207596810461
37135,0.36740579437521903
43357,0.012529369503165268
29048,0.20469037360433473
60999,0.019162349809545287
34417,0.00018230027998687045
21275,0.7295554820887429
15929,0.9970821492178394
49883,0.9960141016749811
62785,0.009514348633615052
38375,0.015097236625643684
36913,0.995678056965151
40970,0.2789586345108751
60777,0.004324454948292312
47599,0.0002597690513037636
46372,0.9960141016749811
78112,0.12903393085976742
21606,0.2290528672341147
27329,0.27183927709784683
14964,0.19691982509963268
20461,0.3334025056735568
5296,0.01938483311616703
12121,0.9971236968973076
19511,0.9968957596953707
68951,0.3572585240343099
47929,0.9956185372969847
22370,0.15349922391157475
32584,0.902485330837345
27714,0.9954907160216855
46931,0.9967307243777377
12214,0.15146973696973995
58329,0.2715273022974877
74267,0.40206401458947577
64223,0.38166516952352675
50763,0.6349431145957664
17324,0.416689962515601
62710,0.24250650940377033
53176,0.26312813272012125
60646,0.2994659574870545
30784,0.18192830548725694
8750,0.995841266240548
33514,0.2789586345108751
69620,0.7974058923113793
35646,0.2550749735716171
68188,0.995678056965151
21330,0.9960141016749811
11596,0.3384854017909295
18206,0.008163832742592947
1313,0.29776503577972646
56566,0.6839160503481179
561,0.8446349137771412
33726,0.6943852052969706
39995,0.995678056965151
5388,0.995678056965151
9853,0.04474497536477461
70659,0.7039937526243233
41003,0.06753690912149524
47554,0.005400436495445635
41616,0.995678056965151
45680,0.0857600246071573
36143,0.4032159882268739
10893,0.9954907160216855
50622,0.19960787036193428
10392,0.23082939565218097
35168,0.36590837649296254
7311,0.3083925624499422
54640,0.995678056965151
17277,0.9954907160216855
64205,0.38873019515743323
25558,0.5082007173020014
35394,0.995678056965151
33013,0.9954907160216855
11341,0.8177647735640927
52301,0.797778750498798
56177,0.995678056965151
3347,0.21670613287237991
61261,0.008666915115817202
28262,0.010104630412792266
49229,0.9954907160216855
77032,0.4236324774553849
19972,0.4453136244643242
28877,0.995678056965151
56132,0.995841266240548
39420,0.995678056965151
4948,0.019640218648457976
43221,0.2622519077474805
9968,0.18895256847208167
65630,0.9954907160216855
51884,0.11722412596097952
28315,0.28442491225592564
6792,0.02447432686665726
72059,0.07011940876928155
13451,0.1564528930982062
40613,0.9158219524509955
67422,0.9948032571136244
77706,0.19298968512505324
51721,0.48776839593228244
71310,0.9954907160216855
71449,0.759895732253521
20708,0.027135789982374436
40959,0.8330369244516698
50412,0.014498200213221277
3,0.9947844826700016
16092,0.9954907160216855
68296,0.06932957549008868
44991,0.6617295998335251
9426,0.995678056965151
68712,0.13896476786605255
26426,0.7852108970463821
11295,0.26638256529695636
16305,0.3346070549922082
35234,0.9954907160216855
54546,0.995841266240548
14275,0.12903393085976742
7849,0.44765928937414456
48381,0.7916502015994419
25026,0.28665990520723694
77353,0.13976412859115067
68048,0.9954907160216855
15249,0.6373934605336443
75051,0.013774618193683854
70028,0.016364006418285098
67854,0.42590473407666274
7087,0.0191586472888959
10083,0.995678056965151
66692,0.2906952628501694
2487,0.22077507127390356
72446,0.45257621050378305
59073,0.00040858288327081326
22949,0.010460805325183212
55674,0.2634601168996103
19382,0.2960339146295598
19552,0.6685811098441222
13542,0.005883170459290645
73917,0.5048548776001791
69929,0.816361088005269
73920,0.025563689742387805
55990,0.2547464305207483
18848,0.043902252924948204
72001,0.2084141166309148
8860,0.19991403873893407
32329,0.10432257548774677
34960,0.39233560420294533
9922,0.6152310288225907
45785,0.7981166130307018
40932,0.6824660538987581
49833,0.45202898802780345
23978,0.8437959009314917
63002,0.23251202308387656
12819,0.8415932983343319
38678,0.08727413413079728
71590,0.6152310288225907
31386,0.010896916530944137
38016,0.923204400804605
72373,0.37758318896736975
40089,0.010460805325183212
56734,0.010896916530944137
20432,0.6267297597389109
46911,0.6244047279046727
34630,0.09540679277983277
75609,0.6694280306820688
18707,0.08168026350592954
10096,0.7373541416249283
13935,0.8597381329967556
55898,0.79403909477371
27332,0.32759589145453066
32070,0.2087710053936681
51645,0.3279285282472472
7613,0.8981470533744489
76410,0.2538330356231662
2890,0.7321024641398619
54098,0.8223759600419075
66325,0.46210666729123084
10132,0.016180188084747377
19732,0.8155837945665814
74080,0.01955958861586395
25739,0.21680303396176318
71892,0.41437105257833995
54438,0.32594574840181223
19570,0.607651638122338
46405,0.46210666729123084
36170,0.0380491127443451
14856,0.22710666211126246
56236,0.35448148723851447
36146,0.027143336899216497
33352,0.7631253809927503
9973,0.46793816827011975
30721,0.726622818476682
28364,0.6787221295188554
60304,0.21761966888122936
25706,0.31206011899857683
32450,0.010286997523005006
35970,0.7906062045973863
72524,0.32759589145453066
47966,0.8353059740079275
802,0.8327874793808079
52684,0.3848218090085904
41942,0.010460805325183212
30985,0.454686475400485
25369,0.7939696391641585
37942,0.17272730345303938
39268,0.29338527309951473
73470,0.19822121057136935
17353,0.44206593780696724
45616,0.006452258604588929
52244,0.41068235457355773
18321,0.00023181762975718923
32223,0.8712431344421783
40478,0.787654212477967
6854,0.8045484865374699
35525,0.6152310288225907
6459,0.18687734187478305
13807,0.010896916530944137
39711,0.7963523673750189
78471,0.1164669853688324
75402,0.607651638122338
36491,0.30026097254467093
8078,0.6844358181567632
2957,0.6152310288225907
38384,0.7860266456749785
10975,0.7306245727346391
45648,0.7980598802895522
13445,0.17960904797813196
61773,0.12148169031421621
46145,0.21423104200298718
28342,0.5655404672366626
42250,0.009696725407790853
62183,0.3649986270971282
35170,0.5778677187966699
57889,0.20551527949022788
12398,0.005683197000733684
39292,0.10038906898958262
77311,0.23527114314558054
26383,0.2253966628319213
61717,0.7321024641398619
23297,0.006791577980619885
18386,0.9993089701984598
34471,0.5715803778090552
38410,0.9994385623512957
75277,0.06954041459444063
33893,0.11374249829867507
37290,0.9993089701984598
66355,0.8375097339477012
45772,0.00032105501925185184
63172,0.5945412968210428
42532,0.20419037916227795
34458,0.08459404913316265
46927,0.6706540973513351
60149,0.845853567984507
18596,0.9994385623512957
73652,0.9994288199021737
4678,0.7891966528399171
53473,0.9994385623512957
51260,0.9980939204847119
75079,0.21000132879209946
25762,0.24854424317418558
28550,0.9118355313405695
44649,0.5749367297452995
52187,0.006447914648928706
4332,0.9994385623512957
70200,0.9994385623512957
5191,0.9980939204847119
27863,0.4808408362857184
35136,0.31223051973337895
71493,0.9994385623512957
16143,0.13532732204076448
34415,0.3911489713241227
37564,0.11325927515502386
12885,0.9980939204847119
15402,0.007365550117619316
31114,0.04627685900785947
47079,0.931484744961561
56867,0.3700446724792712
18977,0.9413841788017606
6850,0.20259104949257148
57176,0.8037703419950517
60157,0.10289848411346722
66962,0.9983824637441123
72727,0.7998587104966723
42488,0.9994385623512957
43210,0.40408891206946546
59897,0.9994385623512957
1106,0.28393427785471576
32276,0.0721738470930971
49391,0.7755916708386125
45854,0.3139446458632654
28226,0.9994385623512957
8573,0.7355693755924277
41917,0.9985710405431315
64840,0.2015495985893055
3197,0.11154196128814477
26614,0.7336932018587038
77068,0.11325927515502386
487,0.8462910608522646
371,0.11325927515502386
18896,0.20419037916227795
76982,0.8037703419950517
15408,0.0058295965490615465
64211,0.21470214292162754
8838,0.2173650986004638
30409,0.1704870487610216
19623,0.25849546104588983
16683,0.0988355124897648
60108,0.9994385623512957
49298,0.9413841788017606
30870,0.6048995863327861
34816,0.9994288199021737
24004,0.931484744961561
16941,0.8037703419950517
75117,0.04280198262784704
13267,0.7257236398797726
38453,0.20493313415804565
61780,0.11325927515502386
3633,0.22945908379090718
16494,0.00015418979684114845
15894,0.08714623949935879
11657,0.13767734508700116
18523,0.18190214551814407
33735,0.08329084830202642
25319,0.8050762618443548
66206,0.7421731102732042
32874,0.5583769327074183
78586,0.9980939204847119
53633,0.7826925639618433
74820,0.9993733708263843
34208,0.014183317360016537
15776,0.9994385623512957
39466,0.9980939204847119
22959,0.998171515188637
37580,0.8037703419950517
72680,0.321565726010862
3259,0.9994385623512957
55284,0.24854424317418558
29991,0.7122209615152817
13878,0.9968489925657129
48826,0.11325927515502386
4945,0.19443388618076274
40101,0.11325927515502386
34333,0.005863271096178478
50987,0.9993957588066301
25763,0.11325927515502386
11761,0.3988458217562208
42734,0.11325927515502386
49574,0.8373807620667834
29378,0.10819563961415571
78711,0.9994288199021737
57655,0.9980939204847119
35772,0.19051123788852545
44485,0.32013305980335094
12056,0.2703220745686139
66401,0.717368026906042
34078,0.04627685900785947
11346,0.8040929648777769
61528,0.9980939204847119
2197,0.35333152146756297
70103,0.08711278953101498
24125,0.3158227515004751
36738,0.20419037916227795
35283,0.7113341934289099
15755,0.8161181236753932
77951,0.9993089701984598
47014,0.8462910608522646
7834,0.9980939204847119
76783,0.7400829860966194
12882,0.9994385623512957
20370,0.5271790272110521
21391,0.9994406455671245
11250,0.19624803628780907
9778,0.2173650986004638
76132,0.7924570288003476
73433,0.9994288199021737
70794,0.44045927729798257
72768,0.04264868833899458
65295,0.8080590628658993
5323,0.3772628529819224
50232,0.8462910608522646
11587,0.32331620392262433
26371,0.9638233717466645
36070,0.8037703419950517
35202,0.9994385623512957
23228,0.02147817894615417
12042,0.017168593896925627
61417,0.05604161052397093
72041,0.9994385623512957
38175,0.024770398930013014
26752,0.815714577122077
71320,0.4746667602334728
4410,0.047500773491547514
60562,0.09892706288422211
54413,0.15905143705131797
42783,0.06307031095495329
74849,0.004263398073396755
38180,0.23003323273236223
5575,0.5197742923206661
16935,0.11166970015843142
35826,0.6831416319925331
63756,0.9988411984063097
31499,0.99864314694097
74945,0.8636599624092421
75435,0.8610326824821751
77724,0.20482870648204526
8494,0.01055471930448754
5436,0.9987383811963274
74889,0.12430934447361887
54214,0.2738618254515767
47280,0.21133816875709655
32472,0.23504228585834805
18483,0.9986778382277622
45000,0.13625587714757448
75672,0.619570260161839
78863,0.016092070193453347
37910,0.8636599624092421
43398,0.08428445487266843
20801,0.905740972441045
41709,0.27293882012872517
26873,0.02437796093604444
16407,0.004263398073396755
68471,0.9987277851675437
10795,0.9987277851675437
48076,0.9987277851675437
69848,0.834872520196522
14692,0.8475299700150989
26987,0.04811141283662872
1354,0.8672077025660113
5753,0.8636599624092421
37067,0.8636599624092421
1876,0.2709884868730776
24407,0.8636599624092421
3413,0.9987277851675437
10417,0.48403686290905734
19240,0.8203545541172139
65937,0.8636599624092421
45533,0.007195865715691925
16044,0.18807139478641594
62620,0.7785098762908156
43020,0.9986888497087183
39374,0.02167272390022012
21183,0.07838453330925822
30256,0.25992848189070167
25571,0.23003323273236223
26206,0.9986778382277622
70383,0.9986778382277622
42368,0.023479254951630595
41549,0.15097558996140614
64801,0.8636599624092421
77022,0.9986778382277622
46716,0.9984437527061346
66134,0.9987277851675437
1103,0.68108855548542
7234,0.8205126909733017
47457,0.9986778382277622
10515,0.7711574563678961
77821,0.03024355612090752
66056,0.7221347319617363
34524,0.0083278195233814
37277,0.2694211004018819
45688,0.3829975886269645
48878,0.1751052193396496
70800,0.7423072546453132
33838,0.12720741650612452
47953,0.34177610426294397
8420,0.6445016081640135
22996,0.553464072806312
32695,0.8636599624092421
66202,0.13333906165136414
74068,0.050669056939830204
57858,0.634924330400038
23705,0.9986778382277622
58877,0.8636599624092421
76911,0.008573837617632873
37685,0.9226322869037178
7066,0.9986778382277622
78695,0.9987277851675437
68516,0.7785098762908156
61294,0.8633364136447638
77907,0.45194066441388286
61915,0.11493114904745504
6862,0.8016899037680469
32451,0.9987277851675437
72621,0.8636599624092421
43877,0.0033401175329297165
46413,0.7114430181224521
48138,0.0033403141447466912
27251,0.7027485062285327
41153,0.0033403141447466912
52961,0.0033403141447466912
65481,0.3509881904011835
59847,0.3509881904011835
39710,0.1929817731287421
58972,0.003366629154216775
53413,0.7031998569629069
20081,0.12047677175729797
17734,0.1611471489588393
38675,0.0025228771068715986
49511,0.2577934571314203
15211,0.010346764801216561
74456,0.33737978420081066
69587,0.2144322631090295
13895,0.5147372415288461
40474,0.29486405267236987
16957,0.1657018676096134
64472,0.0029776613914810285
6373,0.696805991216376
7245,0.0033403141447466912
44646,0.8587237155413762
5063,0.8350292003819441
36371,0.007691462797100355
27564,0.6656745192696837
15765,0.0033403141447466912
23333,0.5147372415288461
40525,0.3509881904011835
42407,0.012965071949408997
25597,0.0033403141447466912
26443,0.04401901258230951
26146,0.5031629561550947
19769,0.012418374669845184
25959,0.24188867384628165
56863,0.0068055491120077045
7870,0.16557932370163503
42439,0.029002652018109847
5410,0.007540209050784832
50256,0.01306621679128782
37208,0.0033403141447466912
73390,0.31559565260871386
38890,0.0033403141447466912
35257,0.1643190056862828
68828,0.048152337095326514
37311,0.0033403141447466912
57379,0.12433013464496104
68937,0.33041850388962185
53016,0.3509881904011835
67809,0.10494118810271469
14430,0.5142668946056361
27229,0.903608329955298
62673,0.00602397018029984
35455,0.002960435690279547
61751,0.0028519562047660536
45592,0.0033403141447466912
27413,0.0033403141447466912
12337,0.026023425746363734
27786,0.003366629154216775
9965,0.007272908801421047
10636,0.0041101732970531425
32625,0.2942602769267984
21169,0.0033403141447466912
42496,0.7476128000498454
13232,0.05295437167813032
2740,0.13370885577825714
13202,0.16594455029289845
48368,0.2596726342058074
69894,0.0033403141447466912
43311,0.2546295355596296
28755,0.7463482707527341
73680,0.003366629154216775
48341,0.5147372415288461
47308,0.0362873188119592
75044,0.003366629154216775
41832,0.21593167878463154
49509,0.11995164778134257
62436,0.3509881904011835
27938,0.0033403141447466912
20969,0.6273234149289245
48507,0.003366629154216775
17222,0.3616153161560585
57226,0.0033403141447466912
71328,0.0033403141447466912
67263,0.11316870960933814
18609,0.003366629154216775
51515,0.2179271895514316
61246,0.0036457927257518234
47323,0.35250070959329627
19564,0.8393633261327091
43053,0.0033403141447466912
3986,0.0025228771068715986
78667,0.03196016394955414
48522,0.7848801899326066
61598,0.8636638370880693
20608,0.188627184377986
1068,0.0028519562047660536
24486,0.0029543777073057576
59011,0.5147372415288461
10941,0.0910861708625254
73830,0.32871689256642034
44150,0.3382315102268413
28206,0.038776681077449617
63601,0.0033403141447466912
66426,0.0029776613914810285
10482,0.2597733340728308
5154,0.7848790139096987
34732,0.0028519562047660536
12063,0.3509881904011835
1910,0.004997150206823401
15691,0.003366629154216775
39602,0.003366629154216775
4135,0.12860884033129458
68275,0.5147372415288461
68372,0.0033403141447466912
44224,0.23267486301853701
7214,0.20149869406123125
36539,0.08022915434496129
68922,0.003444282587140321
78968,0.8503190394377267
133,0.41390896782143477
47099,0.3265264018821541
33350,0.9985419692877923
9717,0.2324602358811707
55992,0.05032645072822184
33162,0.007457085689006273
58454,0.41497440348140785
63322,0.9987745344506304
29566,0.8322098030875559
30816,0.9987745344506304
53081,0.6964669671528023
13704,0.9991487914736445
36496,0.9074182226634916
50494,0.030210632799750222
20662,0.9987745344506304
26854,0.015720303540387674
79064,0.9987745344506304
44195,0.7807451952049762
20596,0.7736511735122149
28075,0.5502168920893739
37382,0.6679251944779414
17359,0.14250921773494224
8594,0.1404911435044681
46937,0.012323188262481632
10151,0.20870338856871945
22607,0.9987614543996659
20983,0.33847618823707953
19788,0.9987745344506304
70249,0.3260531491453486
74346,0.6730895749024207
75621,0.41358381997044347
78642,0.05032645072822184
8072,0.6272330044792106
11768,0.11147869052356418
18808,0.7893018625327509
38033,0.04578599826262193
55824,0.09756681081806946
38932,0.5760398160465581
54848,0.9987745344506304
21361,0.0006553503495245936
23933,0.7954622220112707
71018,0.0800183553421596
78572,0.4309878003302976
50312,0.05911607756425092
6896,0.7546594931358614
61083,0.9987745344506304
27886,0.9987745344506304
49962,0.3466127939065925
18769,0.33761994120683364
47086,0.03884517492952721
35419,0.9816639083360716
17460,0.3796289525481166
32126,0.22372981420133764
8790,0.47802032659743354
48114,0.9987745344506304
3191,0.7484522670283479
52773,0.9987745344506304
45118,0.09615615152544191
3651,0.19967083507189692
57443,0.8820369898011731
38745,0.9816639083360716
68907,0.8868280747323277
42373,0.7430875447841832
60214,0.9987745344506304
20843,0.016699314501518066
74737,0.7486327573380007
67301,0.13871338789359844
76457,0.015997159206717744
10861,0.8733426566938105
26709,0.38749207008987585
58009,0.019309222834792406
15630,0.09396702975019715
28528,0.23623060739388826
7904,0.9986907709839663
28616,0.1573842286027439
13335,0.019162728977869945
14693,0.539371810931104
46220,0.7907961264432575
46762,0.7523932103938636
11540,0.06222746959488571
17128,0.9987745344506304
50831,0.07478273379687038
71821,0.9987614543996659
6274,0.9987745344506304
45713,0.9986352399628181
56748,0.03170359281827293
8537,0.06777588764925366
54647,0.049851156122914464
30029,0.11147869052356418
41965,0.9987745344506304
59625,0.6840467452413422
77304,0.09501701157051708
20720,0.9987614543996659
75417,0.7741780574730314
70199,0.8995077102760807
21499,0.05032645072822184
56327,0.9987745344506304
46183,0.4047148604802266
13307,0.7620191879170035
32960,0.8652861262017169
3642,0.23625149613189678
26337,0.6996189298061035
34269,0.9987745344506304
65558,0.21986241307828525
36487,0.6982042255192075
62148,0.9987745344506304
35671,0.2540482012370168
5535,0.6991362518914315
19277,0.9987614543996659
56573,0.5407490772705172
22913,0.0037871371715364082
17208,0.22907052781277884
76686,0.14179214887611347
10293,0.519853395215095
36391,0.7190687415481334
69796,0.9989253183457182
37494,0.6573543704430165
67006,0.028283400208967868
30937,0.7591692184105803
25497,0.5512558007262633
77079,0.02934265762556594
54155,0.9992718928741732
35011,0.2525815541459375
369,0.00013235850340206955
969,0.05397541324030245
44554,0.519853395215095
58760,0.11856003624447661
9492,0.0001874144587983055
16449,0.1971245022137404
30349,0.519853395215095
36614,0.061014968028275135
11018,0.3342961766206475
64341,0.3733977063754007
33173,0.6364394134611026
79167,0.14162200148607296
10684,0.10450215852390397
51508,0.18977179379322556
3233,0.03374332083938088
76390,0.23109235519995108
18303,0.05385766465684089
28512,0.1906640264478521
50722,0.23695591255952497
1832,0.20444889896378002
1243,0.0006313748485617184
74540,0.20444889896378002
52022,0.87068259254239
72393,0.0356418697627771
50478,0.2304933258524247
70193,0.4414768291479892
28907,0.9991189077119139
8999,0.7355145680401635
59056,0.2569122620977488
58646,0.09113719078454612
41112,0.052172688262625125
35758,0.05031946685541508
73140,0.3184909157986511
7491,0.02618424576907495
18162,0.1517838820285312
46390,0.16128949755713573
73052,0.13975418733277176
50375,0.7340048711148633
67314,0.3259934833869414
24162,0.20444889896378002
32313,0.31720122313991683
15112,0.9991189077119139
67360,0.7190687415481334
57854,0.31614468337142293
23028,0.06447069497213566
63723,0.9991189077119139
22785,0.7190687415481334
47259,0.3733977063754007
19936,0.166571308375546
12179,0.9991189077119139
21631,0.048599596864263864
56326,0.9991189077119139
51041,0.9991189077119139
14780,0.11695614856683172
16620,0.19409405830716353
66274,0.5998157952657119
16609,0.11959176294206258
57090,0.6046893944114481
3294,0.9989465254132679
44253,0.23600723050204248
73578,0.01810655943161125
23291,0.04724429204614466
3846,0.6865485504148965
28470,0.011579918214739691
47820,0.29511798466698436
54704,0.14050747240038305
74691,0.9991189077119139
13778,0.28195327490794314
75842,0.7403388187318182
22302,0.7695010969471654
45808,0.01410369463596787
37793,0.0031219298077915865
67195,0.2788137229703911
32981,0.709871647273961
78277,0.3391689039095459
48115,0.7560490374218342
1215,0.0003387563453504664
21578,0.2832866037464441
63080,0.519853395215095
58704,0.01860300269509302
15763,0.9991189077119139
64281,0.3471960024894524
65132,0.3656997588908818
37680,0.7579676568980203
58409,0.9991189077119139
68105,0.7203862669606066
2106,0.9991189077119139
9506,0.0037871371715364082
2414,0.9991189077119139
32215,0.22600804324558302
835,0.9991189077119139
42579,0.20444889896378002
22420,0.8081363832338483
12538,0.004483121356470258
46058,0.16895712413740682
59759,0.9991189077119139
13164,0.5030967483226031
50183,0.9991189077119139
22937,0.9990687630061001
44144,0.8782172908692076
50540,0.021172709530551614
51154,0.9989253183457182
5610,0.612064148793254
11908,0.9991189077119139
4582,0.2960139607065046
15090,0.9991189077119139
9678,0.24295524424872308
60927,0.7179389064832996
2524,0.12347310922865141
46951,0.16439584092924506
55207,0.05139631660141666
56412,0.9991189077119139
68520,0.06323942798331045
75620,0.9991189077119139
19463,0.39438878458106413
54713,0.7935240868272218
4783,0.6607742226920668
30783,0.2780980408534597
19559,0.9991189077119139
4382,0.043226204629553365
38193,0.02924538906963983
33761,0.9986633830787746
55557,0.519853395215095
7643,0.20501339836472082
39221,0.8339426212318467
79151,0.21613714177843174
20188,0.4010048671527311
35282,0.27338450935493863
7374,0.07521362336028085
53020,0.17617151924335092
47709,0.23348859540329528
26740,0.9991189077119139
75558,0.9202599450864967
59275,0.17053249383889788
10620,0.48870816343582085
53916,0.03674768117254402
66923,0.38902657747514047
76928,0.13784960029199256
21324,0.519853395215095
556,0.2531117780670645
18706,0.2850879221189953
16705,0.7517757975111554
35864,0.2960139607065046
3286,0.8221061540937259
9931,0.03158105391495571
50223,0.14162200148607296
7848,0.9991189077119139
1314,0.519853395215095
26470,0.058451836149688845
63768,0.5403573593027633
57573,0.29333533322147837
27910,0.18081361004320703
38232,0.3240570870070625
14707,0.03558875390689932
44014,0.8576873993281633
42400,0.03488989184748424
25758,0.06388717398924494
39340,0.9992333784507588
18654,0.9993078404610275
18257,0.8180290249760744
2973,0.9989918734115095
17807,0.0026150987025991626
79318,0.011982855357863654
29284,0.17324710518145986
43075,0.009515932469717414
2766,0.2536421591485673
1542,0.11927296944785919
26850,0.4015954204380578
59947,0.8008784475778371
27473,0.9988772553313221
20992,0.9992756178845715
51953,0.006117587645594011
76539,0.9993116804549733
29333,0.9981734013552044
32377,0.15295676211103298
58437,0.1786102707060426
73986,0.8068102741385249
62258,0.19146964916930295
56800,0.7853576100034338
3772,0.01091779869921189
46229,0.9993116804549733
4656,0.0063645903788926705
38099,0.2536421591485673
58383,0.0036527624900166205
11435,0.19752141317162314
78656,0.0026150987025991626
295,0.9981734013552044
41035,0.06172364943843563
56248,0.9993116804549733
46158,0.03909079150165929
27500,0.000812030887248564
1738,0.9989918734115095
39030,0.9989918734115095
20366,0.9989918734115095
15358,0.06024742087443899
36114,0.07563178482417746
8315,0.0036527624900166205
9720,0.35022114913319086
74701,0.2536421591485673
21323,0.2536421591485673
43891,0.06865836622315062
30298,0.3570725109879799
32827,0.5796098563916061
53015,0.9993116804549733
76156,0.9989918734115095
57558,0.2109951097146823
29060,0.21134284241143744
59636,0.08869528779381822
28943,0.04101419342093551
77865,0.3198344425224996
3436,0.5796098563916061
17323,0.03136317856025101
73881,0.8099255744395975
55699,0.13281549408046295
74156,0.9993116804549733
44528,0.09817886948625976
16139,0.13085115535687614
42943,0.03248324358460859
52067,0.2536421591485673
5994,0.2879816995700424
9108,0.6708409467967007
57481,0.6696416993201919
26394,0.2879816995700424
56948,0.00021543370200179722
77444,0.9989918734115095
34841,0.9993116804549733
44141,0.18455744985341957
13336,0.9991489699390558
3514,0.9993116804549733
49038,0.04405704484804483
42720,0.9981734013552044
49112,0.2536421591485673
3783,0.025069657731216364
76413,0.9989918734115095
31226,0.4579733944503124
65422,0.07917336147976763
9337,0.009107461008873493
15386,0.9989918734115095
10703,0.2879816995700424
70401,0.7749652081441731
71622,0.9981734013552044
48038,0.5796098563916061
4925,0.023082395958852735
4533,0.9987426043350239
78973,0.9989918734115095
38171,0.35573002658652236
4056,0.5101963642344012
23536,0.9981245970334511
11954,0.9989918734115095
28401,0.20011834360673453
2851,0.007195121120525495
43006,0.06328319417611337
75136,0.7775891849247385
46074,0.9985428572400488
73941,0.6596817712961807
12880,0.11532203898400208
44913,0.9989918734115095
42749,0.7821733164080746
25021,0.0003796075001823948
23770,0.9993283338910265
71056,0.23209239960508002
66395,0.20353288606423856
15883,0.299375553596803
5973,0.0041346029105988336
20824,0.41534879375657446
62666,0.8183958118176565
40644,0.9993116804549733
79012,0.05410744915603476
596,0.5542601920734422
8805,0.9989918734115095
41955,0.9993116804549733
65213,0.9989918734115095
1952,0.9984475805208191
74936,0.24908731212252758
71186,0.18208552299990272
7911,0.16744183467143395
56097,0.9993116804549733
59118,0.1733833043298137
68050,0.05103147340102354
39501,0.9989918734115095
7527,0.9989914190360659
63646,0.15302009943073133
4701,0.9989918734115095
59790,0.5796098563916061
27627,0.2879816995700424
24977,0.0026150987025991626
48929,0.2127065478008957
25009,0.42280686154391767
73242,0.003645827748092922
9216,0.20674028583649973
56631,0.9993116804549733
20540,0.06328319417611337
61893,0.4085317289235253
73670,0.9989918734115095
29188,0.06093830274083387
20626,0.052480528763939716
5425,0.23711696414100075
13266,0.1456996017671806
28841,0.9993116804549733
47935,0.9981734013552044
34319,0.5816754374523911
17394,0.18370050752272643
23520,0.9993116804549733
60092,0.9989290498283595
10930,0.9993116804549733
43823,0.7145591659145633
21360,0.8002792641584325
728,0.9993116804549733
48894,0.24321790593178483
14592,0.027614757011753678
57895,0.9993116804549733
73611,0.9993116804549733
65868,0.5796098563916061
55312,0.18370050752272643
57852,0.9993116804549733
65748,0.11833424175062518
78502,0.9981734013552044
35032,0.03339941256015749
44136,0.2801189613571617
3544,0.9989918734115095
34207,0.9989918734115095
10708,0.9993116804549733
19253,0.0708520555995174
51587,0.9989918734115095
13238,0.09247083613195808
55983,0.26687163960903454
4793,0.569908015702226
7958,0.7834335464805843
2018,0.0003156593987431283
33689,0.5459612036454973
70405,0.2886669585220968
10977,0.26316296507419507
454,0.9993116804549733
52128,0.03599265852084773
42617,0.3765506057781409
68994,0.9981734013552044
76790,0.9989918734115095
17044,0.9993116804549733
36902,0.9993116804549733
23807,0.007195121120525495
35508,0.055760599355086204
25989,0.7486915528616147
56322,0.9981734013552044
68323,0.21552288366598957
36840,0.2256702572242152
29826,0.9607202471683505
24075,0.9993116804549733
8223,0.07917336147976763
8124,0.40272078716500037
39132,0.9989918734115095
47219,0.33903711736632297
5797,0.7538431196457875
36446,0.8612585521746379
76901,0.8281131735998108
60120,0.7034923874075435
29681,0.10202540876699136
5189,0.18930638993406973
19614,0.7689896126923766
35031,0.3585236227589351
19158,0.22574956885232234
18734,0.8320034073920641
60664,0.04183588437674087
5058,0.230715001934852
74666,0.005789540538707998
13187,0.8153720944751905
1780,0.7852982108578113
35322,0.8624167343645607
62120,0.735239633676022
79242,0.23174798469087707
68223,0.6679101004593376
66577,0.3367198719125589
44461,0.005400660562588993
50716,0.261104187018949
16940,0.050862409867772004
68608,0.290745126591126
40298,0.844691543211895
37147,0.27549368300562316
29505,0.8045125694852139
50569,0.23920314259895029
28562,0.10838934914932681
58702,0.20790459860393168
74269,0.16287496482865954
7962,0.34735764574622296
40168,0.1257583140298773
1907,0.03371321645991701
65055,0.6085838457825922
59558,0.05915513812167468
50391,0.6056646481281301
25346,0.1469963953227807
54944,0.2080916268234754
13504,0.016679786084173108
67561,0.2842283047750671
47658,0.41522131761725606
45407,0.7907584092681818
17398,0.5546686220053472
47600,0.0004491597949258532
62371,0.14816978180682702
29,0.04487772611713524
62638,0.03691399076015822
9719,0.0002784160647443922
33124,0.7034689670040318
58774,0.2115855309083166
68707,0.7535192487763003
31664,0.11266334795521726
32464,0.48068582925268444
50469,0.7926294996578439
54402,0.12814313067908314
11561,0.8006493628232925
57677,0.3722729473452981
56018,0.6639993462119008
69212,0.6679101004593376
20609,0.07217995656742611
46532,0.7756849322063555
6750,0.8140105528205058
32889,0.005934402418142815
6795,0.7797826541937571
45891,0.8320741567864814
46452,0.43085889617854795
65865,0.09811847159205445
70247,0.209145479894297
19666,0.7364492670080888
67907,0.016301901274515505
58048,0.7695601530928592
15792,0.2351325091828846
75617,0.1356224118928086
64511,0.009093151728556464
18563,0.2160915797330344
70435,0.19274703304395222
37922,0.8593283430565825
66746,0.799751230991815
13363,0.15812353643579674
45837,0.5972607132384885
39833,0.38262615376735704
35892,0.6679101004593376
65615,0.01488131873937188
49403,0.38262615376735704
78161,0.1143084796916308
22761,0.15134863374445376
78459,0.8089642474680432
71319,0.6404196056161091
71219,0.3146189562044815
9494,0.6679101004593376
3982,0.6488865000305395
58467,0.7339993588942443
20391,0.6679101004593376
50714,0.8032368981385763
15606,0.054875281476807376
71750,0.1342684204223166
19642,0.853460955415213
53694,0.7837897041345865
34551,0.7907584092681818
63249,0.022002492302734253
13276,0.15576755125352193
5545,0.04487772611713524
78581,0.16069926440123045
77777,0.1870966546570622
14386,0.7471911918417777
27182,0.016774235829798166
6790,0.15290007417295198
34161,0.8427318637951989
61314,0.7852982108578113
65473,0.022002492302734253
26288,0.23417826501862682
19361,0.16022945931032043
39463,0.5132669690486268
35984,0.11768028441820978
65306,0.5868853323702093
8990,0.04832881626169192
12405,0.20082332089977523
9970,0.7950802080063407
12306,0.7339993588942443
67307,0.7847403472462031
75595,0.22288954986616424
30989,0.30342249771691937
35791,0.3426390828834286
28805,0.11043007878669094
38170,0.9986565282212605
7857,0.693121182750327
60357,0.004392879771473909
10101,0.7919682812200614
39644,0.019863284124396953
21576,0.9986565282212605
37388,0.5683914645314485
75353,0.4373987297875683
47059,0.32296882921570513
24531,0.8155905279276168
40737,0.5078885962435292
72362,0.055239276608074005
57266,0.12097391431927015
42880,0.3291773982154534
31827,0.9987072791412198
49854,0.693121182750327
40928,0.998562206501153
61992,0.6985564690013516
56023,0.9987072791412198
10451,0.6895838767753908
69960,0.17252481891637908
6863,0.8308191583708316
21253,0.00036852528557523406
9491,0.7639915565890665
35695,0.3491125310836652
21305,0.6250523860880332
9480,0.9987072791412198
8734,0.040356727324674345
37756,0.0006400312915430977
53503,0.9987072791412198
2014,0.764704459235958
61109,0.7652310758221063
53804,0.8300424627856454
38446,0.9986565282212605
2148,0.01634926643962676
59239,0.9986565282212605
43724,0.9986565282212605
72378,0.02022405135140162
26812,0.16310352786776686
17195,0.02508887081840844
54470,0.25946250004440746
64920,0.8328868186339701
71806,0.006482593099651854
49465,0.05369912268021651
67610,0.9160740957959311
42499,0.012623844464427093
37261,0.13851260923920475
76314,0.9986565282212605
40503,0.6802643528360371
18175,0.9796884412729642
14622,0.32778857961811103
15333,0.9987859299510787
40098,0.07603975341313872
42969,0.019142441549420987
58027,0.2444399534180769
3896,0.746815597724801
768,0.6969935212224327
50282,0.9986565282212605
46661,0.49596427470973675
78877,0.17869362440786585
28719,0.3750586586643266
74345,0.8339760281634493
66345,0.2814840108598077
24310,0.27979839492405056
1469,0.04157035017365872
30338,0.8971145142753053
58761,0.7693261426995865
35491,0.06259724053090876
5420,0.7751095833346643
76981,0.03666519884747479
17549,0.7014050925280335
44723,0.2254847062490731
21060,0.7785719014349269
61870,0.9987072791412198
61955,0.7158040583518362
6042,0.4225281631930093
47357,0.6270467901129164
31363,0.07909063017616691
34930,0.2631889210155065
21059,0.8757025979127611
75169,0.6663697754347644
23841,0.2814840108598077
9248,0.8950766877185123
37421,0.20748640754706577
15734,0.19879910543396692
22764,0.9987072791412198
7266,0.2560408940758041
29484,0.0004957309105989294
76547,0.23321735408822783
78378,0.993260055007135
50228,0.48402873659090667
77881,0.8890329596596787
15044,0.9987072791412198
77113,0.0006885554108499623
23526,0.032449182304834005
64825,0.004743471690351293
23098,0.03666519884747479
58900,0.28771821745140413
30975,0.6932140620047754
31674,0.9796884412729642
29546,0.1694813604062218
26029,0.5029752354831314
45930,0.009606091795066371
20542,0.3582722663232789
65523,0.33934747930195386
26499,0.35546386600358687
75,0.04788260804519494
66256,0.1527079893375117
60647,0.9986565282212605
23724,0.8155905279276168
36785,0.7951737509239788
38329,0.11704196097926181
45810,0.9986565282212605
59474,0.6114198872266472
69469,0.9989793051475836
63645,0.823221436630627
49834,0.23621113888671902
72070,0.12489615255347385
48271,0.003162882633181219
21401,0.008133756362855417
68046,0.4597698592704599
42013,0.43351846799330407
31417,0.834573161827083
32318,0.8126342921053574
59026,0.951108142771415
69604,0.12231070746579183
20105,0.3890919434856809
57706,0.9132411001213572
74018,0.8974785399682399
30545,0.026272465294624382
27819,0.38493791777463615
68682,0.006079533717358915
60753,0.3040529207725578
72855,0.7447711131384034
30563,0.7974655148903197
24846,0.6110775720545104
49693,0.22736666417055254
54660,0.013280116406025883
40165,0.27034772557650927
46203,0.44694634112773346
44329,0.9132411001213572
17139,0.003616691777311642
1538,0.7894531943358815
10196,0.00900027707498908
6074,0.8285934334336904
11111,0.774478905463903
21603,0.3535476292951606
57185,0.007292723877494202
23611,0.013500228948203248
31630,0.9327153548355802
33006,0.33477018398390734
20656,0.9132411001213572
22260,0.8340880867897158
55810,0.8289428289540197
49253,0.8040191228571368
55857,0.20176381122847095
71630,0.7247485627465461
39391,0.7690723502963979
37535,0.03675415076822469
56656,0.831359752418414
62225,0.01240153535241564
1621,0.4391286182551017
21302,0.8570522166032648
66845,0.5017864582928965
1583,0.01857531263415836
46695,0.5045925847578925
24364,0.15694068166881622
46692,0.09570941478864625
1045,0.00900027707498908
58902,0.32962698017168923
50640,0.007453143471517709
10932,0.00900027707498908
38564,0.007812468198179467
63669,0.0074621543895831855
38260,0.008645059162370546
1133,0.8622792987296595
20184,0.025772928401859817
44566,0.23184791129178015
60741,0.25755416789500163
67137,0.20733091051636315
68179,0.2707987999778592
1850,0.14213905585061581
58960,0.8715289308513637
67289,0.49081537428105965
34809,0.030071154724449354
40734,0.005255667216488603
38968,0.00900027707498908
19644,0.3630523344713959
78783,0.04525459555712869
50509,0.9313067974893967
5148,0.00900027707498908
77877,0.7826972067190926
25252,0.836004409169049
65141,0.005507283126207995
10738,0.7484420854936231
61716,0.20139377445221307
18052,0.008645059162370546
12192,0.27407172573873245
22399,0.8663211007722351
13289,0.3616976255192027
32335,0.3405831310778544
16560,0.23194316427328893
51361,0.13707266254126882
11802,0.006330009533604681
28931,0.43569548026197186
46119,0.011010506934714321
14651,0.8974785399682399
41257,0.7378786049529894
58850,0.23184791129178015
54226,0.8262416558321467
77879,0.0033237641248220185
63885,0.8889539479077637
64995,0.7980487769154329
22341,0.798688409612839
17707,0.8162225332736908
50756,0.023427116238177503
61555,0.899088541036258
24399,0.03259141708003752
36834,0.008773474864258142
66831,0.020223090964557836
34832,0.27731290117533025
28648,0.8025035244074155
49104,0.04298313954733982
39452,0.8370213559745706
50712,0.1110437562780918
20003,0.7878686622212164
5578,0.09968542195087005
59903,0.12607083165802435
59841,0.008782192935016142
40858,0.03975791527590309
59181,0.8121049894166081
71148,0.22370262964758977
73235,0.7070662693569163
5078,0.23021390825061444
70872,0.03488213078950929
23351,0.00890984094305212
4142,0.6943877467987142
79102,0.2013376310124671
56059,0.14395990213942897
60625,0.8958406804777747
12225,0.05399132411350654
23105,0.5412275442447522
50388,0.36112552849621643
9584,0.03985351599055093
27028,0.14560399145679562
45718,0.118236954961575
2252,0.49595254123701915
69207,0.7760281678083836
72908,0.22618806721637996
65603,0.20856519178665206
37529,0.14408201777754276
20270,0.21600972593663176
78965,0.8901383861574476
49435,0.3141932149151991
64361,0.0061851832277659054
12964,0.6349666179529538
44679,0.3023812107737806
72234,0.8049582116820786
76544,0.2982717094228657
60232,0.6381861043230114
27868,0.09835821824871302
38827,0.0005127185520667955
17949,0.2699026639768703
26573,0.8310753775382477
53464,0.8901383861574476
10751,0.006098069631054715
3321,0.4967670766688406
21577,0.8049582116820786
48633,0.8501999957802016
30734,0.905310642072169
12447,0.7610850350991187
70310,0.2158488000459481
50000,0.7467893355288824
73248,0.739432163233863
62889,0.5546747010421234
49991,0.8049582116820786
60278,0.7873770564999144
24144,0.7601713816675931
20982,0.7262533454956209
30493,0.7992935536022848
25994,0.1758017666289732
48734,0.3700173290245634
75651,0.3471824338012107
61193,0.4024354666894943
49757,0.7601713816675931
58866,0.00046406109586435366
44334,0.3732649277592491
39994,0.06831729790424196
67848,0.1593757521181714
51135,0.10152318501796322
29686,0.05522870020908981
47637,0.7591156723003845
41446,0.47377795722386185
12917,0.04578595649983533
54881,0.3293830580421441
68360,0.8954672090325054
4552,0.7980487769154329
76806,0.003686935449091521
38105,0.7417712072215603
11438,0.31613902037345876
24571,0.24846212117391916
28478,0.15672364966597416
11354,0.12560174351136136
3750,0.006859949532367524
43163,0.9053192468398819
16533,0.756179424993816
60727,0.157841073271152
8400,0.6209057675337745
9080,0.5778939456067134
66061,0.03495765043260338
30767,0.23585485443166848
25524,0.23435294591573386
57603,0.32426061790328786
69264,0.12486782405011407
9473,0.6931051464395441
20751,0.3965367370346716
30462,0.009889371652630468
15621,0.10002672139071962
67820,0.6169306183748873
67839,0.6178563208157853
44378,0.7351291871245413
3053,0.8414662049583116
14293,0.16909065100749582
71357,0.39662146003117565
28037,0.47351249012253344
58033,0.20828997610586544
15174,0.17144988272886935
19951,0.8591624913965246
65585,0.7936619983688715
47780,0.06248271913865489
31820,0.5759271047797491
14346,0.3832979777462847
48543,0.42997985161251234
230,0.4956897145547415
1212,0.15222299817889107
63746,0.139914464143264
60925,0.039555570919546916
20690,0.34607316778995584
78900,0.3913312531872348
1987,0.1829860333534681
56806,0.26522761541005485
61721,0.27341397239578474
43679,0.12152985771388321
27939,0.036071065405564325
25023,0.5112241623848763
14017,0.14780418936197928
37202,0.7965785469778346
62575,0.7058906166535129
74439,0.3119208904123815
74361,0.07463817937751861
36930,0.7245217079786003
68654,0.430217397289213
17510,0.4204580844352069
56031,0.10671109920011408
59413,0.08546278321432646
64923,0.11003139329713849
38091,0.07273600660715601
13754,0.15081508719653186
74381,0.3333288889489874
71777,0.1768726311300267
65035,0.28704213409897505
35188,0.5466087118531722
71744,0.5042383822702403
13304,0.058204400101854625
7171,0.15371470095321402
47998,0.24131604442892657
33786,0.1768726311300267
37501,0.34395265648882783
57693,0.45300354200416315
24128,0.02509772404084751
65887,0.44206405921477204
47664,0.682869272828993
32992,0.4824676271693862
55183,0.8681165405253655
36405,0.012283313158216038
25564,0.8591624913965246
35269,0.005536222367984742
33333,0.20501320699118072
46506,0.3456161491058554
65031,0.8397463739010232
10368,0.018267133221599195
57242,0.12560174351136136
3386,0.7862239986031417
36702,0.0005377433862360342
31933,0.6888907671237477
79002,0.8591624913965246
27305,0.9222269374676879
18317,0.6743233978996128
32931,0.18938486241486824
56678,0.5357624323642604
17206,0.0798801854022838
26640,0.009378421068428774
15995,0.4873289618105328
30287,0.6803522922530703
44787,0.7358553506085439
14117,0.0978270563928953
9590,0.5622788414957283
75656,0.3446173328872707
68370,0.29855471011983553
60391,0.6283017481238546
26757,0.512003989523411
46706,0.07930128151250568
62516,0.8041921863435472
24625,0.11497209019576163
73076,0.208599724625935
74870,0.7924031826659095
56921,0.6533888864081416
14550,0.4557409039026082
19074,0.8444378290401074
50342,0.4709558219117645
53998,0.16668429879420868
54363,0.09065696945703684
69527,0.00591591393774966
40829,0.9989274805484546
43334,0.030207716371713506
48785,0.34872792862540164
50727,0.013517214992442602
60103,0.2677817129139611
14800,0.3814870050206994
68322,0.0035174691505180647
43540,0.0035174691505180647
55712,0.0035174691505180647
43455,0.017842104746464017
3881,0.8444378290401074
40523,0.0035174691505180647
51743,0.10144498036205359
74535,0.33432725486440895
54388,0.4593345686383419
36714,0.0035174691505180647
26506,0.8444378290401074
25093,0.5040127596426918
37123,0.0013516237158822959
5667,0.003784224046980607
32941,0.002460403646723408
3408,0.8444378290401074
70602,0.28928574572907634
67085,0.10582215616070256
7436,0.4824132139624245
57837,0.13485406111206535
63289,0.054605661093707
10025,0.0035174691505180647
11815,0.0026472066517416364
61031,0.9989274805484546
63045,0.019177883990537912
29114,0.030207716371713506
8419,0.009942907334492438
51639,0.03724038339593678
75437,0.0035174691505180647
43482,0.2867682064771404
13108,0.0003041728233843668
41026,0.002730414463787892
12468,0.32885970322566704
32333,0.003784224046980607
75868,0.5175715207526137
51025,0.0035174691505180647
54513,0.0026472066517416364
13732,0.0035174691505180647
38673,0.030207716371713506
63750,0.4824132139624245
66382,0.0936875073279941
68932,0.030207716371713506
45529,0.0035174691505180647
23148,0.0035174691505180647
3128,0.33558750557379163
42463,0.003784224046980607
41270,0.012846386414912756
58536,0.12288586676044282
46563,0.0035174691505180647
66491,0.0035174691505180647
16536,0.0035174691505180647
69124,0.003784224046980607
69094,0.0026472066517416364
28949,0.004017508167309902
43731,0.0035174691505180647
45773,0.11402507869371054
65243,0.9989401569612396
28553,0.17699853620342754
49477,0.012534598196234599
57043,0.0035174691505180647
48774,0.0035174691505180647
54801,0.9989274805484546
6744,0.0035174691505180647
11268,0.002460403646723408
28482,0.4128622039937675
5496,0.004079991939022843
58032,0.8701394241322775
13891,0.9989274805484546
11827,0.015191418729208163
77209,0.0026472066517416364
8178,0.12000741874619826
11621,0.005100783565844887
7858,0.003784224046980607
20806,0.9989274805484546
35372,0.003886914085296782
8610,0.0035174691505180647
8062,0.0035174691505180647
36019,0.24310758304408508
28717,0.9989274805484546
52710,0.03770330905599562
33478,0.003227971718522833
65186,0.005502616944554441
42983,0.3666489968818969
70135,0.0035174691505180647
2043,0.11402507869371054
6131,0.8444378290401074
50655,0.005100783565844887
33086,0.029778063523270403
67601,0.42744057884484504
14458,0.06499785883546959
13420,0.0026472066517416364
29662,0.004667131775722232
22991,0.6959696615609897
45642,0.5706225083665072
31170,0.11315195188961961
47762,0.057911355201311916
57191,0.26698878884652566
6524,0.14827931864645172
38508,0.002460403646723408
14954,0.3778484744723381
5471,0.0035174691505180647
74259,0.09316508491349818
24015,0.10854812130197461
36932,0.0035174691505180647
13181,0.013588493425210693
27927,0.951335123761997
6379,0.7462626763878404
56524,0.003784224046980607
19868,0.007360632849600848
36308,0.708411820014822
71847,0.9075503296586183
38286,0.020164067243987373
51589,0.8444378290401074
35363,0.10144498036205359
7368,0.9654400121682793
31214,0.0035174691505180647
35209,0.02113112210818533
39423,0.9989401569612396
14267,0.8795435732611416
62502,0.0023475318649652925
15868,0.030207716371713506
50578,0.020164067243987373
21412,0.9989274805484546
16199,0.032432704832982134
67039,0.0035174691505180647
27446,0.0035174691505180647
26184,0.8157440919829471
29778,0.0035174691505180647
66215,0.049976781373223055
71388,0.9989274805484546
7195,0.2226838289590252
65440,0.0005632897258487126
42864,0.0035174691505180647
64342,0.0035174691505180647
68476,0.06196852235626182
54206,0.0026472066517416364
74549,0.18288951094383293
66607,0.4414067926937313
17930,0.12014755144685263
72321,0.45098988069413926
19157,0.009154462990937232
36161,0.8842382289368659
65172,0.6139107944011297
50252,0.257483927830483
60187,0.021093025492545554
50902,0.035356277659000526
49571,0.02266554463300757
74908,0.00037863507062228314
50072,0.2564723595536059
42908,0.3632142649521608
47375,0.3776182809809877
59644,0.6544273690093919
58656,0.20173386433271023
19791,0.4116418362603206
21121,0.860949126453548
37662,0.3776182809809877
8721,0.3537063434746855
58124,0.14785681570813541
17107,0.9628348657422111
59306,0.14743775553721442
51013,0.45098988069413926
19160,0.43031803552262554
76939,0.7860306114335265
49356,0.7543211143888401
7838,0.6153887454506118
65221,0.9000552911601933
53145,0.45902163759608544
38886,0.8808642504013291
52612,0.43695772886899203
12717,0.45098988069413926
24100,0.8642852727895884
71207,0.00040819346654612975
51963,0.03967111788310811
8950,0.9315237266904755
21877,0.23339536382050002
31557,0.5093088517618316
26129,0.8569613575731981
46099,0.3776182809809877
31332,0.20173386433271023
62014,0.4980716166509618
11183,0.02054331397414995
25617,0.4653592374978271
15124,0.8881869260828942
41663,0.05048209781291161
22739,0.9530968911917626
62786,0.08484533373083353
10749,0.9028763345085382
77524,0.7893951306830557
78299,0.8350992292941846
22487,0.23175733147285757
24503,0.3776182809809877
27308,0.06488634516125026
14391,0.3273733813471661
44355,0.1511340650819587
49704,0.012295825673538765
19882,0.3266796708145316
17795,0.3555481702757021
47341,0.4013326498320955
73184,0.44979337978377293
1408,0.07379682368640014
28691,0.864020283448189
77667,0.019123228747583067
41116,0.031145804990014538
33462,0.03469420346801279
10726,0.4653592374978271
21396,0.012647966670817124
3444,0.4980716166509618
69712,0.7904878742383458
43227,0.02008689050262347
4026,0.08343422794967402
13383,0.06940918995383748
54145,0.8403352454227426
16646,0.6705337490300033
55391,0.10191028584894131
3627,0.006389181469866081
39133,0.45098988069413926
49598,0.3308657864987557
37880,0.48576379664867325
65185,0.3814928529534047
64818,0.856971769275779
10387,0.8521194795690175
30271,0.4653592374978271
76512,0.7690948492651435
19752,0.5167391142269818
3517,0.34132457452269516
43828,0.45098988069413926
35295,0.0029447983304250053
52798,0.4653592374978271
15033,0.04524290086889805
73704,0.3915249154946422
45125,0.7386471763218465
1169,0.24353118241438063
24661,0.3965813521585801
68686,0.016063450937520242
58561,0.7672261746847672
63880,0.0613215435163445
23957,0.36278582433756035
19123,0.3429056820687216
34236,0.3481223374389275
66918,0.709502707067997
44922,0.2504484621722804
29993,0.07004628225067752
4138,0.4290291792054616
19424,0.33972226012792167
4151,0.19399705764379058
39237,0.9194537622881187
57890,0.20805515895711782
62581,0.19138055112294672
72108,0.7713128748303583
15367,0.29867984006782133
33133,0.695046831927848
33636,0.35306639846675963
27044,0.6514710001453328
53310,0.045586427678861695
55502,0.3429056820687216
57389,0.42851825771839636
76280,0.23808897408367033
65939,0.04681080745922306
37197,0.9975293863967841
77914,0.4218462003234794
68594,0.32105651274737107
15505,0.45863955273301815
59343,0.802771796907006
49317,0.13904885023650504
47632,0.1806301179853102
55964,0.25205717567079117
43159,0.044984659302718416
61647,0.26561446015919593
44116,0.7908509536358644
44981,0.7236859477138616
3318,0.004408497224709529
40634,0.9116977444509219
64927,0.21639207215146708
12127,0.9966564990027087
39620,0.7127889566746981
17719,0.9201073265782119
25164,0.04510923575493683
38524,0.3371369042780248
58098,0.7484874226302846
60409,0.8034530138480498
6998,0.8360004605929994
15729,0.3429056820687216
707,0.3938430787395963
3492,0.8367761060085616
15340,0.8810015623602443
46016,0.13904862843348953
15824,0.007447585381948234
75678,0.7314924875673439
72591,0.1926677553995668
71117,0.25874543823950347
60783,0.7866348838683215
35920,0.6050761960467657
39386,0.012572444279184527
31100,0.31515402445754487
68144,0.1806301179853102
60655,0.3429056820687216
41951,0.16774773677924223
2430,0.39477603385250715
69352,0.0004280368960001512
37336,0.16339699243378228
18647,0.6479651402738112
836,0.3718484977512243
25495,0.9929537916794368
22822,0.35764985936510696
71102,0.3796758627266325
40871,0.8027274925285173
21674,0.06009776406954465
28334,0.7991341548278845
4952,0.08351017840395113
57105,0.0002043374193931118
68448,0.06432477546271309
19178,0.29920692150817196
11333,0.24875089958675467
40564,0.8063322781691531
78825,0.7072826944856524
27676,0.8079245189613019
56575,0.25635777973403306
34766,0.353506175241983
8418,0.11914751516137059
5630,0.3429056820687216
42293,0.3429056820687216
3682,0.887834616544733
19404,0.28671552480352497
29476,0.893895067081542
69522,0.06282262426249677
15199,0.7746497564180167
74578,0.22487319257176247
71052,0.3429056820687216
37046,0.14482018267749908
69203,0.5703379169671702
55045,0.7883021452806739
18831,0.26056721863240995
46763,0.11672618117113398
11832,0.045445900801079124
28743,0.01191064983293057
42026,0.023405130380831595
72779,0.7849629213227685
2638,0.48086272239401184
57914,0.17047255085287133
73618,0.022765951678099507
48354,0.006913736998846213
878,0.19432503913359814
27106,0.4217875901578855
27960,0.7986190246725385
4380,0.4384756099630455
11958,0.21369788733927905
19188,0.2997413564470519
69445,0.934921957583933
10764,0.017611800155465145
26332,0.1968225447315018
55649,0.28385758043647835
66544,0.24699465721149885
20837,0.4147097158641711
32153,0.47984142704413957
13162,0.39477603385250715
56117,0.30524000456267103
31391,0.43148406854437144
72016,0.0469413987432593
70248,0.3664752522158341
33758,0.8063322781691531
56464,0.42927739503741397
35451,0.34317877767616917
53911,0.3849989938583678
51661,0.06299178371660498
42471,0.019803168138316958
20699,0.39477603385250715
39149,0.8727523729919604
61466,0.3429056820687216
27201,0.3429056820687216
60102,0.3147662365061626
51029,0.13290325136110318
48868,0.3147662365061626
8447,0.1713282229718901
74308,0.5388799312613896
29088,0.7908509536358644
67335,0.2771582890075348
55935,0.11067423389545249
17144,0.7772505929699888
54634,0.4844030595667025
655,0.0009462644440609246
5813,0.5904070821209154
21673,0.29145376796973443
2893,0.28671552480352497
5637,0.4717530473003116
68581,0.27568394179507344
43791,0.06282631884076889
59936,0.6224523079894907
24905,0.16774773677924223
71696,0.2929024509655094
13516,0.7027531601388135
52312,0.2145423021269689
45338,0.8776254085582148
71559,0.8537733520305859
37861,0.03536813663000632
13570,0.7600813190908345
11212,0.8512252886917651
11222,0.4748317265990522
47589,0.5576405255637404
10829,0.15586229655900122
4764,0.16086059024566032
27595,0.8537733520305859
60290,0.8935081733433604
3660,0.31145067825641026
3327,0.9256666056245006
9466,0.18581021352079138
47802,0.4537913214606041
60283,0.31071382991715896
68200,0.8537733520305859
54531,0.1202622756383061
59165,0.30917136082695923
25939,0.4398675260576944
27830,0.3397436564375454
49157,0.34112661732369887
30226,0.7262287659619502
34696,0.39435634680348447
46901,0.8150339256149647
33314,0.3673670087260043
68417,0.781094079928092
46331,0.45067909631963043
21342,0.8136955736134311
11155,0.8692173528498707
27690,0.8537733520305859
77609,0.43055334257116895
52410,0.03795931711174351
41137,0.30917136082695923
24919,0.1978523264808396
31626,0.018519745992698164
16693,0.4107514370764354
32428,0.4036206851097445
50718,0.37010663120933246
6728,0.1451586615036605
51288,0.21137312524206986
40702,0.19391320256142736
78098,0.4629718697561621
63222,0.25551937637946265
23549,0.8136955736134311
29554,0.08678291014319503
53027,0.732777927587616
57940,0.3963205243457471
23778,0.2342104621880104
51429,0.8537733520305859
31407,0.2627667293476291
76508,0.006146583182876176
13544,0.45067909631963043
8647,0.18704784711797884
68160,0.5177078894565954
41303,0.4107514370764354
41140,0.7595177794089573
19223,0.44934635822759467
37707,0.24341660693738232
24601,0.2763510479010094
46826,0.04338209367688505
14250,0.8356518625293318
40116,0.2502707547367063
17401,0.1498507050825525
54858,0.8433243665844993
51483,0.031017829374267537
42282,0.30917136082695923
55088,0.389832042288979
39264,0.7423572726599093
756,0.06277202941929795
2780,0.8179547729548188
24504,0.7302284898596001
46098,0.12580383307607476
48571,0.4834224169391459
58145,0.45067909631963043
34776,0.2897790012735923
30078,0.6565369711238438
38969,0.0008084623877639895
16454,0.3816175068636683
21752,0.2111036153976652
63754,0.4107514370764354
78522,0.4954875794834314
8434,0.31538406051447876
62515,0.8520763087283627
40326,0.5939971488194647
41338,0.46906160317497597
42430,0.3638101542817858
15735,0.1498507050825525
38730,0.1498507050825525
30252,0.1781647406057318
7869,0.8537733520305859
1270,0.40872383431163867
46502,0.008975651980364296
13441,0.05702607935903215
31625,0.07292446457832134
72535,0.4432444357594364
30936,0.5475964388996004
11284,0.4629718697561621
27303,0.5475964388996004
18668,0.5273296759092143
20117,0.17584679473488463
9046,0.7331339192516663
63218,0.3818471621150437
13750,0.11170531641016941
58096,0.8571181686713101
54798,0.022656929281042012
79038,0.156257242606286
23005,0.45067909631963043
23332,0.7888417193232977
70664,0.7767980843665202
9328,0.8413437110881732
29141,0.3471645549639949
67082,0.49878327804711914
66276,0.7716515036661202
1675,0.3620204385441374
16122,0.7312414979239723
2568,0.30353860866841087
39753,0.46268340964533183
39564,0.0029518871100830965
64953,0.8510967038841241
70269,0.1498507050825525
75325,0.020811502813314498
33542,0.6913870459792835
50018,0.3969822131010216
8522,0.5930581303968935
21585,0.726597725213537
77404,0.1498507050825525
2245,0.10625181906067022
60242,0.21007384794564044
3204,0.036546039557990094
40057,0.5872717250399088
28886,0.46906160317497597
70741,0.26738894946273517
30826,0.5564497639594407
20225,0.08450143779609617
883,0.35129427998452323
43966,0.010021054569929223
1937,0.04577874331572376
45690,0.2225049185938021
72202,0.278221574089674
3241,0.17807374096972642
10359,0.02900939443472455
364,0.9169803898963498
74152,0.4554830056418471
24055,0.011455000094613085
8739,0.22538305356924726
19325,0.5959222504352247
34410,0.024046005271873866
58233,0.2162957616074868
66709,0.6909721650267135
46234,0.6055530461635845
64017,0.7450814445177345
22470,0.9338665524697708
63581,0.17559551828184822
58755,0.19170948848259897
36111,0.3480518646586981
36133,0.3932277535300232
535,0.3155572306078953
12666,0.5363053105994753
34179,0.28582348522937356
49295,0.20420020216906848
57787,0.21100049627955686
60039,0.3171620111296858
17200,0.765977240483021
22885,0.10365517355599405
34566,0.39062309375466153
70112,0.8060086389525634
70727,0.05558029532392017
45179,0.36287887574714967
20660,0.05127217045893156
3090,0.29158133166684447
44388,0.39596561484994147
1997,0.28750287166048794
68368,0.21100049627955686
32356,0.0918552255357827
7490,0.07393437087995926
75448,0.8415887999274664
1300,0.6975168754438092
31316,0.7741504731317861
39042,0.09169895181412643
5500,0.11308831329053132
6448,0.390982351943374
47895,0.23982486320349128
76069,0.4793094176756285
58447,0.9339300786059491
42920,0.4397987193128121
72604,0.10466776713143577
64149,0.005612910090352736
26906,0.3049848005266128
60140,0.8474600224235606
43618,0.046041846795696534
35710,0.7859325071141365
26328,0.18020815539065477
20046,0.9151509049325857
15117,0.28493365924480923
21210,0.4422168055770701
25740,0.7188392089346576
71217,0.23109160678751575
11550,0.37436670681178824
49550,0.46641326519138815
51659,0.11189142818818562
28413,0.026709439614006035
65604,0.059262845633594075
71092,0.33205250348240334
68547,0.13791146495117182
52345,0.277036649022816
53786,0.7480941438274623
40097,0.5198574641824206
45255,0.36287887574714967
47915,0.016765267906304778
42318,0.0840663561196635
44265,0.352628866099414
37012,0.08694828293831953
38800,0.00034780886412807597
11398,0.3801534567196629
4583,0.16394001260131133
3229,0.08585987208660448
72904,0.7088835833230984
10682,0.37502078831692953
65680,0.13485033166019067
29814,0.05462761185340706
78123,0.4391078698837817
9345,0.16245162054342516
14142,0.19897544579838858
56118,0.8766511808883319
33981,0.9613287692464497
56208,0.007954000932023655
76123,0.8304708047032837
46855,0.3003132237285296
20086,0.8512736333829307
57205,0.2501577943327439
76277,0.22328184729017606
23601,0.18911332794585914
38763,0.35018527096295177
57987,0.931434434396532
37041,0.10662641764326283
47692,0.19795116308257685
30700,0.7413565280785194
69905,0.5158934895507656
787,0.00047072746298211683
11050,0.20126733158206633
63457,0.022903300348231757
18101,0.8966410703495287
74370,0.6446813201826888
15793,0.11849210313132015
12380,0.6471640327087365
7854,0.9992221775369987
154,0.048444574732407555
75675,0.16447659070550985
13017,0.1191527099848589
52058,0.45493698912915054
37395,0.012502346084775719
26871,0.6600984277462426
76752,0.28961136052878705
56399,0.10662641764326283
63753,0.002719486490882692
32364,0.0370225454058821
22635,0.9991625836511513
70191,0.17605106981559163
73592,0.13497628740702708
54676,0.006892838304500773
23890,0.00756035210174554
32925,0.007272463225075225
35854,0.9989418579556629
51273,0.011153694655100766
1553,0.4924353470990402
33325,0.45959618475133496
67685,0.2810437599947361
44756,0.9985833685678149
496,0.27396721626169374
57197,0.9991625836511513
32920,0.8478443264502061
65426,0.019452099048646865
78356,0.39558144276184876
66901,0.8112150960482503
19386,0.7598144082813884
61608,0.028964208334814404
51568,0.004490828477508734
23346,0.9987757351532338
53365,0.9991625836511513
29969,0.3165822864988454
15697,0.2297445776380718
19268,0.006574255631161988
3721,0.9508231641784656
39896,0.8524497014212746
26620,0.9991625836511513
17273,0.007157613752459644
19586,0.5016552484466525
70457,0.9992221775369987
4824,0.11039831940118804
31377,0.12754282762035096
15480,0.9993875835580084
32168,0.43826630145538337
61869,0.005622934722906456
4137,0.27320875846821796
19573,0.8366636344912084
51376,0.050134150640929034
45157,0.9991625836511513
27161,0.053658179809149505
67658,0.4162954039094672
72395,0.7224342574445949
993,0.01683619758449045
46042,0.14756221871209688
59839,0.4468865666420396
48640,0.2677770047727104
55740,0.5747664436031186
7383,0.35746289757089583
78960,0.9989418579556629
15631,0.9991625836511513
72903,0.22707743423067783
57474,0.5984239305377882
50618,0.06156849496396387
20978,0.07691573677249196
69102,0.06258701279056891
61248,0.7599551248064188
71377,0.004345137088013015
12862,0.8079660631555635
60943,0.4770028221502528
18985,0.9991625836511513
16076,0.44412003878954465
14272,0.1551411844613711
14131,0.005906547359399479
79016,0.1901635923299434
10314,0.054900964804827285
11361,0.9991103887714582
23761,0.014473808318467618
72636,0.26845640845147056
55422,0.28225774028059797
4322,0.7746390228634528
35930,0.12130567017889506
35399,0.00591383160845047
3175,0.3172662072004253
35334,0.18909233119476787
55566,0.5016552484466525
20029,0.2345126015235058
48129,0.21129579866859566
49769,0.03794622093970181
26503,0.9991625836511513
3115,0.2091291571537794
43602,0.9993067442946573
26656,0.2212980591160915
56634,0.28393324582325574
74145,0.26102441031924584
51881,0.2881860193872639
63657,0.0037919109503763287
59471,0.2882160665796171
3226,0.9991625836511513
40861,0.29137355825169936
8998,0.9992221775369987
40545,0.004345137088013015
38107,0.02845921934903517
76985,0.9991625836511513
49700,0.2173624068799425
39887,0.9992221775369987
6938,0.12723406328979478
49179,0.04721159373282489
5530,0.024856105366923793
55831,0.33274321355041636
70935,0.28425997390115804
14381,0.4496489685000812
57234,0.4162172564084541
76781,0.2645953162448278
58566,0.14891017281047214
35898,0.9991625836511513
49590,0.02862080360850409
8321,0.06059546888614677
43881,0.700929457206772
5270,0.15934412549638854
24701,0.15202056899141517
32770,0.35724873610306757
43460,0.2542709347576221
9197,0.9991625836511513
39726,0.08045661233921642
67692,0.26233708763242536
19783,0.2505707962456853
4012,0.47801925495823455
33303,0.8498366968319281
11963,0.004741219368834073
61305,0.3979808122792467
32017,0.7058905877595881
49738,0.24498437041511126
12353,0.19955543939355855
2896,0.2072394409783734
23066,0.3888829857225118
63144,0.3244503082163299
9270,0.17094837896408646
78155,0.4279753387831172
32635,0.8092907455026055
55515,0.21315721624797768
16563,0.29673382313305563
6465,0.14049364363371777
26533,0.004248560090208777
76996,0.03212009538334902
60893,0.4276277520022402
64385,0.005459841762003038
18301,0.0181830081051356
78151,0.24170877970346166
26082,0.39537516258334426
40876,0.025145063978121412
78850,0.038529995805852146
34679,0.7818031248479076
28611,0.002832932496953768
1302,0.24101264627391347
23992,0.3476850824073474
66767,0.5620510242247422
46041,0.28308089257642205
27095,0.08843308440849655
4369,0.8002403280671885
41082,0.1610553349977724
52983,0.019537557840010822
27026,0.8841324005810759
77084,0.8325463037727836
13855,0.48005855166973477
6081,0.1503029763685128
72105,0.46048623514245257
58867,0.3053420220754348
28061,0.043554499889313175
18558,0.2009590359717108
22814,0.10211651884352417
25187,0.3816816665733279
73532,0.11458456065413337
41911,0.29670082468306425
32575,0.20369818198408216
61383,0.42927990525909504
44463,0.652754929945151
70168,0.14937782113172868
65777,0.5028002794287525
48822,0.09289836450186766
29512,0.7938856545460665
62875,0.11043949108106682
38872,0.033052228001867474
56755,0.03933611719370131
7466,0.3260508994061182
34636,0.06986983947481946
62895,0.7101749714187456
52117,0.7981088906114161
67357,0.4279753387831172
67947,0.2365379390642132
31602,0.533843273648717
73780,0.2907425105424436
39406,0.7730719898378068
16577,0.01136672393474533
37334,0.09567046101911433
77478,0.6459661301415026
71928,0.12826722155845732
42819,0.19246055630160913
36548,0.09683890709184168
41786,0.9794654772061011
2810,0.24330029095847092
63262,0.015387302512312545
33687,0.3867491039674291
46033,0.3991377245400496
57770,0.10586223794336487
37053,0.21807320483499756
229,0.8212168691025558
71793,0.1501218543444585
13330,0.07295026519274109
74948,0.049541615411885356
71538,0.21752708704835377
4898,0.5989737925744654
5584,0.6983351152007808
28230,0.7638942290738763
28900,0.7101749714187456
33897,0.0032428208196763637
75124,0.3938443268065469
10401,0.015393335659060672
43067,0.7519303902132948
34475,0.7137923646514337
23835,0.7968790536082283
68690,0.14669383573438025
11524,0.20369818198408216
216,0.0013865287213018572
23489,0.45756096229725235
26951,0.7366357287806307
9825,0.9530284017338978
35694,0.10916508874862961
43259,0.1228382866924438
9638,0.6918623562045605
45213,0.2940065222243325
56598,0.04392183088998875
79300,0.8464092370197503
40278,0.22494748080271543
74238,0.026884095383089387
66986,0.0032428208196763637
26313,0.9140686889835807
63081,0.4451726766933307
47923,0.02758449630332001
75626,0.308632391890554
28308,0.6042347710367902
49113,0.11581241804181489
29671,0.3254660576976127
48518,0.5778627641189117
6055,0.7850773387895608
31876,0.8140009429658783
36994,0.17211449375407323
51703,0.3712682166802015
62288,0.9992134920946788
9131,0.213083598531484
78813,0.48297655819816226
6450,0.32654188870819695
7952,0.2265309245623695
28133,0.9243870795598264
14627,0.04474460579731262
15805,0.19821175148380552
51797,0.22966806834685935
64605,0.178772704694226
11358,0.034358637061090096
74449,0.023131199920929324
13669,0.059433724978547556
31106,0.27819886982358066
14646,0.01669181998942007
53640,0.23412372934079898
21030,0.18247633262615556
27389,0.01311883067328799
3776,0.24683303007387064
16375,0.18701141254806114
5597,0.24053490413431622
34759,0.7477334332819369
42066,0.09094703852862543
23650,0.26888537819317104
74897,0.8846767316675295
26958,0.005460886734975823
62700,0.9983383517181672
41506,0.029854605882471973
41985,0.109975528985941
29425,0.16854860805367916
67444,0.5771951222274605
15582,0.21746523565765283
10144,0.13669696078706553
47663,0.016982373880182238
53635,0.1253885578816125
43255,0.10036990658709813
37426,0.1503797704740626
15387,0.2913703780025349
70991,0.290926550859861
9266,0.06016846604083434
38738,0.31005234188985636
47767,0.49305801131749605
52092,0.25076638914929406
30481,0.3308421973408187
29087,0.7017445619899926
50493,0.5144315527566953
11517,0.0002681509488911909
34160,0.8800589929778646
40206,0.1422971975453054
73844,0.03770760489663434
8803,0.024531752511661856
33140,0.010430606401195718
14560,0.011705727876842011
42544,0.4761095967500385
17797,0.04418786648939002
11696,0.051109869220447204
16767,0.5630817046396939
54971,0.689342539836715
22505,0.6998659997593256
34981,0.32654188870819695
71140,0.9535352758839045
38186,0.004297876823260736
70475,0.3328670037653713
20009,0.8734174006131554
68695,0.0887343487278438
20652,0.874023472558798
31974,0.8627542324052695
464,0.550655968458082
50907,0.3328670037653713
66152,0.9992134920946788
71917,0.6310252488725258
20214,0.7341841654149945
61827,0.43602911515272924
44067,0.7370051679815535
73718,0.9992134920946788
16575,0.16178704151726078
2717,0.029969700955167246
15241,0.1403185805386878
70715,0.9992134920946788
52950,0.06392496782317124
52336,0.9992134920946788
42772,0.9992134920946788
22707,0.9992134920946788
74660,0.002239792106995996
21046,0.30067255029827067
23475,0.08413575858804644
6222,0.22966806834685935
74592,0.4359840950987832
13387,0.38582084924543847
72574,0.23137918108107655
44415,0.22764901355249875
48666,0.10354673750542562
15512,0.0400161140555579
64174,0.09977534305470132
74040,0.48966799782454856
55193,0.7905959170207191
75738,0.16339613503233286
63773,0.018319022483255572
71895,0.019693871020678412
76466,0.38582084924543847
65432,0.37452954787151255
61958,0.8470987045565236
72228,0.4610219987890103
10786,0.9992134920946788
33799,0.13304232115609657
28351,0.02765272555191929
1578,0.9476364485666267
36562,0.9511695919124995
20040,0.060941922587093085
54963,0.28514949504831116
20712,0.194597607672915
76923,0.2020859167591824
31187,0.5270622850002237
5587,0.03418687521676158
56241,0.9990894514377283
14606,0.14029328995781193
1516,0.00477618902989214
60431,0.9990894514377283
68969,0.6798371125139975
51416,0.4423416379055863
20864,0.014192145798086309
4240,0.9970814264298756
19774,0.11598150040180633
894,0.005853661905192742
39868,0.018383574894149837
70611,0.9990894514377283
25792,0.14983677208409488
15188,0.024698785685388545
68470,0.9990894514377283
32331,0.2837867723540886
29266,0.9990894514377283
44131,0.9990894514377283
78535,0.7990738349315912
28023,0.6796215373365396
1130,0.1948070143167919
732,0.9990894514377283
3085,0.7126943840053028
72834,0.5432554654732603
45265,0.7325268602752004
2796,0.0044105702972630015
25364,0.3556104223563391
7602,0.9990894514377283
799,0.0037760119548873074
22617,0.9990306882909358
17119,0.9990894514377283
179,0.8150074663504147
65498,0.24127669652418152
44238,0.8125067911108533
61085,0.7990738349315912
17559,0.011653012453368798
65365,0.6585874728490587
13799,0.04701416978070093
59200,0.01676743673710083
42599,0.20174159971741504
17175,0.7990738349315912
32568,0.8504647272959938
27778,0.7327955584545394
32967,0.0052174910826375005
24649,0.14029328995781193
61432,0.1771968032359031
56828,0.02621061348433072
16933,0.7677287667387025
12941,0.02147396113914323
58532,0.23030295136373208
49037,0.003158313560666566
11773,0.9990894514377283
38499,0.7990738349315912
59659,0.018648123922429375
70153,0.23235742310933305
7534,0.0044105702972630015
45247,0.00035779260074473825
67,0.8274068894288006
15690,0.6970962697855017
73325,0.7886912648525034
5034,0.8480092904092139
35341,0.0023006792166194757
77846,0.1728561982135406
9874,0.0044105702972630015
38991,0.004104279718190477
66324,0.7997884694786633
3333,0.0029861278445122872
62533,0.37612950393635897
7988,0.38382747866687084
6009,0.003158313560666566
24163,0.30458061348982574
73871,0.4008037508520223
78225,0.007177470342719507
58756,0.2140579621688711
71834,0.0015980527177450667
46217,0.32963500287972763
66728,0.830796716872684
516,0.0002919099828375391
30735,0.0044105702972630015
49631,0.1728561982135406
30025,0.031417484423838425
59124,0.3310690490162146
23284,0.1677706073412218
47646,0.9990306882909358
66538,0.0044105702972630015
6192,0.9990306882909358
14176,0.0052174910826375005
71290,0.15943002564587477
40582,0.005325737408989897
1463,0.20796787055038785
47976,0.09015047531595276
24300,0.0809685861353134
37345,0.5331819129825606
42625,0.7111188740253374
27465,0.016408355850550664
71155,0.05847876917162129
7350,0.9990894514377283
53776,0.07229471153246306
56345,0.9990894514377283
70355,0.9990894514377283
63383,0.22951362389384672
46995,0.007826134936181301
65757,0.0044105702972630015
30608,0.017396269587361003
12633,0.6624039957467197
4604,0.4253710775799091
61361,0.9990894514377283
51629,0.9989859161451521
22500,0.2047487825231169
50211,0.005485276086966008
63213,0.9404665030242338
39256,0.7508135847757904
72573,0.9990894514377283
59252,0.9990894514377283
45202,0.7990738349315912
71187,0.0044105702972630015
1379,0.9990894514377283
5623,0.9990894514377283
29864,0.350821751718455
2882,0.008681428777685442
902,0.9990524349417617
51449,0.2627405383031153
74025,0.13463529209451455
61498,0.3172239463510464
30233,0.39411183121626797
51138,0.8663237911513711
23465,0.005917370570892792
73756,0.7990766886223936
67164,0.004062289968466858
6773,0.5258001616306502
12022,0.004062289968466858
47205,0.004370181329376723
61076,0.00041520461858471656
14679,0.004062289968466858
48941,0.012908965050907313
2160,0.5258001616306502
40026,0.4571704383152246
68117,0.3625761007084561
40735,0.1722225157501898
34925,0.058982879118266066
69877,0.3219056475559658
76158,0.16912379797965266
46512,0.28029577601036526
1074,0.004370181329376723
21639,0.2763001458037214
17066,0.16096998455860081
62767,0.3625761007084561
3160,0.9280986991131633
21293,0.012006747496605864
34651,0.40533140015916197
21399,0.012006747496605864
5975,0.004062289968466858
3730,0.000535751053891544
491,0.004062289968466858
22093,0.06894848027711864
1376,0.16583893265187555
49003,0.33536574671418923
31659,0.0007095701062499974
60759,0.004062289968466858
17011,0.040061114442589245
4759,0.012006747496605864
30342,0.7835928335306235
10305,0.07277618776793664
71577,0.004062289968466858
28757,0.01678675518807416
2842,0.7162290025064051
51414,0.4828195960495747
42423,0.004062289968466858
63724,0.012908965050907313
2888,0.08410157203939743
60974,0.004062289968466858
8877,0.025015614410828457
20924,0.004062289968466858
45040,0.012006747496605864
14998,0.06272398859524468
22838,0.14458293850509338
41980,0.8473144149835001
45350,0.12798849097452622
19024,0.16373474249432296
71139,0.6387601997746425
13922,0.255639653933367
5731,0.012006747496605864
14746,0.07041626710710946
56357,0.004062289968466858
70833,0.004062289968466858
52350,0.004062289968466858
45748,0.004062289968466858
13852,0.7345536512540585
2963,0.45192075532616804
28380,0.0029967695758849086
20919,0.3625761007084561
55372,0.7894516826298984
44307,0.4036577975850548
56760,0.0038615427479316675
61079,0.024932627837843547
6870,0.1292409705097304
43895,0.7041304723106718
21043,0.004062289968466858
45761,0.39002304385070596
43241,0.012006747496605864
9944,0.013966549272775132
29710,0.008406532088110858
39662,0.1400050642227759
39450,0.8487110111192808
38197,0.40056249549032075
9191,0.3625761007084561
21651,0.004035373004931503
69323,0.4571704383152246
39885,0.004172494097729668
49647,0.8061236254418022
70220,0.3452881290712748
42815,0.3625761007084561
69807,0.26573668526817246
78005,0.3625761007084561
75225,0.37632131104143346
45204,0.431288232636012
48665,0.012006747496605864
40645,0.7924070485099391
68877,0.11700110720656581
32231,0.004062289968466858
67568,0.004062289968466858
21474,0.00796563085420811
62713,0.04307108058517338
7236,0.11035529801441722
59873,0.004062289968466858
30952,0.058982879118266066
55433,0.004062289968466858
46752,0.012006747496605864
1080,0.004370181329376723
18611,0.02616682040933952
50495,0.013729174977695935
28092,0.8052652318695102
27282,0.012006747496605864
50972,0.05673144178864802
59214,0.8629871885674602
65067,0.004110377715200624
52414,0.8629871885674602
38418,0.02133442905174111
27673,0.004370181329376723
26027,0.8028292986447443
14507,0.004062289968466858
68473,0.004062289968466858
69454,0.012006747496605864
30064,0.004062289968466858
58862,0.7388955065446412
26300,0.26573668526817246
33074,0.004370181329376723
36825,0.26594691244531454
52152,0.002867608034750352
9838,0.004062289968466858
50384,0.812480898754248
35082,0.00560652038710784
14309,0.008262863496325467
44440,0.007710538208206444
19881,0.004062289968466858
53474,0.04138057274559796
41799,0.03518736197833048
67599,0.26573668526817246
6471,0.03864774499520533
65525,0.008262863496325467
56653,0.004062289968466858
72014,0.46827734490882406
53052,0.2867007584443954
52720,0.004062289968466858
60611,0.4571704383152246
38221,0.004370181329376723
11280,0.21845535342116384
57175,0.10045685453180021
29832,0.3452881290712748
42675,0.4465938538762555
37039,0.004370181329376723
8532,0.23513194601433945
43130,0.3318920695034897
20471,0.20751100805786615
9096,0.05601355999608284
36134,0.7461683597398372
5516,0.009248863143144687
11782,0.20646759245944327
73763,0.5043889682022573
62218,0.1268283947401815
74591,0.06415413413442068
71043,0.27241525980086295
26479,0.08580397977477264
51323,0.6607182387043171
925,0.048120756222251516
35893,0.199738079250255
72096,0.029987984095361186
57609,0.3391538669147421
12721,0.7970164397447609
42615,0.01430509433450504
71335,0.7944504558724864
28558,0.9604510163298107
44117,0.7221180115551481
74878,0.2341691659850142
52249,0.9670843687438321
61823,0.4288717812738566
19628,0.7374343134335059
17858,0.776531886224641
39517,0.7917364075418575
29794,0.1335327841583374
76327,0.7577763922434891
27844,0.24653869699165237
41851,0.7620407278621799
70212,0.10340150478021688
63852,0.09150143983801919
49057,0.8422488807683629
26348,0.03978554671193973
48850,0.7944504558724864
58503,0.3835948903934778
18691,0.021503354067905392
16556,0.8226156410859722
3957,0.7116219984665438
5607,0.16205706368148967
22196,0.8128261351951751
24847,0.10145206604839697
44149,0.3397848954907112
34494,0.7572571423348076
1185,0.015516419799378034
26141,0.7905547729205115
49557,0.006190797221174954
74539,0.009089208215547056
33673,0.025148534514834734
8347,0.9128202160493225
50014,0.4429288014386859
7798,0.2160283324266501
26124,0.22700315385778247
56549,0.16954447757662694
6090,0.8617576663777532
67617,0.2321086806508622
65450,0.15553980789328656
40697,0.46389958578556895
7934,0.12284191291146918
24595,0.05411925562112313
9928,0.15250975605740827
7212,0.7452208411041601
6534,0.23167573933712382
5210,0.0883975448229255
49594,0.04535795674886743
43391,0.316584784551071
73985,0.23068022767516003
28927,0.9156285336078366
693,0.22586867932790364
39134,0.10097113249859335
76842,0.7942180188489494
7371,0.3829336239077043
34070,0.7135343260600971
73374,0.2867756602119981
36484,0.4448444317316649
64551,0.4974569048876872
24496,0.04139668557229947
28634,0.10185902289512053
5038,0.018176049579805873
52775,0.17005647203039193
30980,0.1279215845448073
7355,0.009489055574588933
16123,0.2285290579833612
74287,0.11817679124953162
11619,0.006044130494539865
27152,0.8700808359986473
66973,0.02047220134227353
508,0.8537114542242593
48786,0.1058614228300137
61817,0.10790790156744663
71467,0.6505888075061168
8948,0.5418010001429561
12243,0.4986333562184875
69923,0.7434003151745553
63966,0.020227305767717623
10311,0.04707319645687279
50436,0.36611424304052126
8922,0.6872917040565891
74230,0.0530767193664707
17028,0.7759936988519011
1540,0.042354493272871996
9122,0.7349716894455207
5868,0.10729588574300515
45876,0.35461944404539375
22491,0.34661569245015483
13030,0.8758158292146699
11570,0.80738874494646
45437,0.6641315825188359
391,0.784461100853479
29002,0.10115358899064011
17577,0.9429479381917925
31729,0.053358431717703304
28370,0.7942180188489494
42833,0.0803011694038173
56810,0.7942180188489494
55513,0.7531603727297297
11351,0.2381048883110853
61862,0.18374060817089224
25082,0.3760959249973416
41204,0.7945475736804952
64758,0.7942180188489494
72256,0.80738874494646
15541,0.009484858273335986
27242,0.11703316747934611
14694,0.048231906630123875
947,0.1495144444291644
14328,0.09911935231595767
14415,0.32495649388573794
21165,0.1682228447455585
35933,0.4154591147207651
35316,0.25474781665391616
18158,0.08010401701035491
60355,0.7942180188489494
33041,0.0945184322299895
20828,0.21717162966379122
36387,0.006293156939061425
27406,0.4221128849536275
48292,0.006293156939061425
7009,0.2309508467865518
46547,0.09844407825442791
17305,0.06731528783504996
4634,0.09146772646785778
57657,0.0004213943898128562
40476,0.06371842548410879
27053,0.05739598618813724
30134,0.7784743043814062
38368,0.79309844780545
9291,0.03279130906045842
28932,0.12293209483188414
15990,0.3500974411030159
36406,0.35015189113354184
57725,0.6813709003208516
74329,0.14014324093320948
21200,0.7942180188489494
33368,0.6505888075061168
40875,0.30654031242098745
76872,0.0995491948942961
1894,0.8156206155230292
73370,0.14729057760350617
60740,0.10301560154043454
20747,0.8255430234936079
65912,0.014902223510718843
30772,0.12973043393519895
1467,0.009484858273335986
12616,0.01789283793476951
48995,0.1762126320187299
71233,0.31412419943469494
4838,0.19950924873444123
42432,0.4448444317316649
60198,0.44090303205198295
46122,0.021095341623687577
28622,0.7632537188328071
55735,0.19117047330205703
78131,0.16611977620825166
54479,0.031225727068568087
70412,0.04669321379652388
39347,0.3517209980700055
63015,0.7942180188489494
63928,0.006044130494539865
13332,0.3594906483736126
56397,0.17784969018703123
44951,0.2710130434180022
25626,0.04801142118011189
23155,0.8029293155230819
52976,0.4375615925428775
17242,0.007888682767967312
40746,0.02091732824663035
2036,0.8441652201139301
61270,0.2307237850451599
42933,0.2720660045975381
43060,0.4064175691619439
17884,0.7830297918227366
52665,0.45485241775993024
57515,0.038009663754735155
6829,0.3651075610003591
7131,0.14175916037817876
16627,0.09911935231595767
47316,0.006044130494539865
7372,0.054465606513296044
5595,0.8614178865200324
47292,0.7069622372108315
47235,0.04488360931470866
69281,0.12580664587706078
75670,0.38828109193957855
54384,0.009874239098409369
69640,0.7440574099010674
7494,0.013755511312916302
24705,0.255072097713883
26682,0.9156291914038779
79195,0.7942180188489494
79138,0.03653187548840447
50734,0.8156206155230292
68112,0.016627429164511983
14390,0.8455039398421429
49053,0.005753896108273874
4043,0.06878752294072692
50520,0.08750899076791781
4079,0.6648052009677701
47015,0.03505713749926211
73291,0.32708836860971313
62048,0.27278243668046237
64428,0.04902068647853852
32468,0.07939361998599838
25217,0.009484858273335986
30792,0.3165782012546477
15961,0.8557602072934077
21317,0.05300382593040232
34754,0.1145697319270178
20246,0.9522480728312713
40543,0.3611105725792827
60825,0.12444150117139974
9727,0.0075471823236543814
16710,0.7388780075204915
48925,0.765370443479238
63109,0.7867195214373857
43299,0.12955646283923544
66472,0.7388780075204915
69591,0.3093533702147986
20956,0.1477291293652744
13667,0.00916817258836731
40223,0.3611105725792827
865,0.11238114486048491
67790,0.7249823438779693
22395,0.8108974571327965
56064,0.05816274400380563
23383,0.9844711902925022
36635,0.009874239098409369
43117,0.24603496179257303
33378,0.22755372809983007
37420,0.8557602072934077
77626,0.009874239098409369
30006,0.8397953837235946
25257,0.005978567254870406
56919,0.5810823323905854
72685,0.3500974411030159
58256,0.35461944404539375
34783,0.19563237037383674
61159,0.1034450406233037
71118,0.7275754637110773
60520,0.9354686032379029
5061,0.13395722451122674
9616,0.30885852713712764
53371,0.08891010506977383
73581,0.2709507555937873
57824,0.04464242955980958
17047,0.10161353848233932
73923,0.43026385692128927
7698,0.37007078712772706
61588,0.2725890928000551
28836,0.809479852754886
27565,0.3153137509784335
68313,0.7726943551075535
53688,0.00022644943735065289
43647,0.013530981049246021
7190,0.15035136845564245
5574,0.916786923630377
6136,0.16438085790831308
20812,0.7688585119638484
10554,0.9093906244260797
5248,0.600522576146132
21154,0.8086168912183606
69518,0.10040000899396856
59096,0.02137176181464578
30565,0.20779540865242946
11086,0.06573088453686018
19054,0.7151468755086652
16664,0.0066344856082052915
67709,0.31690132934471615
32084,0.2696831092734992
31900,0.08009656036471267
27237,0.23906782383647532
14860,0.41374941785005603
41487,0.2593410503352154
7453,0.005405098418847849
5198,0.16545062524089024
62009,0.9205027623555091
26271,0.5061243309282559
13211,0.7938022912886463
63478,0.8844917834893659
48804,0.8498275068627963
28993,0.730874691783707
72743,0.1330077450790631
22192,0.4869794866324632
69346,0.822756264048673
45257,0.582054472915286
51034,0.8911857006659359
21068,0.313142314161685
56393,0.23687762975744905
5544,0.07507280716256444
54746,0.00018154967090515387
48288,0.03731934390181174
43170,0.5461570030329395
29979,0.39090563432281095
59755,0.498614181216114
74719,0.4078200462271413
17654,0.13739725635926797
29093,0.2356886192227243
51503,0.8194899968334909
58742,0.058499045356323685
34153,0.14093001179363235
33784,0.35886789654744894
33066,0.06260291609176923
8636,0.34978550166922795
70410,0.03201292448387783
64893,0.19638273834639733
62560,0.822756264048673
56998,0.31540408176447765
67614,0.822756264048673
15030,0.16511384749079167
48444,0.2760698029188585
14210,0.17711175447960373
29328,0.2558907899954826
3010,0.43938515880838186
15217,0.012378584540230385
2538,0.7134828740203282
49347,0.0004479763225403792
40131,0.26682503625715476
73035,0.16513391321439308
46251,0.00762109146228889
41778,0.7432248385030897
39322,0.8386769069598022
10771,0.23640332134043893
48900,0.8045523951449883
21890,0.531917374815956
55914,0.10109528765794473
21685,0.08326502528301981
321,0.10687083351479384
7136,0.3381706191804241
61387,0.02324129916403322
11985,0.29783335111243103
35423,0.06959434076039114
58252,0.32218020263097863
44911,0.25763015259261624
52551,0.3254426025514482
26628,0.822756264048673
33655,0.40431269824931726
2177,0.4590542027431996
31832,0.13618172540676238
3179,0.5126024640375872
65781,0.10671151154641544
14759,0.7458942393245341
38752,0.1903690011799063
1162,0.7130234908769953
20667,0.10562769619218626
22338,0.00397822060740469
288,0.029758482314883813
26207,0.7437232532717832
46419,0.30111295804822796
54461,0.38034588472891573
10069,0.3984128040098215
66707,0.25071444805654736
4676,0.2401396377290804
46687,0.21754759015606193
53866,0.4075418290849569
39561,0.7816280947550023
44332,0.28420630249995743
60381,0.2410880384052078
26554,0.04278207148647185
75324,0.32748519890011046
23166,0.5138930456343141
59223,0.32389516786981026
25492,0.7954885293629629
28165,0.8007518371496968
3122,0.6844209292634237
41348,0.3760826084242873
63929,0.5214480461411395
13862,0.04071020905128985
57063,0.5266973323661778
45897,0.3099797333582635
66468,0.6512506938381083
692,0.03416612379113973
35350,0.7702111172977864
6365,0.6149471559248789
64141,0.6929390232159145
78800,0.5045639068586967
16429,0.20528218561743306
20324,0.6385249384129168
39877,0.2504265962761385
41744,0.8451106355584342
69856,0.011312961197204268
35734,0.8250829305922978
3970,0.30135309930627585
4927,0.6382564963313008
70470,0.6177858259546306
23863,0.8078314142171121
22693,0.028615775088800567
53312,0.30520931564318426
3093,0.1732843665398818
21098,0.1732843665398818
12749,0.9500670059237323
74655,0.7748422879950905
45284,0.11818053778470022
69519,0.4791046540166318
52348,0.392701206483054
66631,0.9355440316581971
22928,0.3973747775406975
15973,0.3342076438249999
68380,0.20959440913058025
52004,0.3413880279668174
49242,0.20445518344263072
38725,0.9355440316581971
25096,0.683697117731809
60373,0.14913508873092957
20856,0.2354368558843121
61693,0.23063014168453777
46143,0.012568397657377248
65553,0.012543918081419142
28203,0.22165502548068805
16525,0.01651696989190273
18444,0.19142307510779646
23528,0.19236561017343531
12206,0.2708433172670036
31423,0.02591690066246758
32007,0.8345954153677836
32767,0.6152477385887455
4687,0.010840615536202105
4923,0.521991322049536
39554,0.4538995750365684
5878,0.34731950423614794
64487,0.3413880279668174
42317,0.5298399484865589
32444,0.12131953302743767
16460,0.38034588472891573
22832,0.43007046035124535
41199,0.0055212740790915845
25007,0.6968140312226866
70123,0.4454779914160884
47366,0.5639068950737848
39568,0.008099290380488044
75086,0.3271927496063906
73915,0.8399131855403267
61923,0.8821424551996522
50706,0.6150153208749315
55027,0.031201374019709988
24817,0.6844754038937256
60411,0.6853507210182652
25554,0.005631498627927547
45866,0.3671501015534363
47225,0.13760819207549776
47948,0.30782599633902447
39170,0.02487837312761267
5696,0.40091827761109894
68478,0.3790944792194007
75338,0.5622704146563989
40150,0.22165502548068805
72085,0.21798168319544164
50773,0.6266641599358171
38347,0.1988514330877504
8308,0.5077352221748275
25934,0.07771172015342492
6783,0.2224659016943308
75476,0.820108476179741
77296,0.47168410877086325
66254,0.6538843793809465
1610,0.00569790949584709
31981,0.0943436909468325
34786,0.5883902840171867
35740,0.11374422191256367
63769,0.1357340283254022
46807,0.29368403184218483
46336,0.25514434210752013
35700,0.15156752610151475
16509,0.8536067524764924
50259,0.3846943555063674
1815,0.49706300554610816
25417,0.3477471490031299
62994,0.27257113739473227
2124,0.8082125853800607
56636,0.0007064817993137136
13705,0.00042467518842595584
54787,0.20399593698196583
31722,0.03816856648006601
77016,0.5562464189627585
14192,0.014957634931784187
20436,0.43019003091322894
40470,0.01729759886572754
43462,0.5800895931591379
49878,0.1452475877133451
59808,0.12232656671993694
49029,0.37804087355697485
41939,0.8230398152683994
33577,0.018379797087875915
75113,0.07418211101971366
58820,0.199100540630637
21439,0.8509074793580627
40032,0.783467613720104
70443,0.27257113739473227
3723,0.8517834429258521
76869,0.0769634943394788
68208,0.9242045092331338
58580,0.999307208626859
9418,0.02623651782264101
4553,0.5281820871174836
71546,0.999307208626859
50600,0.08838097391236402
19602,0.004768082578545062
41248,0.2607162631569613
3165,0.7691102568449474
52228,0.18659763738265012
39532,0.021642100040817628
1658,0.39120705514135923
57222,0.038561791873878586
10590,0.011319173378017548
57797,0.6862035163143121
19095,0.03816856648006601
55469,0.074869465410616
40318,0.5348111191211887
37035,0.38682673530933387
16807,0.4939038171194719
38085,0.11988981439708789
58002,0.041841286512141855
27878,0.0029713520958626707
19230,0.9993239701826432
53219,0.04184056708464982
33770,0.7308669119973062
36967,0.4263635780647013
35187,0.17144733636972903
58220,0.27004750579408887
36344,0.044834774940310344
55879,0.03453449546181436
53000,0.210936332330525
50114,0.23645457779343143
3559,0.07701430158097333
59551,0.2199558954461783
45227,0.37849075533406507
69391,0.39306325647293106
70424,0.212579204120165
28808,0.9994721215405371
13599,0.4531753893481477
5314,0.34962513966069836
13700,0.12606417654016072
62654,0.01635095205082516
4828,0.07701430158097333
46800,0.006980688865542407
57531,0.27257113739473227
69444,0.777899184099151
47102,0.024335236139904112
29135,0.7530428300850055
39792,0.4236314076181854
9344,0.271043321928812
47930,0.9984475805208191
61382,0.18668958873856797
37664,0.005322678718391469
37953,0.178304008487417
50226,0.999307208626859
61585,0.8710068247828172
22909,0.04939094815368233
62781,0.21468750286334143
47000,0.999307208626859
18280,0.998412743211947
10284,0.8749527653891876
40864,0.0226549025302859
18020,0.07625037999505774
18324,0.5873612788965514
51619,0.999307208626859
27043,0.8809148502999711
17388,0.7152645708946538
15087,0.24884783272223726
24043,0.999307208626859
53823,0.7398042650199275
12307,0.39666966378431323
7567,0.04120727545509763
29228,0.501039990867994
14720,0.04437169198628774
60295,0.6894912263426682
58830,0.000557651265147726
78579,0.38510415245775687
5369,0.007184947345769011
29426,0.013728432518314324
30144,0.0003782321039353367
68155,0.2986301235700907
70022,0.8574890678417862
11796,0.3657893417749376
17370,0.6573005013224046
44037,0.09605176803986555
24367,0.6100179174930906
22554,0.3362971934821711
72921,0.10341097770043535
75810,0.27765426178460006
13270,0.7766199529781381
9276,0.343458171368879
9461,0.9297665404839831
2463,0.47133827727597066
49421,0.34421295553752485
52733,0.18642807615377327
76578,0.0062904700151226855
49224,0.35411155124831123
42223,0.021159071533560676
72046,0.12907618398636891
61603,0.2780985768362779
66126,0.13909123035036228
8849,0.23683099808798894
59994,0.5529684586504513
39614,0.005738458603531651
47112,0.31355153209491143
62672,0.8074233495193125
43619,0.7613057446855601
5455,0.5560961237845197
75322,0.014974070575882441
34218,0.1912859021403445
72374,0.15152413412574076
48618,0.01302254093195114
29433,0.7798402691892863
18817,0.00019306925034620688
54711,0.0004367400838218938
1588,0.08679329098411723
39455,0.9460895690208388
65007,0.2615320642647777
31418,0.706294000584627
41575,0.21305797604545273
69498,0.00032480029969891595
62902,0.10969696588664386
29632,0.07267252328676717
6079,0.21303285945134381
50043,0.7559595916407671
10957,0.4399367073541502
34394,0.16131683329970095
4007,0.07240149627838262
39020,0.29568948447973975
18396,0.0974858575646813
5899,0.21170281743987554
2867,0.008151206243086179
14012,0.7098505344391889
76600,0.09200739340998058
30267,0.8843644012217331
16969,0.13652508024641535
20317,0.19875406087831488
34029,0.5613313927413698
20923,0.22175907960514618
34485,0.1153912462921021
60653,0.13853616706911084
55162,0.6674241288827591
70205,0.12443677702342158
4299,0.8218821869385377
55799,0.7988474783873991
3784,0.6887193720810199
33777,0.030941249769487696
7348,0.7739264691406685
53593,0.40878779303892193
10378,0.20064307668590028
56562,0.5613313927413698
76642,0.45419879030447585
57536,0.9066958455561108
45928,0.05715421067377965
68310,0.3680628132631272
13027,0.27684846110624506
25106,0.7211854651631515
1988,0.25005867655229713
78758,0.6861058936827057
56684,0.04149972828977281
35441,0.00476911898584277
16261,0.3482162661583312
60282,0.21492782803599222
25465,0.47648331274080225
74712,0.3704711143214761
31509,0.35201823937512194
23577,0.14407371349099315
25902,0.11634053999182715
54196,0.6642454817898187
19310,0.3242807988311237
65786,0.10008208040614203
40954,0.8945096617841637
51494,0.00016790568509426147
45940,0.4161240783581552
34813,0.9021353751309164
6590,0.9066958455561108
13781,0.8004526916005529
66164,0.35106486060708086
75486,0.7038410618811991
29524,0.21149442338452515
28821,0.026822618539540585
23930,0.2593168860680364
76856,0.1366610289696546
4766,0.32655780186350625
26178,0.7467790949094821
6512,0.19160970644142591
67767,0.4452375718955521
20567,0.26216364403625625
18783,0.6473529302123834
6306,0.21304152826154557
15642,0.6586772641983186
32300,0.94182437365795
76103,0.006568017851813492
12393,0.23385591958393612
61900,0.02847021745712597
49423,0.0004127142850507762
10704,0.09587186521912726
79066,0.7743538716724511
69784,0.27970944775167916
8003,0.34890488128036123
31955,0.8059988409675681
44042,0.19968023781488797
50249,0.16248378479384065
31350,0.208753156189533
55806,0.44246389973615663
66810,0.14163674986093286
5699,0.2671457452095894
3359,0.11261295167683293
78936,0.14159731181584512
61577,0.16100796849563836
44524,0.10113567357251764
20390,0.06517722364505843
48004,0.7673803110262991
48848,0.11982484615255576
4568,0.2801164923942703
13256,0.8421173940148865
55756,0.1416271786752556
32552,0.31794457385246094
12498,0.5679528368424956
1962,0.2544789757047939
4993,0.47036435648737046
70428,0.00674024229476033
55022,0.9233921270463192
25955,0.13412082021737218
71763,0.13424906990921845
27324,0.2716693164626331
38135,0.03378784883178741
35945,0.0004181271332884235
68896,0.08298893678468525
56890,0.25678435376905634
308,0.28688193005569423
51258,0.530476175423911
76212,0.42600135616848206
56564,0.7348438085226421
1052,0.40467000281201143
78000,0.22391670790297089
11411,0.6242457782458741
9222,0.8076502803054919
57617,0.86812389226754
10235,0.3034039999980227
41831,0.05398997383495457
34643,0.4333610617447548
58818,0.1535475382259167
23667,0.7364590970141831
58161,0.20980988397864458
76701,0.3707518503516562
13683,0.4730213744902231
25833,0.3285422943242226
70454,0.2062015433796355
65728,0.8864932747615899
25069,0.1903775234315665
13234,0.1795944282713504
45398,0.19874502591314702
28055,0.15549554619052414
57768,0.43316991308735625
69461,0.2134477097839218
22801,0.2052918954592244
60007,0.8454056336135558
28811,0.2052918954592244
58227,0.5281211897386031
16062,0.37588836236695705
52266,0.22075309379282426
29964,0.03600108611999471
15550,0.17220072695664143
18075,0.057542372895290954
57416,0.5573825473372721
54201,0.24994481152284656
19693,0.16770613426198558
63628,0.374086471056219
36640,0.7777677350810478
69328,0.18540784375778607
13410,0.25678435376905634
46923,0.19347945990602977
35555,0.08135413615481593
74796,0.7586030255053157
75811,0.8068812356669646
34486,0.1974197132450654
35465,0.1336678458960557
31028,0.8371563586150081
67385,0.8268718927947791
53665,0.21929467386304388
43392,0.8125196341641753
75247,0.24065948172813728
31924,0.06418049558422513
72308,0.1981981825452404
50800,0.057542372895290954
47765,0.17563527429108342
64094,0.057542372895290954
30677,0.3036762488942478
44370,0.742909329899604
33886,0.2721293294415959
34525,0.03258564138008132
49650,0.07231165535409366
39520,0.011039428417003179
66407,0.03402662252492237
52510,0.9133406605699393
74641,0.017691768030031883
56831,0.05891623307072802
52496,0.04930612590696464
18109,0.13204485882542086
71129,0.11834645079584612
77999,0.05616372891499822
66671,0.02136931196029764
78276,0.00038562296388525917
71387,0.24313421710851255
68666,0.38325165284548
16280,0.1052755839881432
51149,0.16329706638954336
69505,0.7839379360080176
45537,0.6196465660283415
42934,0.37102069877297805
337,0.7734626773356101
18932,0.351233538342206
77634,0.004530553843709055
73649,0.20387857667134152
2986,0.898818104094846
10879,0.004530553843709055
15917,0.015044211710958636
53773,0.0028632415594796435
11670,0.0025719839037049537
20863,0.002888438729270895
19943,0.8846021371223904
46676,0.004720612159442711
29438,0.0030078398100561055
63401,0.7569695960333961
19801,0.2846517060114447
57022,0.7416985952796712
12101,0.898818104094846
49501,0.002888438729270895
9019,0.5037119667959964
72780,0.004530553843709055
49851,0.008132866475517003
14080,0.0024187391320591506
11875,0.09796435859913427
25806,0.003672917564240549
63294,0.19395850206659423
8264,0.08967874565387157
72392,0.04487442652403756
63910,0.012832161950721038
8598,0.004720612159442711
6902,0.002888438729270895
29933,0.003672917564240549
50819,0.022493714469099493
54723,0.17709181514658445
66982,0.40882277160197733
3263,0.004530553843709055
67232,0.024169920377631958
48921,0.024169920377631958
46152,0.0029300746449314767
20790,0.26377266169130664
1631,0.003134220860526742
33038,0.004720612159442711
1882,0.812990182527131
13901,0.06686726174419358
37843,0.898818104094846
71046,0.004530553843709055
66789,0.17310155343853711
67569,0.21880182972889847
34701,0.7845606667466086
35304,0.898818104094846
32955,0.7185276776636896
44740,0.0030078398100561055
59175,0.898818104094846
71095,0.023215071173179565
11152,0.004720612159442711
23570,0.18206022883814674
20528,0.004250467177190303
78274,0.898818104094846
62791,0.09208047364840477
6588,0.898818104094846
17619,0.36778948519403626
36684,0.004530553843709055
65983,0.009442688773464127
14032,0.2731765777637656
49997,0.23596349957158805
54354,0.004530553843709055
28379,0.5037119667959964
64730,0.0785710484544654
31380,0.8907601292674845
43857,0.392240210509847
58871,0.7632044641992205
38863,0.006825840999437999
9487,0.40446796199063734
77214,0.9004693328590452
45992,0.23001370734976798
54220,0.28593911165830244
28019,0.003134220860526742
33456,0.004720612159442711
70745,0.07242364542625715
41186,0.002888438729270895
10346,0.004530553843709055
30135,0.004631396373423621
73194,0.18213641007706766
25567,0.5138378143458435
78845,0.0043820426961042125
19521,0.898818104094846
38231,0.9476254228020018
46526,0.004530553843709055
23907,0.4955231066110236
59288,0.2841555553295046
22766,0.898818104094846
19584,0.8949423518942542
66984,0.004530553843709055
34058,0.898818104094846
45542,0.07550679643154214
78879,0.0048729032957573765
10693,0.8494163789561844
23742,0.7152279257401836
10336,0.02431365242545425
78901,0.2749242880637489
45067,0.004462510678551575
44674,0.004530553843709055
47894,0.356656244545049
15831,0.0003726046926566204
15736,0.2972458031856197
18264,0.002888438729270895
18815,0.33420112208489594
12454,0.008453305054263395
38226,0.7152279257401836
76021,0.005070468098908757
60932,0.898818104094846
11350,0.010008655278220431
44826,0.3656051475877557
4132,0.024917331875781802
16352,0.0030078398100561055
57981,0.24583461341315146
15409,0.003958118506263134
42044,0.898818104094846
55864,0.002888438729270895
46173,0.0030078398100561055
25480,0.898818104094846
61800,0.004530553843709055
37100,0.786724804448109
54568,0.847671074303875
26617,0.8319696975113168
65150,0.004428828033842981
57125,0.8833022334127469
76515,0.19390279428463603
77156,0.8150101222328442
45620,0.7938618246680038
2776,0.9004693328590452
32102,0.7060503031783668
69682,0.2679520037488701
25339,0.0038271360584869736
35180,0.004720612159442711
48226,0.7152279257401836
34315,0.15160386016018762
78980,0.898818104094846
72490,0.3521329222594862
35904,0.5205185452961711
5751,0.024169920377631958
14716,0.004720612159442711
55572,0.9991625836511513
31086,0.39160552167758733
69342,0.14680760573089954
9077,0.7437149520875703
27231,0.23004025531697667
33999,0.9993653010124564
56584,0.16770678860043234
15161,0.0003033366866171725
52447,0.9992221775369987
46831,0.2476191193710888
42789,0.22483930650355619
64419,0.9992221775369987
29769,0.6535090154305814
3328,0.13278598928444033
59547,0.9986870071216835
54200,0.04233434054130321
66799,0.010586437086620252
22251,0.9991167383536415
25518,0.04400597809691861
46224,0.49739587368351473
39351,0.29112669341671765
51540,0.15985727741166159
21120,0.21228060555130882
5022,0.1435426529083471
23560,0.25791597459811577
14996,0.24910033522715283
22440,0.9991795920947756
78434,0.3414789021636442
76042,0.9993139399706861
53028,0.12872788935534935
19174,0.6823489170915967
25381,0.32610609631756177
19405,0.8759599092283052
5214,0.9993807615164645
57434,0.9991167383536415
3256,0.9991147525580947
68227,0.01614857638681207
56542,0.3950521693657057
4628,0.9986176177266067
76475,0.35575761266651895
34088,0.9991625836511513
72763,0.06304220605331337
74103,0.11931413490757398
12193,0.66671864600892
4530,0.025943844354405863
44436,0.03190142094566244
59822,0.9987757351532338
23471,0.43850054421923157
61170,0.9991625836511513
9942,0.14098880872281278
61846,0.19152188601647477
75370,0.25332786477433894
18063,0.9991625836511513
39105,0.6754121847445954
72519,0.004310083687611878
64576,0.29112669341671765
918,0.17960199173016134
29878,0.00027040965467345715
19289,0.09705113760268101
571,0.2664028736798625
36183,0.05414722001791347
47575,0.7850454669313374
72568,0.9991625836511513
63186,0.8012350934121905
46647,0.3238823217670558
19611,0.017419939757333105
52114,0.2632957822473622
75887,0.5028398946131067
53536,0.21436222607339178
14027,0.9991625836511513
25614,0.14320365902455706
52692,0.8727961342871713
67754,0.7483081556974325
5233,0.09245377051566905
14212,0.10134523405061487
30258,0.02808008817934493
35596,0.3197179494873479
22165,0.22248652372532202
70533,0.21087824143763717
68799,0.2029984513949373
72375,0.9992221775369987
5742,0.31827927943564427
33419,0.9991625836511513
11095,0.0563971520188671
56985,0.007321120256291047
39851,0.008815359314090793
33341,0.9991167383536415
36290,0.15936480143859133
10923,0.022126017897160025
76557,0.9992221775369987
70015,0.15936480143859133
71197,0.13897198657284016
46288,0.704973363150982
77487,0.033030927371176404
23994,0.6861909727088848
36608,0.035757248063286444
65207,0.022860588873983338
17376,0.8631477572073838
52657,0.30905096668844834
33688,0.0005538219797774092
43470,0.9991625836511513
32934,0.03931363561791809
6645,0.9991625836511513
62768,0.26958683960588725
14335,0.9987946157213524
25526,0.4142528868732262
70131,0.8664919707278237
61115,0.22770574039693728
35619,0.19554123181831068
63345,0.4890827365298661
60816,0.00465612157296689
28303,0.006532658506079747
46755,0.2926386105812758
78645,0.006653650390947181
37229,0.1058285377508338
50627,0.4266369405268217
14909,0.878762315940258
74843,0.0002573449103388349
64287,0.06486605907546517
33725,0.8022263088140414
41259,0.040552874119135086
35504,0.44119601304104056
38438,0.0030319379114747127
50358,0.023672692283089
67915,0.4467475734674934
28902,0.24768682882720003
12392,0.8603877433084322
16104,0.5492502561254857
75401,0.025788637632573302
65902,0.30656550089187745
2104,0.06578600982829519
33458,0.039526432556075956
35960,0.2746812970618207
19260,0.4820372053875492
71247,0.8637616114112492
25184,0.0018076694394950177
20885,0.2633132763208907
66630,0.40111374546464895
79181,0.03582615157573715
29064,0.52867082818824
15900,0.1334733064321666
16545,0.009713800383534003
204,0.19029820593961277
22868,0.23914734389381845
20325,0.009061662180139434
77147,0.011615213520926702
79201,0.26849044390598586
37702,0.05065292789856519
24032,0.006509640821852475
43396,0.007491704712388999
52199,0.15298411213288376
73494,0.6746460567694949
27527,0.20719364565817405
66459,0.007990437545793356
65134,0.15060935471002249
44949,0.42638266106324035
37020,0.35188870138304007
47789,0.8229543632199385
31710,0.30417149987294606
22589,0.25756669770134405
12227,0.17036695569359475
51878,0.8284284584255457
53443,0.52867082818824
28454,0.01593152695989962
16768,0.025788637632573302
31456,0.33258412036089935
7486,0.03203629149813682
4887,0.010406419448461176
49523,0.2108315784949806
72076,0.13264934358697308
60594,0.4061305303187193
52954,0.2509713815756832
27217,0.19029732358440155
21840,0.31496965239695324
43308,0.058819927549799624
41610,0.48899684816846717
6860,0.011536412609211472
67166,0.8158617365239966
10626,0.20195289134032668
33723,0.897998395685568
40173,0.20080055505983688
64552,0.14294261099494465
38713,0.24089760030348054
76073,0.15228620200932858
17000,0.014116906188362324
60936,0.12156066665903209
51728,0.19871885903360859
32822,0.2660631784486047
39179,0.6494805802220057
59050,0.009813834021304906
56234,0.45234922969526553
78553,0.05579982529200511
44517,0.49994157019353125
66026,0.8603877433084322
45914,0.266236559753087
17375,0.26819354224525327
35741,0.4325401801066842
34694,0.22950777472436334
35711,0.17037893345124086
35932,0.43572300095089994
19997,0.21944347030605485
41004,0.32277357994591027
63973,0.34914176718667644
44387,0.570451545096177
20177,0.21368680244204968
11578,0.2872213308772147
58848,0.81400348470514
59198,0.4672062919444379
32173,0.15988331429184485
68976,0.1539063711694724
34661,0.33179511927111166
16634,0.32277357994591027
64713,0.19427468040564777
21640,0.5702043718491758
54320,0.8567722912625848
44536,0.331485042367243
55613,0.005598800019602498
17890,0.29815322951455175
671,0.3055558203964936
14684,0.3666870565004441
48009,0.19340842604218697
47665,0.2993061253985979
42240,0.591872891288822
9278,0.8414039761404952
33666,0.684358711010992
68843,0.00935003331312064
75518,0.09056407257474977
8027,0.05088501063703764
2891,0.5529306555281619
24124,0.6752154170743795
76704,0.009061662180139434
27198,0.8682310257081703
75889,0.04742377691695805
22336,0.8497090076714334
73934,0.020342936245363024
26947,0.029597746638909274
33403,0.07497470719931534
45277,0.24796747939037458
49684,0.015488830559837068
2383,0.22645967715816123
77957,0.24734629309712275
6477,0.43572300095089994
47938,0.9097385532941752
36946,0.05424709485886666
37549,0.6893045036647737
11065,0.000412005565026006
25308,0.332366274476332
38760,0.8465946063440376
55481,0.06141328221745966
2764,0.9168363563139434
51718,0.7594386637525193
2582,0.002286328082440875
41154,0.9989274805484546
51760,0.998807089990527
43443,0.028906097788685046
23186,0.15384811954746927
42216,0.9989274805484546
34873,0.0042124671045920435
37406,0.042451566261648324
76406,0.7871752302298548
69301,0.46969395402539826
4235,0.7293517618843441
4995,0.5136022841673996
49811,0.7398854427781213
4435,0.9989274805484546
11677,0.6438677022776685
718,0.0799795831476
72310,0.1672495922536493
43955,0.699145441815832
77720,0.9989274805484546
27049,0.0715017714661895
14672,0.8769291279598773
33273,0.8877611687041794
59192,0.5692373773885941
51832,0.7881178429422461
42057,0.700670445228385
9360,0.7072836397321219
30076,0.006293594140921721
47898,0.7820760608590834
10656,0.9254357162631798
30699,0.30295589065653306
36469,0.0715017714661895
40143,0.008845297373193133
32131,0.37031513123664517
50941,0.175147072042151
65049,0.0008127775081625943
39083,0.006933049177486116
12817,0.15549958015280163
36414,0.8168529688431144
193,0.8845800212739559
30010,0.5328025340400823
78577,0.1954639377982612
15811,0.25805718021410645
61745,0.9989274805484546
58693,0.7761564716848542
61511,0.05781440716548929
71697,0.1758237066996614
37159,0.1562962495484444
70464,0.0075703500534347445
28917,0.14471346050392578
71089,0.09999478718401247
10800,0.011866932301149685
76949,0.2090437328236394
65775,0.12677298319682628
12208,0.13523765778583977
78613,0.023816515767322823
43938,0.5764300262094784
75662,0.0010880243494072093
56054,0.13825561007852535
5619,0.05841244846302929
30050,0.9989274805484546
8641,0.14081708291108538
49171,0.04575686128654597
36321,0.1376007054056401
15535,0.00406513111467534
8329,0.5030171869551272
43371,0.9957547425576334
54936,0.5254516108416779
3454,0.0008090347947209176
44943,0.8473372127756986
47222,0.33984544074732054
49299,0.12322221239805808
47862,0.1672495922536493
69167,0.7900441820893084
46314,0.16878978823032967
29346,0.009536090944154188
43940,0.006351208564692248
21114,0.14471346050392578
41459,0.7128238109082595
72618,0.7403844501830344
30955,0.20379809942672422
70270,0.044110709124690485
79315,0.3348280202217784
70294,0.5921953043935775
13918,0.1667786110669325
44050,0.8277005508499058
14956,0.15012670731530517
41606,0.4779062541334297
78440,0.9989274805484546
5521,0.002286328082440875
54317,0.9989274805484546
61935,0.4997750558521991
32116,0.27274644505316076
44590,0.9001410612210008
23200,0.010887155802196478
1701,0.26856677668688733
59849,0.048034828361100165
51926,0.9988174882349103
27519,0.12757507132356968
6969,0.40982614114006494
16323,0.3939295489461587
32855,0.25711563300181495
66198,0.9988174882349103
56359,0.2732643008653997
76423,0.9453476116152979
17414,0.005506663202510882
137,0.02843829893770011
23409,0.9988174882349103
30817,0.9989156138156672
11088,0.044417611260005686
61754,0.9988174882349103
66737,0.01587805658281176
62062,0.3251294264900387
48517,0.40982614114006494
76808,0.6759414353973334
71833,0.8943580067318356
69464,0.35297459972581424
14388,0.0041632718016119
26490,0.21557545671150638
32829,0.3011386977848838
57621,0.5522096810454372
3607,0.02626947514950899
21226,0.866973516797868
35099,0.00028642654084513636
2188,0.8659992082674843
12357,0.39688507181495725
15955,0.03963271199974105
63060,0.9192615954982918
47407,0.06112492059941604
35437,0.0041632718016119
64451,0.035521169679535114
77273,0.9988174882349103
49394,0.06792157939313755
18453,0.05834213740548441
35530,0.3379665658676793
25501,0.05954009069633121
5104,0.9988174882349103
13653,0.02713515061838574
31782,0.3572215109745302
67174,0.25228303468676416
56705,0.10886303073415594
13262,0.2793879344096458
35843,0.3956945308471135
25399,0.8741731644853239
7297,0.8303250265135169
68815,0.26199254094307595
31708,0.003333587776632984
73540,0.4627622671563122
29494,0.44840354063287363
54123,0.31891262360238104
41095,0.0041632718016119
28928,0.3665418211967374
7353,0.8662552675290316
46219,0.20449730063553553
10752,0.050126283330287194
24418,0.008864012462771406
73234,0.3939295489461587
47196,0.04642933753253716
5669,0.7465906503976706
38507,0.9988174882349103
43428,0.9024088310220578
49832,0.004805043406168173
70844,0.020507644729375784
63611,0.9988174882349103
4459,0.9988174882349103
20026,0.8634605398741371
12856,0.9989658942924707
18258,0.9988174882349103
19297,0.6659562034024341
43804,0.7949786551803871
8025,0.9978018439065247
24171,0.8582819756625998
29062,0.004150646462806108
43517,0.9988174882349103
23249,0.05735786918622754
33459,0.1829556880268198
10104,0.268175185549297
1015,0.34963201956442214
870,0.9988174882349103
14925,0.9406136788605584
43327,0.0041632718016119
7611,0.20426028910297417
5284,0.9988174882349103
69907,0.31960383606312626
60031,0.9988174882349103
26150,0.9988174882349103
66898,0.0041632718016119
58672,0.2237065251943224
34398,0.1541243176162316
12626,0.3776879301754431
67088,0.039064046274624314
50490,0.0020198414505373102
53054,0.9988174882349103
27587,0.9988174882349103
73789,0.895785731667091
10443,0.9988174882349103
76283,0.39704883352845366
5040,0.30709107741861796
21870,0.8097204052555388
60129,0.0041632718016119
54319,0.9990933429771763
62944,0.364185434634257
1135,0.8004767699775579
43765,0.44038426972607875
10279,0.09066244482153027
62957,0.011998048730512356
10452,0.9988174882349103
4018,0.9988174882349103
4139,0.07535104851959563
44817,0.9988174882349103
66396,0.0655140268020885
29944,0.7120760564063039
68499,0.8761683190757665
2427,0.13467886332850784
69213,0.20751014547472374
60687,0.8199468890709445
50517,0.1242111455119524
7675,0.21803664613561194
50932,0.03824242661481181
19875,0.04203796586082623
70822,0.018941989357960203
73904,0.06625066878867467
30982,0.01510539212264233
24352,0.2516594121297723
12906,0.022823280482630572
2094,0.1754467495400058
1921,0.0662788219295417
65619,0.12031849159751293
42052,0.732974299323505
60273,0.47103422607056655
62913,0.012945833103658447
41244,0.21118303879401698
55277,0.46711512455476745
1814,0.04679316971281541
2995,0.24931290896603323
48443,0.1782139350655887
15439,0.8081014614862904
62261,0.491812977800851
55562,0.8019645209577538
42138,0.7088851654141717
2643,0.6837762231924027
74817,0.0732147487325977
40388,0.35390929440006125
29085,0.013917621903632459
18690,0.7745646940624175
76839,0.16479641742839513
54331,0.9032940166199646
36964,0.70829570036146
45801,0.001988923619652537
12361,0.20751014547472374
3850,0.6837762231924027
1307,0.14572301681342523
34511,0.017312251953478314
19234,0.28755027158084784
30110,0.8007206501856623
16194,0.7878167894390754
26991,0.43622347284286334
61843,0.22672878348915138
64620,0.7768233943956006
68137,0.062288881555427576
22548,0.19241385529750066
30950,0.06178851769436813
67055,0.1481558310828785
60711,0.9090769840604042
4118,0.5288134648664993
65304,0.374246076563678
71292,0.7692604123391511
41168,0.3240089189974804
32089,0.19055929492282866
22626,0.12096481708253283
45834,0.18206734612192424
59779,0.11910375241343724
28231,0.017312251953478314
14257,0.8915975225125464
1989,0.30274122892900535
62121,0.42769820955229826
25918,0.14170806619637596
62876,0.02735578989160257
16902,0.45016389105571997
10562,0.2059687799986831
55313,0.8594968795469021
54846,0.44401180708325544
25992,0.6682758351097801
51914,0.8454904164582085
55634,0.29366964150184993
22932,0.8454904164582085
75278,0.6792054313189613
45271,0.7841705766767492
3766,0.12023675646753787
77758,0.6837762231924027
46221,0.024672118713647676
7847,0.2951608133106962
26050,0.12785407153448078
31803,0.5560578155487302
888,0.818148897507827
23621,0.10318022771227917
72526,0.1817839751284978
10809,0.059922568417840945
19553,0.5007060396440948
66961,0.15742283878532692
16524,0.06224616757418367
59723,0.4215502403520696
19582,0.932886006212477
113,0.09718155184042576
72828,0.003642318387960575
16200,0.3122246189557911
37328,0.033832157872122424
53748,0.07635488863047218
46290,0.6728713384534536
11443,0.36786858548715873
11255,0.28569416685905547
24336,0.08121141914148547
11890,0.6501300256493164
43527,0.7887835059590789
17267,0.18711491760362742
19478,0.13572747988784065
64888,0.770867872471688
27799,0.7847854281750802
16836,0.3719987743450545
69268,0.3562111216179184
56409,0.007215071051611849
1482,0.25313068417985096
32299,0.8757190911697306
4987,0.003826779347835462
52816,0.007573639838716062
35532,0.2509394489613099
58003,0.036300038777690585
13795,0.005440995086750603
67392,0.23202521949991137
390,0.9227284984167552
39195,0.9029154956834978
18625,0.9278000355048498
10579,0.3616040836201406
56185,0.9993504440220411
70534,0.007215071051611849
27963,0.49188460325335415
45815,0.04603935332776904
37565,0.44878277911078945
70306,0.011607803645846909
50446,0.9993504440220411
26401,0.7993267113837951
4174,0.9993504440220411
18920,0.8100579643841198
34676,0.4423930364704422
24619,0.3601015532495819
70483,0.9994477136822635
41329,0.9993504440220411
71570,0.9061022790131148
73156,0.8659717291551078
33920,0.23564913894660935
50720,0.3290828939402923
44815,0.00784957259107499
75226,0.008700188527794452
78168,0.2986762740365267
53313,0.9720183920042045
34999,0.06294381610655285
175,0.29552112902174194
18288,0.13662042987559828
25676,0.46964535949788755
41521,0.8843951396612717
36177,0.13689659927049289
1539,0.7406798454709266
35061,0.6148919912749163
42292,0.029176702257837837
66900,0.5420989511502157
37126,0.0009672438963221711
62022,0.9227284984167552
21645,0.6948331127279831
66217,0.9993504440220411
13051,0.19759977034854345
77075,0.2107650997568254
33277,0.9278000355048498
32935,0.1498666112134285
13690,0.3601015532495819
65943,0.25680522154571317
19457,0.9227284984167552
67451,0.9993504440220411
7264,0.2774048095589697
20584,0.4423930364704422
10729,0.2377114835643155
33873,0.8316354161299043
2611,0.8856568394586695
42713,0.3322740762923792
2801,0.10946321324058182
31846,0.6230361761917652
11109,0.3616040836201406
11157,0.007215071051611849
32921,0.017719129886626685
68369,0.7250404016245756
27129,0.5738074160580147
75955,0.9993504440220411
69088,0.1480977792108552
52875,0.3292993833005207
74705,0.5686358410115201
77826,0.9118406724363608
30882,0.004708241886613344
47136,0.1505086988049215
3274,0.7419701589263281
64426,0.04603935332776904
10015,0.7666076459483122
45047,0.3007863569045994
57616,0.9034338764117071
15089,0.8343302927686699
18376,0.15221137314825814
2709,0.31259292684061785
28885,0.34856151076165687
5142,0.2765215161532607
27128,0.9993504440220411
7215,0.6981967596586403
16590,0.4220716928869526
65459,0.007215071051611849
30107,0.3601015532495819
25712,0.12252922973108056
23065,0.2765215161532607
13157,0.4668912359672459
35518,0.20494254064831477
60958,0.3331697843325582
57650,0.3562962088892785
51002,0.316106182744016
22413,0.3601015532495819
26565,0.4598384991784157
60143,0.3751804055909079
45476,0.2263833853448395
20467,0.040787790368005616
75716,0.21774320722022136
22319,0.9993504440220411
38579,0.00464972751666589
57728,0.8945671669543374
38403,0.7942180188489494
53460,0.06198196019702193
78541,0.4403615916074233
34149,0.009874239098409369
3833,0.1862972463755533
32253,0.8590946289049901
49977,0.008771419365579848
37545,0.5984808757274229
57150,0.1630746145614987
37045,0.652630339973509
37727,0.512488869071619
78952,0.40437387829709803
43885,0.22246073918859885
7416,0.7998926430916172
6615,0.7264943521957337
27057,0.4311514374064958
16674,0.32342537360595286
61251,0.9992501362256994
10776,0.80738874494646
19992,0.00048100768492755357
47069,0.08791825403548562
62434,0.6671107651473448
15524,0.4746407156963766
30909,0.009874239098409369
14271,0.7942180188489494
45096,0.9992501362256994
46977,0.3301499953111341
45027,0.9988942638869512
63354,0.9992501362256994
31556,0.8084883845470396
20955,0.07673358266351948
77731,0.00022084530498540147
13870,0.7110553423455834
42352,0.7786531712399981
39465,0.18658875076903617
20701,0.04298923970570208
47858,0.23516156900452878
50575,0.3311617791895276
8276,0.7942180188489494
74602,0.0008173148842740063
43799,0.009874239098409369
2180,0.39559364033026667
70094,0.6751896445925291
61845,0.0899324540379909
7813,0.33266207115797675
45608,0.009821650836438899
63815,0.29822611511628344
42999,0.022035356333145066
66669,0.2571367732955542
59980,0.7942180188489494
22627,0.2183333854988831
76646,0.6878278375349807
46003,0.3223832994965119
2872,0.07458616717545033
56576,0.009874239098409369
63044,0.3970337641885895
26537,0.02090092521135565
34541,0.33263645599255914
64504,0.3129037604321693
43362,0.4314334149232383
64790,0.7943601695689841
34682,0.04311614995157026
9257,0.12078492014180925
12603,0.31122314844316745
29962,0.6100338818985347
30100,0.009044087435513883
24730,0.17823829046211126
15418,0.12194532226223449
63233,0.7500007156533225
51314,0.10244478588370025
52161,0.19539142645929403
63812,0.2972687513013968
66642,0.05169954582200486
75732,0.7942180188489494
4957,0.25998912194492124
45741,0.9358035883052075
53522,0.8385932656702243
19150,0.385092285798668
20314,0.43072389353043494
20059,0.8693424094416002
3697,0.2895617948836625
9172,0.29179613494065604
28483,0.09861224059527122
53575,0.3945694992712978
67713,0.8678760698120667
55842,0.7942180188489494
25243,0.33237815504200524
19703,0.7942180188489494
40696,0.31344093143713686
23817,0.7577820713124989
68324,0.11826015140446472
12298,0.027152342871954158
66733,0.9986797174475546
27414,0.40207257747069314
5723,0.1532062234973268
74672,0.30835135567041577
43464,0.15860518183826697
77743,0.17752221621331976
4968,0.23132934906926625
63228,0.09881328305658255
18602,0.08409245626334179
24533,0.9992501362256994
19711,0.005411762122347316
36778,0.28226152585147307
69120,0.25998912194492124
79129,0.27474855591505126
18021,0.009484858273335986
22602,0.48671304298108525
27692,0.004976929657617162
55389,0.9989345104689372
45243,0.3424828392908941
31313,0.8281566033636366
21543,0.31350230654409283
56747,0.9992501362256994
63070,0.1259534870209345
10212,0.13675312185898494
36192,0.8815783255026556
8200,0.24117115561767116
18794,0.3054436765816024
77844,0.6032733505525056
70903,0.43874821721113993
50082,0.02519636446846491
55746,0.15752327194407506
68432,0.31814193734645746
24821,0.48868024041041297
14123,0.011566059232580325
34065,0.8027019448195144
28002,0.04709065902001381
3643,0.3977409356619464
76429,0.49848455180373186
66156,0.009484858273335986
58628,0.47199326949082393
30874,0.8556848598013812
38871,0.9992501362256994
63762,0.009874239098409369
63065,0.02209569032310858
41317,0.7942180188489494
5452,0.0588174550498412
15450,0.6930620165372521
73403,0.9331446692021713
31280,0.6888884476435411
25852,0.0516989135101549
59235,0.1509117625243984
12868,0.3111686188432327
28329,0.20378351170481282
13980,0.5964263170189138
54111,0.9423446874256272
47154,0.01976729354127806
72011,0.3480240507138877
24273,0.15335990912291392
8812,0.32931554922132333
493,0.17970375785056072
43528,0.22326191624644756
66653,0.6746900224300435
38406,0.09242796922897904
37854,0.05525894480522848
67294,0.2151445200526647
44255,0.03452475994589154
67469,0.135038023579301
43310,0.912062209334378
31434,0.27920100027284905
65102,0.0002533087031156324
39122,0.1379552929408986
44606,0.7185980328181133
64806,0.37602458606752576
27077,0.016340142215942714
21626,0.09949345640081517
47119,0.04755438312567742
44770,0.5697388419421676
27046,0.13626226503085526
35064,0.08235211689778761
47563,0.7121200921733626
5940,0.18068649416550192
78327,0.2825526237834143
11034,0.7505718226145943
36082,0.6560201118738377
18991,0.7934500696720397
75452,0.2563091448159405
23990,0.004593384755708385
32984,0.2746198236973818
23092,0.39909988776336736
32431,0.08651721029802545
33841,0.852740348148736
65345,0.2282678563836913
74219,0.800530539571327
7007,0.15230609026752753
54255,0.22153766939748037
55752,0.12719194727255795
46474,0.2080399733832161
32794,0.7622672340130274
60615,0.013378469768661234
7660,0.05195841421295027
46170,0.2120952709635755
38459,0.2576728435987601
49430,0.7630790571674243
55836,0.1372442967032231
61216,0.08751397985047307
74708,0.5296519393683374
26424,0.07986942073667823
11909,0.427690599952207
24969,0.6036897481173568
21608,0.44214036157595543
58586,0.9530846568785956
49068,0.15759663680613423
33871,0.8912913849921876
52429,0.13634734612052724
31132,0.8783795799808191
2205,0.7065042631213649
45672,0.85631589339358
62523,0.037705305873285216
11309,0.30810492305774767
28152,0.08632358693299744
47833,0.0004008308929787786
27607,0.8293873779339496
4427,0.24752056485493099
20937,0.27519061738961065
53555,0.0897808280961633
64111,0.1379552929408986
56548,0.5249891971171752
52871,0.26130599696141027
50125,0.9283225164941917
20964,0.00997667943977163
55669,0.25411730761497303
33488,0.3262790400435071
46608,0.4573734441025738
6156,0.4436999427394826
20094,0.24738329679867466
61241,0.04499167482298515
51956,0.3390489986195946
69562,0.04552197153964236
55351,0.039210622102119834
40993,0.4499080798951562
29337,0.3226247131875133
17909,0.2431538696248981
30432,0.2132572073520989
20448,0.44855853235702664
30117,0.7323242413625684
51375,0.25218431836555705
71355,0.005400260130571463
44725,0.8254377468322915
32246,0.07243271873656351
3867,0.23059540392562386
55244,0.7628974675485823
2746,0.4556833977530833
11951,0.06468110565272667
43792,0.056665604245275586
19612,0.01800597947258835
20308,0.4573734441025738
44865,0.7827595829192647
15194,0.3729424801114987
1402,0.570094991624804
61611,0.7717626850022479
12829,0.9671555912677152
24088,0.20673679139628878
54132,0.7616172808804919
36022,0.7132271186221623
51814,0.0003546994640475208
24473,0.7027121233657779
31882,0.0004861956990246018
39780,0.8021215346858644
76329,0.16332019674684542
42966,0.09873995578290828
36610,0.07915696973418325
18200,0.3257364450549085
20133,0.019567090868986243
28173,0.836026910430725
61998,0.21132670075592674
2101,0.8010426440388383
78137,0.004842499641075129
62508,0.12084176328781007
55861,0.08481201060630107
10294,0.01800597947258835
4214,0.1192587877655807
26673,0.5846051823461303
73017,0.09390013263350545
33003,0.27218695367329776
60949,0.010945406168111077
74084,0.40500800076735
54337,0.4573734441025738
62262,0.15837302695272046
47592,0.31541264386916634
16924,0.007438619827468717
58284,0.22866650036229486
55622,0.4872990506249431
62492,0.1392800567997054
23555,0.7812674448977134
47378,0.01622746878079088
18136,0.0041918960422374805
57506,0.2946089425361518
27748,0.259839304844832
51169,0.28554131585697745
34774,0.00035994966864766385
52390,0.16441393195616777
20809,0.0001969137522619164
29321,0.1686893505318607
26655,0.33784028694799845
24973,0.05183239305672804
27365,0.6411722100554835
2258,0.8729608262296047
38343,0.9017644485434303
74620,0.5550335667574993
54121,0.8502461056635824
5356,0.05059308810145886
67056,0.4733098910187781
66915,0.005338070610589162
25600,0.5229321278366307
18972,0.7380423969006114
54576,0.8021427714713644
22006,0.2546970597471534
17509,0.07713817243976812
45969,0.3533053005202835
66853,0.6035762468061583
63116,0.7590159469830955
5843,0.0003027926817436775
16212,0.03602857639158854
71369,0.1003261093303179
75358,0.13898206178442285
54041,0.7264765632740672
58273,0.11326662127376035
29797,0.31574282792660135
15373,0.005513922913943383
12181,0.135851084807842
71855,0.7048537773597932
23479,0.01884175419579273
44761,0.8517229168538052
62369,0.36655446460914753
39130,0.48390963403573856
32442,0.004004283359405453
48696,0.05203648566996198
2225,0.6567269133294396
43149,0.019365499542293323
16210,0.7521890138058451
5572,0.8863524063360816
5794,0.5214404141533929
53385,0.6815998405833487
32403,0.21465255191867597
71275,0.20894328307812535
19009,0.6716231281775609
41628,0.4573734441025738
70813,0.05063755851914528
55104,0.6907357877975946
35206,0.04173454471427124
22441,0.9083494912113459
58162,0.2359807678084841
62552,0.4524080359734484
27991,0.8674798014055236
22737,0.6552816735160827
26918,0.1812393137643612
44758,0.35303452586175676
68704,0.9992119742215991
50962,0.2778896269441479
31898,0.04030781586675558
58609,0.3142729754779714
54239,0.9992119742215991
48689,0.39526137847349285
7017,0.21090351570681287
46155,0.4240695529007901
48767,0.7528301828648092
45410,0.06682893346946996
73464,0.23303950927365877
37714,0.30582052115583824
15650,0.26254525119092176
12238,0.7282270099712262
74764,0.21817283348676383
71122,0.8335763324101393
56072,0.2305439678740417
71127,0.21798332073956017
56379,0.28252541886894056
46102,0.3732286036567563
14744,0.37771788183715316
8245,0.4020120928129995
16238,0.0027197069835692683
78746,0.5348559184874648
12146,0.42451954954501614
160,0.9992119742215991
25236,0.2205424125185214
1590,0.4415875824087317
38334,0.33568872631997976
7191,0.013323922931648653
16567,0.2855976524431329
76113,0.9992119742215991
30751,0.02279388965043275
61203,0.0005188451987709092
34325,0.0005831890165792025
35597,0.2024349095909192
33205,0.9992119742215991
22174,0.1421971148711188
15593,0.007029330692380191
67905,0.2323294938403247
28455,0.7389171501289588
23783,0.0009424908665889183
58395,0.3554838749707431
53118,0.3894458334656161
70264,0.9555073135431766
17623,0.46909494638245164
68488,0.683156185149782
10351,0.1851463640310587
63672,0.658321078236628
46093,0.2879084450511764
56700,0.30209760673509367
12450,0.40970111643285617
59767,0.8722531424573164
71313,0.43046095735491513
70722,0.8621412369708661
22032,0.8157182733285686
74086,0.03291231679949209
28221,0.0063116863377287655
67629,0.2636406625696757
10208,0.9992119742215991
61389,0.8487092860306107
32956,0.1851463640310587
41870,0.5779121045634386
24323,0.9992119742215991
19811,0.12909332615420122
66635,0.9284629350571137
1382,0.007675329521503918
8606,0.100229132686846
48512,0.9992119742215991
54190,0.4433838031231486
21282,0.3562762676705325
52328,0.0009069992701635921
15039,0.0007314933141164309
75970,0.0015685052001192256
20132,0.0322752199596478
11391,0.08245660701277495
41161,0.8488925669998011
7296,0.2960173429758446
8069,0.06452002791490402
42728,0.9015341059834088
9765,0.8696653680896165
32793,0.027399839971802883
68900,0.131841400907798
66625,0.35322724158426566
12867,0.021682013727432968
10887,0.3200039607518808
11591,0.7962600573223138
78504,0.8795910153440922
10504,0.378374800443729
27811,0.46438699366502745
56623,0.40741492143983443
58654,0.3748804032928687
49848,0.025727714961970377
52888,0.8798045774278624
11945,0.9992119742215991
17612,0.41464619798101904
51152,0.8710305242578229
277,0.338761983382036
26944,0.16096735953391536
22314,0.014489500592841592
19338,0.07669789135210153
36675,0.24556224629038115
5846,0.014489500592841592
36189,0.5280224079057322
27104,0.040785926901855694
51920,0.26804828542098286
50877,0.011926677837432354
24046,0.8480110709579338
25519,0.12446339380293045
68027,0.41893770050918877
21827,0.014489500592841592
48934,0.006089671696769837
40511,0.0005402707408972726
15073,0.6831845231375642
62321,0.09290909418876894
2385,0.03382661737721017
8017,0.25020406445949994
48457,0.8341577690693646
19504,0.3483601191106676
53411,0.2650667691171216
41863,0.7607653615108253
51972,0.010266001221554969
28399,0.014489500592841592
6143,0.6642604057544887
76542,0.8518054680867833
18355,0.5230201683848235
21084,0.19883537301808948
69339,0.41261354128119954
55221,0.12067954574254866
30387,0.7213703579529693
36305,0.3323624395858647
36594,0.014489500592841592
77947,0.6717830860023237
12992,0.743508340412338
62155,0.40467003306953464
51099,0.8550496927183681
20879,0.338761983382036
2455,0.05600620529983356
28065,0.3044500808120682
58955,0.014671472793710465
72806,0.69801852775574
72703,0.0003399147250216196
56116,0.0845036514796171
38636,0.3048234482087775
60012,0.17274926658334328
66419,0.45240085045349376
13894,0.04447863626564493
48652,0.014489500592841592
29690,0.11044978130777154
66094,0.5734802052981833
67497,0.014489500592841592
46100,0.8480110709579338
1208,0.0003182160513831272
7685,0.8568306774987917
16860,0.23934119568224144
26087,0.43256024297137874
55691,0.1869762622914703
44790,0.33478332466406013
28309,0.029650971462413085
76022,0.3695177576701243
19596,0.04341814308286052
3631,0.7648769960518683
1709,0.04564673740835677
26422,0.014489500592841592
24843,0.24782022917955537
1141,0.2657743242829743
38976,0.13561714352342033
75775,0.767471295603075
35429,0.04453401396853444
1308,0.7348810012719095
18952,0.6720253275966181
58343,0.3810651324773223
44696,0.3519853513132932
46841,0.8554972348213229
74966,0.007121219258280094
57170,0.014489500592841592
20220,0.9688581602100286
55569,0.014489500592841592
39421,0.07865767529246234
63923,0.19436113663584223
13284,0.014489500592841592
26763,0.0005921965435247256
64354,0.08293263105108462
58479,0.35450595094941456
37773,0.014489500592841592
55779,0.027642938968551384
25880,0.14710394441808028
30655,0.352404974701658
75251,0.13024703656809888
359,0.4063106929356693
139,0.023219607056439984
74028,0.5087682756292066
62444,0.8025886703583363
43950,0.014489500592841592
341,0.0660191021908957
70394,0.005200903192019173
56883,0.493327409135109
9570,0.0029947977920832232
64387,0.007711988739301174
50099,0.41095501938125295
76119,0.6573873311406192
5499,0.05665074921085173
8557,0.09315168679747542
1933,0.8439909108429585
2353,0.6920117444907483
15849,0.2894845133480896
3237,0.0579169997292617
27717,0.03738135320680303
42262,0.31726713316316046
36576,0.5843526637272073
59501,0.022553988720088188
71156,0.8451867553972834
14974,0.4937921083129779
63919,0.006464714696856774
20539,0.01931035392827849
61517,0.8522655435745045
25373,0.017219377450606487
18801,0.3484639645498247
6345,0.3575643243947439
71676,0.5200035703089917
66322,0.007506099935193432
30404,0.07609058057889653
23174,0.06170344784768765
27735,0.9181970062113076
31779,0.02208754905107186
8037,0.23794664860307604
73852,0.042725794400016504
71850,0.01244693050978869
22053,0.3279897311091657
2170,0.28950815718068446
53162,0.3943724767508271
18694,0.027191406346062805
26418,0.24806647070327778
72128,0.8764088169546601
37227,0.377201782584668
47094,0.012758847906687102
7598,0.4471440255713386
70189,0.02207487622748133
19800,0.7029917460550784
42360,0.29964822394949975
7070,0.10154767712447417
42418,0.48815027283351425
5745,0.26085748977717377
48516,0.10424800362842902
17439,0.39466012736489103
930,0.39466012736489103
22853,0.018514125742414407
8768,0.732348739439957
11121,0.02297130450413809
47499,0.2757909914542398
11739,0.11753543088972486
44015,0.034894040947683565
2012,0.13745732192343849
17298,0.3506946935599729
40380,0.2813854072238399
71443,0.7955392257879149
44180,0.40309511200576664
21313,0.8480594696907967
39333,0.15994096301528804
68804,0.2596209921566685
40604,0.2427179601631905
45735,0.24738773758504926
66678,0.6933021391945474
75770,0.5957138235063107
47776,0.7515091711487334
64048,0.7293332511426571
15435,0.007638505156214277
68671,0.40659552172704566
54313,0.4344767277026833
39759,0.26202490899338826
52396,0.9125008810470822
17859,0.16254160346766808
42850,0.7830889408073738
36028,0.8519998755022775
62494,0.3472714351572087
61050,0.33094397349996285
75750,0.007220865259629856
36789,0.2607027158627814
36269,0.5505092618485028
17515,0.46558096060720744
10517,0.5497152800119317
7462,0.007937092322753704
38393,0.3474404583508773
50584,0.008648302275596447
77398,0.005239147536507448
74879,0.18437203575471434
37438,0.23843574821329006
74965,0.4027036706079473
38245,0.06875094193712365
31706,0.20518164475668985
67535,0.02156714605916945
48439,0.39466012736489103
34625,0.08204284385606096
2283,0.33010986590144764
28670,0.47725698622076335
22786,0.4034811546382699
71976,0.05923874511433581
6032,0.5237380295122639
33155,0.006078614194237996
30374,0.08989553490036879
62069,0.0006203000053590039
60059,0.39466012736489103
19540,0.11079678046096508
17155,0.716016625236626
46620,0.017594042836086173
64201,0.010015289151445759
70195,0.18910113805727538
74638,0.6027573596792336
10059,0.7939146786018164
34611,0.3790607402622672
51650,0.8237970793585361
36637,0.33671762995555576
71426,0.031624400739914744
61351,0.23784506820271675
14377,0.03867623740085349
19087,0.01931035392827849
24307,0.6221705673238804
44410,0.18437203575471434
16716,0.08804814421104289
10652,0.32643042819648327
34543,0.010707169149789971
16978,0.09888088584952583
24996,0.8190239680532517
3745,0.8587970748587826
38212,0.20870254760787407
77591,0.4785808140233264
46738,0.8237326929127443
23378,0.10640400533580151
67412,0.46560869981116554
22191,0.203214803253996
3761,0.8241481150462945
78014,0.25383856014693407
35821,0.48419157823244874
52894,0.43543872523858107
37384,0.33815001722859606
3322,0.06338982543260387
55399,0.11678780228158482
64090,0.3630451300691063
22433,0.5303049290608349
68848,0.10318207454718091
78799,0.3251386159401983
78739,0.7699659320223884
60349,0.0004137017713008897
44364,0.046744553678222896
8211,0.29549856640325173
61036,0.14821270228000083
44200,0.39762085442461365
61441,0.48419157823244874
52781,0.37647193686663216
52782,0.8614945053716861
59519,0.4757558833827893
21387,0.2703794430767999
22208,0.30331954562525604
70029,0.6185006742458768
22055,0.8740145169449789
68649,0.04323136343617385
49335,0.8517666668155451
44603,0.533731897214087
35635,0.017034885661301614
59157,0.8434515844712985
33624,0.17457927968189357
77686,0.32704634653518505
70449,0.03198896954045761
5464,0.16368735952847915
50953,0.5599439343540131
65334,0.45716451533855523
5483,0.7616690100381847
31338,0.5537779489130001
12606,0.1664504440260188
77590,0.2071302638254198
3829,0.7929476744749283
16725,0.7775766765489178
37419,0.8718214299624433
17544,0.03379141370015009
58558,0.00040222255413898436
17710,0.40440352636135046
43057,0.00020120752730692546
54246,0.5835128810242259
6797,0.4211528805998532
71345,0.787203427100305
63316,0.7518136627761747
79214,0.8477108345100647
5411,0.4373485977385749
73870,0.4322036138742426
68337,0.8035744169313541
42605,0.8169332828283314
75869,0.37840391040266586
24001,0.33375089847084355
29034,0.5438648950221474
40584,0.4218936012852277
4379,0.896534389533233
28934,0.8555068648971556
6717,0.05787195820673062
26513,0.10305955763252121
2262,0.09164248494054751
40198,0.8742250024678127
42071,0.29544070199799005
32328,0.3528131079711516
42753,0.5252806675495274
62825,0.07433060538062618
11191,0.533731897214087
17570,0.8292376308519801
194,0.06057422831500593
46572,0.013502918627217647
79026,0.5153866145617362
8771,0.1264507125746406
30796,0.5834891910111601
31260,0.43184747026356174
43356,0.12798594686663356
17863,0.36173638363094507
18231,0.25383856014693407
28804,0.599476688213455
61945,0.7342084751825847
14568,0.533731897214087
26650,0.11971449627244508
49679,0.5054707296185177
64047,0.533731897214087
71854,0.0686432302281334
6582,0.00043715708415096156
32175,0.2530679030050374
59872,0.7632774769384763
49880,0.10296627223992467
9169,0.6787479071878557
46404,0.2619536712870358
7369,0.8756594863667903
67581,0.5073326689709171
72693,0.00036218348172465384
16289,0.06756791736490617
7852,0.8958692617324323
42947,0.23890449615848255
44901,0.3718536814307193
58644,0.466041210772416
50501,0.9474122374120697
49813,0.8486484666773164
67029,0.08427539352268526
58930,0.010564239549735434
77581,0.3793927956925168
65088,0.27592871791024676
66315,0.7685173133612929
54307,0.029250924155083364
59660,0.5994080974453042
9886,0.7620687283763511
51632,0.9534982925906264
74814,0.10977327446432292
35293,0.5953180721950447
23568,0.1136327942219812
70911,0.55321402256052
63096,0.4990206321306242
54870,0.5132845922607484
14850,0.851961264265789
50140,0.018207931961102347
8260,0.26924534529302546
32763,0.5043198440648526
71364,0.2569033966115597
11241,0.483181433575066
46734,0.36165174075249273
64308,0.007704698848641894
6817,0.14958408922044703
59712,0.03543150149355573
76784,0.5245052140996161
49438,0.046878856410208426
43473,0.15603429454598233
31656,0.062462528935855785
51876,0.7895565468678644
34229,0.7624040844231792
50086,0.5278628691835574
4494,0.399458633641645
56308,0.870149444948714
76779,0.1663034818535033
13948,0.020838308832960558
11003,0.022058370451626418
48201,0.7620687283763511
72767,0.6664834254321966
28366,0.15554500042950228
48455,0.7635803621506748
75949,0.1386549562001934
5076,0.04547567631405648
59676,0.34763715373326526
24265,0.14958408922044703
21779,0.0528678230916066
15283,0.10513132515847208
78690,0.05450358435961691
69625,0.4488190660343358
18352,0.31224955465709586
53910,0.11917807538817121
34519,0.21416404610776868
69786,0.4744673947731345
61710,0.0005368492423100671
23384,0.8411370466961822
8473,0.8759953387488284
8788,0.9140335181506342
22011,0.8505172671689688
12110,0.4235073913082236
71679,0.43256031137281997
46739,0.26196605216001023
15038,0.47618599633942577
74568,0.4447156949774866
2660,0.6913716473379152
65678,0.3161398728268087
2598,0.00019112277070625584
72238,0.33539618182836656
15224,0.028610818281372578
58811,0.399458633641645
67991,0.03712895649572961
22747,0.8103727589101231
72955,0.04466420535352517
50291,0.19297691208429632
10450,0.03308921060845937
56527,0.15616679780834902
29517,0.5514363759713049
50940,0.4248660531930442
53799,0.19298809947233297
23953,0.020473611143996547
55268,0.03269984490918358
48782,0.1455138798288999
8180,0.20322589222562792
50101,0.21296354187191904
9529,0.7943747559439948
71907,0.651299875766965
55078,0.6609333554894093
63279,0.511591724681896
75331,0.4950706118584333
41815,0.25256301007294313
36599,0.8397161878797116
78753,0.06250956424968214
55297,0.03394125281853142
28796,0.538627996821942
38548,0.051620639519512915
76230,0.6190232527410824
67495,0.11365240018860535
156,0.256802598439591
10488,0.23220330611311799
77792,0.6808359950316103
37347,0.3553546054713044
1090,0.4783113112607699
27517,0.09872469820825662
78507,0.1834630250065799
74659,0.9144899269275915
32603,0.446279466064174
40719,0.02367970555030441
76638,0.3904548402802853
18059,0.27380726065326944
55916,0.16516969518554558
72517,0.03825988435135385
6417,0.9327682155894703
41856,0.09687376099182471
33867,0.4993614984047598
70970,0.37996315559640126
77816,0.010232377875644173
13231,0.4359803573884136
71987,0.01965236553088042
45097,0.9750425967035129
18100,0.8869187880264039
59043,0.0007849782926031467
25557,0.21514323729672644
36117,0.05009517172913703
69616,0.010276175964160403
59166,0.036366327499316085
78701,0.9283461646440463
588,0.2499623183343121
9347,0.8827052605989476
46038,0.5125112930510672
46306,0.05416656406959952
43733,0.7594198686261304
78881,0.006746097478895344
26476,0.31408846136275875
52143,0.9570538794267793
30091,0.8571181445639237
30931,0.32480351294560095
646,0.3182366021396512
9588,0.2955462787219391
49417,0.7652633913713051
15037,0.022732840449964632
32995,0.010934389975558147
24218,0.011022381650314644
26820,0.03712895649572961
55427,0.09316467290805414
9753,0.8279295238851461
8005,0.1435287814662531
16155,0.0002870088051834223
20096,0.8108964783828244
8439,0.5774639890454482
26171,0.0002698405101344229
67066,0.11838574416416595
1126,0.001775000576522363
33692,0.3540940820996243
1284,0.28956407000291795
56482,0.4188777485233243
52757,0.38490670170630553
42871,0.04331265580909961
31853,0.058341191601899434
78348,0.3831931273719781
54401,0.21031997841967748
63371,0.2715198966629173
62988,0.8442550766510163
2592,0.10442269883423788
5907,0.23366638361902858
55662,0.013280874907908729
11206,0.5511598675622036
39902,0.09248091294399319
67844,0.017751308191789814
20075,0.46395793051844025
17072,0.03828715930016769
33381,0.7974376749498238
65032,0.05418092802200551
6630,0.7251177039974543
4136,0.660633361084964
1899,0.001112689265652607
283,0.06236708450683151
65795,0.4236162685321111
11117,0.14891052751409198
6531,0.020937051913650622
37712,0.47165202073064943
29140,0.3540940820996243
6972,0.8743690964554597
37992,0.26142975625832143
67822,0.5952375730700257
40847,0.10153604722302582
21039,0.735186497871639
21385,0.5684572103390347
6711,0.3977562391839506
78676,0.01158335489195668
57829,0.6450116802285979
75940,0.7608542787954031
21801,0.07804383391867574
33244,0.8414860484955861
51708,0.32507318687979936
49160,0.05659668700140501
61002,0.8121498175317436
71948,0.1843134356632964
2552,0.051582634419581164
6853,0.3459034795417321
32659,0.32982518366634017
51579,0.2495215451490819
26391,0.8527754014467491
48564,0.3504224914522806
64167,0.8260697823826176
21254,0.059488373149305745
18659,0.18341909475288873
41972,0.21203619687471165
50730,0.01016779659721235
23649,0.8530181557356281
42952,0.0654849820091301
20355,0.8823190520032937
13566,0.36567325740412315
22264,0.568726491896904
29119,0.3896815691055671
39962,0.3615889203614417
18490,0.43256162563613576
6824,0.0016992655235680502
27625,0.18192344378823405
56701,0.27906488340113006
782,0.43309615555684167
14940,0.3663539597027384
18134,0.35086546341008945
10984,0.3170149667627102
72056,0.032763731943220936
5775,0.013280874907908729
30934,0.7734915498098962
30574,0.40157602713924795
9284,0.7086564804998359
63871,0.2797450385834592
74906,0.6777885222052626
12820,0.16939473099412242
18709,0.4632991964990735
63879,0.2213579129015834
37824,0.4012132610142109
10801,0.8573288968285283
59635,0.02223078339429379
67264,0.13048394156782497
16995,0.7086564804998359
48778,0.022411159460418138
70203,0.042271907634648664
30652,0.00022483838739705358
57327,0.31078239556523124
74072,0.7492231070227545
69287,0.3256063244782779
12925,0.8194654146648533
65634,0.14139773381565046
68674,0.288042848548917
14358,0.2943585756149394
13141,0.8848005022165221
47946,0.5481832507943435
69185,0.010156441510100235
50670,0.14543863254651052
67170,0.3617405929318467
45233,0.008047533905738214
44630,0.33089001254323414
55719,0.16120071141104217
46761,0.3848349318454813
18475,0.001775000576522363
23482,0.43420561477427977
71708,0.010703308829092295
7522,0.1730052863947665
75416,0.5592275377783056
62033,0.7519971294202563
78420,0.34637708033586256
19447,0.806019214687285
33366,0.19672588492752102
15353,0.9239619684897464
24260,0.0007175147699356059
77245,0.5274134703736484
7346,0.16939534317946783
6305,0.998925411298401
6589,0.007210792427013524
42892,0.5863833009941477
29056,0.46677198202033915
78718,0.5924078991871745
57715,0.9985259483741465
18323,0.34637708033586256
26929,0.012567584893702905
34522,0.0445636781737631
28229,0.1978149232427162
18746,0.12330090614266817
20645,0.04354497923979719
70969,0.11851107191741307
22670,0.7135643102345063
2540,0.8439400347208782
50602,0.3085008239538351
65429,0.4723912561522945
66708,0.998925411298401
48331,0.4814095683733811
7928,0.6696680782151239
14290,0.007210792427013524
77380,0.8396489960215306
17074,0.9096638002618409
47300,0.7588079205558497
15893,0.8501364180656219
50027,0.998925411298401
18682,0.998925411298401
40786,0.7729683734967331
2644,0.4415839789588474
59064,0.20576574963437919
5348,0.12841937512644072
41801,0.998925411298401
49734,0.807564712674062
32973,0.2547180656864257
7897,0.44905059505205724
9834,0.6350499552898263
32592,0.2901491082539668
50058,0.36260808266379024
17016,0.7645154070990737
73998,0.21855195370749952
19676,0.19509907386651104
34743,0.7698221711233615
163,0.4971346573311633
74972,0.3053727223033482
9558,0.4971346573311633
37482,0.11788238517705867
74604,0.3085008239538351
1432,0.6364717985531787
23253,0.494348275767502
45604,0.7652295822961458
62425,0.998925411298401
13976,0.6578528666860839
67156,0.8539592635690498
7711,0.3155542567602946
7737,0.11786852024419679
37052,0.3374097450871649
7532,0.2345206308853683
17070,0.889055980236054
13494,0.6578528666860839
42822,0.288656783754363
43620,0.030394769598809913
68921,0.46840336746693667
2840,0.9990472572819173
5106,0.6511230006387613
56615,0.0003924097704014051
15079,0.6445354076407095
29310,0.015850941319698834
19716,0.433615569893452
26202,0.24292251962753583
25280,0.018120281576706365
2097,0.9982807742824116
42964,0.88687415028682
22437,0.8627436921019142
8000,0.08047189599031974
62813,0.998925411298401
70554,0.7140272356168216
25123,0.7360666816990739
61331,0.8006573086849164
23285,0.05210742159357244
53073,0.529385161877021
35526,0.35089590861672465
6398,0.065869706628986
54221,0.1741314434208014
46851,0.008288977992337666
34866,0.003991866541379606
8330,0.588239301577387
3472,0.7957667224859764
14473,0.02893478132968237
57419,0.7353426057729822
30255,0.8501724671885941
30448,0.55873477855997
79142,0.022692323477900237
34052,0.0042187080504741195
45254,0.27966878274292334
59793,0.5471824168931231
75565,0.0042187080504741195
21622,0.6089826293929159
33788,0.29414617507622615
16185,0.0390111018695356
75055,0.3390546482874472
27387,0.3618592582216732
25052,0.45963054747872295
50289,0.02507095171227072
1652,0.0042187080504741195
33938,0.0042187080504741195
76257,0.732608210805952
6257,0.12188643310899017
28855,0.8410242936061727
5470,0.016993173210211165
78044,0.00044280300708775277
10259,0.6941066635249014
43935,0.0011094577333937248
13429,0.0460530416917419
37862,0.6934027316165972
21818,0.30498888372571786
66078,0.009648204999849776
62540,0.6534263391815472
42093,0.0042187080504741195
49816,0.394801136061546
55507,0.21930045556996206
5998,0.016720944594167918
68927,0.1755939869378088
28732,0.2858680309624439
60604,0.14665154280272694
77508,0.4169087128861554
14227,0.06130305317150285
16030,0.61650524943465
79272,0.8757638497264414
11006,0.005094149528169288
36728,0.5338033136907467
6644,0.29469409283200443
23226,0.3475925598595971
48869,0.31914891874942947
16088,0.010498438838132175
69123,0.0266045378833474
36061,0.20659156915662183
68100,0.25452607572443886
27767,0.8603135651746393
59665,0.06103351169728367
77073,0.16750032127197245
37805,0.044747709055118726
33849,0.1613747177785202
61628,0.37908828993344235
64430,0.21520393666043966
59797,0.0042187080504741195
2024,0.25686681968349473
73446,0.15373190137508155
78039,0.5287606346060575
23706,0.018345280911979428
66550,0.38081765196561435
18314,0.6245706690200156
9597,0.0792246462503064
23763,0.21832784739868594
12088,0.736312792505634
54342,0.5587362958003074
5111,0.3769125086512578
36752,0.2858680309624439
15380,0.10522153858347416
40373,0.05399232593137937
19874,0.37849601392970467
13945,0.792720799830497
63438,0.4923019357057714
26833,0.0042187080504741195
35852,0.47332384957895335
10806,0.0019101483014271198
19034,0.4083216049098892
47702,0.06699060082773392
37901,0.7739669587849731
67696,0.6402757933692944
31657,0.00033824135402086056
76866,0.6325407064177391
25499,0.5913303367607327
36736,0.5716078268830672
34197,0.0042187080504741195
3082,0.19397350285379705
68057,0.14632032918582405
21728,0.5904382657352352
62947,0.9024519488249172
38788,0.0042187080504741195
49667,0.0042187080504741195
55148,0.16630418235954267
22657,0.20501962428340745
65096,0.5440049506327497
41322,0.470834212058954
29807,0.7271063245939221
56448,0.7421248493666713
9497,0.5623200505533854
5927,0.024327297610284786
29726,0.030969778875073982
51613,0.8743790944553601
18038,0.06114173474896124
8895,0.009844092529818159
8707,0.15095235230466456
66913,0.40560337763473664
67261,0.8745072388720738
27045,0.38605589832960424
3755,0.7691602114511455
57805,0.5004414998874525
29740,0.914571398301144
20568,0.4615058831668123
46487,0.07497061677023141
44639,0.7142054890449966
48690,0.3357388357656287
24859,0.7806660579104523
55732,0.3507755090359546
64029,0.6737216654864425
13058,0.1290860703117853
48909,0.015212365582320777
23388,0.36450717228883983
43542,0.41168706195437377
58713,0.685111075114426
58006,0.8582242448190617
57942,0.47056919310965234
14572,0.8584371987666273
55534,0.8650056056978932
23912,0.1277228331555578
15998,0.35890281312678396
28045,0.8107907173086738
56850,0.14951376861956037
43951,0.3629226965211219
50409,0.04733640892480717
37644,0.1408031543489256
76273,0.025991190358156245
48759,0.08898367109752785
30842,0.3487680631032941
61333,0.36564648629012425
64947,0.2019808391037699
76972,0.33039803205419954
46805,0.4527732140462572
14292,0.7132115379269033
2462,0.14098304946693785
49146,0.7204966879254989
55420,0.23484588387649125
54094,0.3900106464418891
38715,0.26695154485510386
70120,0.2019808391037699
22169,0.5144147782916852
45001,0.7870323289709634
26807,0.175766577251815
58280,0.4164057123210394
45839,0.6737216654864425
16906,0.6242727072366877
57867,0.4645481486248169
64380,0.3013528759372704
60704,0.8223830443869524
9504,0.4735307352772075
69520,0.06429740684934367
39072,0.5004414998874525
59766,0.38095506322159567
17154,0.8344228805430066
5979,0.21479930992948174
25228,0.1117804377941499
34965,0.7240330001926399
46858,0.28817396853974886
57714,0.30541770271516805
79222,0.6967173398551055
61559,0.06372185889998254
59561,0.8582942088336712
42601,0.5965868470090043
26190,0.9331163281937634
6980,0.7026871911986053
50980,0.24998123873071398
52162,0.2198493008901531
35145,0.24989466176186953
61064,0.6737216654864425
17631,0.11777850693220918
23889,0.796094090812459
39280,0.5372448643324952
28271,0.2746909320405843
78501,0.12621012821664038
47242,0.1466892546854468
5440,0.34829595069728764
76296,0.33039803205419954
29957,0.4108327280060998
28139,0.32275376677233913
57907,0.7776234387798954
64028,0.17023439210051458
70068,0.9299652770489394
9867,0.28636042845614423
48356,0.8884043106201646
10143,0.024675730116268578
44858,0.009300712253199235
16532,0.403353810172297
76817,0.6737216654864425
28083,0.4474398609485139
7789,0.27312171731798607
36225,0.8294962067830117
63531,0.34682641260591096
60921,0.3448435811952992
70477,0.37650893128386803
41992,0.7891319255065932
22615,0.6536783405698859
63937,0.38184290433142565
30112,0.3357388357656287
47685,0.3854822441716989
56493,0.7677389215313379
25432,0.11899389590345927
7100,0.4164057123210394
73617,0.8051275553392564
49231,0.9523661557658281
23473,0.17405528535285628
51400,0.3029315126207878
77866,0.3515020230477792
51432,0.36658951309826016
28672,0.8280647489225271
20282,0.028528416127012294
42081,0.08476078812439258
6173,0.3515304050163176
3632,0.6412859889167368
49724,0.3678451251217704
64642,0.3056003370819468
33161,0.21010931628239174
3192,0.3218807693469818
32785,0.5630696506590476
30912,0.41264943758121975
53353,0.6365299479254654
64042,0.4630677634228278
55317,0.07225046095032638
19878,0.016802262017318787
30621,0.44816277230215107
26036,0.12541843185267898
77740,0.023450554720451114
14057,0.559896914018142
72931,0.26434094648618794
21224,0.35485260480601916
33362,0.43646121274275523
37488,0.21725279724433766
25122,0.7321995957350014
10750,0.35472984219789644
29301,0.21827716183162663
22421,0.44816277230215107
4799,0.8805571112497378
10635,0.1527212108676725
70332,0.33005784505622077
53745,0.45197480793359374
41425,0.33536660784574474
164,0.021278680748908076
672,0.0003540383993190602
53421,0.8134678451196928
47077,0.2887010453786841
16053,0.5040053872044692
56533,0.13072891829964428
59354,0.7520954386520885
22741,0.5157071726312343
60429,0.006914401063186828
5543,0.9286923069925346
24023,0.11944198580040642
23178,0.8798591435503904
73295,0.0002621815784512508
6549,0.8562379904099867
63038,0.562526086072615
70018,0.9239284687750013
62647,0.9009973774071343
61950,0.24452240342116507
69253,0.0505979934902441
76374,0.02609324751377393
9957,0.6300514098311102
31175,0.3784342131878919
27606,0.09897824688244476
26716,0.7461766843161616
51197,0.8827289014304674
71230,0.0224261414468807
57023,0.10185420951922881
32372,0.07021368423079198
42469,0.30194863323845145
15423,0.5729273585013732
57010,0.00644350610930711
12412,0.3581636204504485
68829,0.3853180653182243
41780,0.8051275553392564
34172,0.0777098491746877
66919,0.19081235154233328
43109,0.5124078558418027
23313,0.8999115287406683
54824,0.19528492609932574
46852,0.9009973774071343
41569,0.7931065451212933
23292,0.9487494621322354
6407,0.35943685732440767
9075,0.40724568457758653
28142,0.4136123960110041
50332,0.1812499925404283
70985,0.021386176150999598
61589,0.1697644365309551
29795,0.8378903774721791
44937,0.3816872289068786
59475,0.02529487694472776
37847,0.05169766978550554
25033,0.4098437304903851
46333,0.36381762952629865
49842,0.022424425787588725
55678,0.801526949282646
42914,0.35098597436333534
39923,0.07418270030739034
71967,0.19265638150288192
72147,0.35154039372284696
77876,0.553169450748282
18269,0.3601850169770517
35263,0.7717090088117825
55100,0.8131594167555617
52189,0.47665256447140936
28180,0.02514967197279838
33614,0.44260046971488415
74271,0.5353763692664917
11872,0.00031119686283781185
7968,0.02646915742844129
40109,0.4736430697459963
46660,0.5000793909014477
31823,0.0640079530629935
16921,0.02514967197279838
17348,0.17905510794247612
48245,0.8866643949598312
71309,0.5214343883423771
50201,0.19484516503036403
23430,0.8351933256317458
51113,0.00888094035613432
35299,0.02514967197279838
11139,0.5257519232067736
14717,0.9487494621322354
73966,0.011766041535864396
37686,0.08956813344645884
31056,0.7286452174452173
31553,0.23122092955540227
5902,0.10585066550352173
73823,0.9265466730403369
29985,0.03147355658617047
64310,0.5292757240635437
63741,0.03013086399670252
74521,0.6399615249181122
5657,0.02514967197279838
48896,0.7821235771282403
55250,0.041311267540024066
72910,0.0628768275347082
52131,0.44842874280633216
78402,0.017386878197390127
56155,0.011766041535864396
6722,0.0875048835221863
24227,0.362301105119139
73801,0.26931620898442477
40462,0.026897084273083988
31751,0.2736335291555362
52291,0.3771713435630384
73862,0.9487494621322354
73166,0.43792109733026
63134,0.2333441342383894
45034,0.21619925137846496
60632,0.0239781438405475
76958,0.6469900422152094
34595,0.00888094035613432
25170,0.1710590138212159
12330,0.05909981264608392
61930,0.03597038066020759
64613,0.898818145928813
70972,0.6060912073378775
4438,0.9487494621322354
10383,0.4285992998936411
65451,0.8663481457220856
64978,0.5713267995864115
36036,0.2716233927059222
18074,0.14524600268485138
42686,0.0005682960382075877
38068,0.3603330733457599
55115,0.8531045081520959
47865,0.942407654280418
30683,0.02514967197279838
35586,0.7781904540356097
5783,0.31941742838872905
16164,0.4148764237290265
19170,0.016776962989278797
9716,0.3835773118025266
65062,0.03114450180963493
10700,0.5748438922110726
76560,0.23643264560146104
4896,0.011766041535864396
56274,0.8328667938202847
13396,0.4135092768384091
18753,0.06589142332641375
41324,0.27140332174480336
62712,0.942407654280418
29302,0.04894680810768942
48232,0.017474128164337896
55923,0.4148764237290265
72983,0.8020629297877961
10755,0.6899787417412637
39892,0.011766041535864396
78406,0.7775308583451868
46480,0.0005834073537247505
29329,0.8678049865749167
68620,0.48770993676866725
208,0.029870350053094002
28983,0.664908266290077
25593,0.02514967197279838
68911,0.12389460515028239
10527,0.2553474599483246
48605,0.16844984427262144
42829,0.10815230848212849
60964,0.0438940455978605
44844,0.7686085543357871
77734,0.2853143862143445
53364,0.3931319320478817
9687,0.0005529544523536133
58577,0.788726065792274
19202,0.014703881689029637
5250,0.04755987532232784
74070,0.7742065661714956
45114,0.847700050580629
78556,0.2616984433974562
34504,0.34447317265784166
56550,0.29061884343235395
14485,0.033535783311670855
4256,0.8968496719369996
77523,0.7180115797777233
68012,0.8855195048696629
10757,0.14389987947278407
70588,0.18877932472045328
69250,0.11386912705667428
64316,0.28535831716353777
72241,0.48884438096508165
68009,0.5838084438076742
10107,0.010820010427145052
54625,0.8367096920204576
31368,0.21030342228964163
16457,0.2450132840710136
14211,0.6892734841452385
73380,0.30362504499333337
12324,0.2095928997859105
54254,0.026139997213417417
39533,0.8520258317651732
31008,0.5105652871354823
76330,0.7642571071020794
33894,0.8291431442866161
17626,0.6297055201104584
79085,0.09446927654907193
60947,0.3521437248357515
51502,0.09452659850364292
29372,0.1897640375835906
62439,0.2943351502758333
55755,0.00040024507036514776
77480,0.2650167040101358
32118,0.7495597553758527
65109,0.1867841955811128
4359,0.22521664374144224
17728,0.001992749991879847
7422,0.7836923289217678
57785,0.15853229400717328
27214,0.11919591565420931
74697,0.40130145924716926
57994,0.11408199800141967
23712,0.3443496724367326
40391,0.5138851746553262
33756,0.0299696557318672
16015,0.7299402777076158
68389,0.016685307139400366
77232,0.791276884640655
41622,0.42908315391730456
49105,0.742261880944791
17015,0.7477425763341553
17634,0.8133210947049648
26161,0.03684741597322999
64175,0.002619696274228407
68577,0.164094249639508
65482,0.4059229533078858
65682,0.05771457134762825
36042,0.3835819256376266
31911,0.014796358372992337
7228,0.5305290806754246
36452,0.0969517566751202
55827,0.35253011907508364
34085,0.44672440845395356
71832,0.5105731309400668
31402,0.0666816725292074
75389,0.3034574249865021
76154,0.05679935775566707
37385,0.00028725640900160917
52250,0.8659046521787666
78792,0.00043285967628747276
34069,0.5875071066795455
23670,0.06945833927212852
65430,0.00992477510153407
76667,0.08569369520538929
13674,0.8031012086780015
42669,0.7067548359239733
71032,0.009424157745811637
21676,0.26413724236441016
59190,0.24193789290444376
12150,0.4226866451684762
24612,0.3034574249865021
6442,0.8939310362632913
74173,0.2321716892730217
48369,0.19934576103866608
18744,0.08219761867749736
3655,0.19565515427584157
63647,0.27526068909524376
72589,0.24957176817596477
29735,0.033594413503068375
48714,0.08021848536001458
44140,0.7963244255914895
23172,0.0007446638534714858
43597,0.32571006807855407
44977,0.7150806159005989
12290,0.8991758424296082
64158,0.4056410361046818
54692,0.02543971548936881
31011,0.40458706258968924
13468,0.2567003424550567
72431,0.17108007602567868
42653,0.6174770617816323
36379,0.30786562444332505
57717,0.8747976264076402
7152,0.6557300530841672
50116,0.16047145704944552
6013,0.8279328402882592
46414,0.05961869848825467
46882,0.11806155476089973
37651,0.13392607620870822
45380,0.042882371713348744
36915,0.8894910875007017
8907,0.4151661987862077
56089,0.8404830498516784
39311,0.3379712202884578
59183,0.4982731437489303
69968,0.0005083842002740482
64107,0.14866502108120097
33175,0.011973854399474303
24597,0.9589073603173852
58349,0.01862684833595987
26988,0.000606265802974184
59890,0.1616768055915107
26967,0.16298312569879075
73771,0.11954688243329091
46820,0.3010431532054146
11564,0.3304714820295368
27599,0.12836024352334358
11557,0.5049870345113859
53552,0.7878625628070771
21637,0.29816131553094327
32780,0.5078822536547944
4761,0.169982758251715
1178,0.7972394184598003
64733,0.6397762811113774
31349,0.805167487989534
35632,0.06038110605741505
6472,0.37754747639910874
22613,0.16439821167729865
25538,0.42410039262311744
60234,0.07806952242779869
76744,0.24997277525042882
63450,0.1728286504609799
22444,0.0003010180344615873
8928,0.0037770708877939404
31325,0.025648572312224387
35644,0.3957879969163242
9109,0.24762412267174672
27724,0.35318038447776817
3727,0.8368294290398394
51925,0.24396687740130182
1368,0.816879498227491
3713,0.023813576396692758
17773,0.7056985201046847
25427,0.025648572312224387
73298,0.47337115580219724
36322,0.8793181431471946
64966,0.0003778147315887061
4115,0.3804836652573027
67204,0.11045446826919593
29166,0.5508257947668502
25924,0.4599120576079912
39883,0.3860998283165426
66025,0.0934870415764111
27209,0.09941593850169657
72461,0.035439719338481335
73385,0.9171440584296411
60577,0.4189899324662856
5705,0.029203737571600934
17088,0.17308870045096486
69570,0.8741069273723296
36060,0.24555817001813995
8126,0.8179988344587944
26985,0.9072889112428333
42288,0.17588124864751103
78987,0.21875953178203159
47056,0.592040819336974
77744,0.2896641192093233
30660,0.018255549593983355
54062,0.26601648377338466
37209,0.18442886269830594
42824,0.7379268191290204
50139,0.049467750165719755
65839,0.5304584449982868
36488,0.2961170986110095
24090,0.4942823942065727
28626,0.5808415372662195
55410,0.20571227813598333
15578,0.6932574538240034
47415,0.998925411298401
48321,0.998925411298401
37381,0.998925411298401
13670,0.41550175134944517
23197,0.4383043737352867
10226,0.998925411298401
4471,0.4129717831309152
43754,0.998925411298401
1970,0.0005875940823461081
32557,0.46601191407008624
22912,0.12678031460542777
39063,0.332366334969177
12116,0.0005259257718530431
9111,0.614034813416202
68786,0.40662203629830657
6571,0.9988408447786747
6639,0.027295331342406026
56504,0.3598129539005689
15399,0.4997581527253992
61213,0.9610001493058726
45273,0.48184758075924605
65662,0.29220391597920525
1240,0.0005904794708944452
35058,0.08049292749232137
41236,0.0859577395044108
25612,0.998925411298401
33998,0.998925411298401
64179,0.030708262270705177
9201,0.4538739738968846
29857,0.12847720700113552
28405,0.8825497552606154
76261,0.49250195188856016
1059,0.4794670257303201
39031,0.9449429274254131
27421,0.7638302329807831
282,0.9449429274254131
47615,0.41991463897178866
66505,0.6825347863978931
20338,0.8284570066725899
34708,0.2710362886452315
79086,0.03983610526978395
620,0.4129717831309152
18310,0.028655670520262234
67279,0.07526164668518427
26156,0.10653269642782852
9848,0.8405418468331756
15564,0.17660819892170443
71653,0.10238632764951894
51887,0.4276301786563278
55205,0.4794670257303201
35947,0.017886758552574086
71636,0.4383043737352867
23500,0.003732214740978556
6277,0.998925411298401
42241,0.998925411298401
78323,0.26458630943067885
76620,0.13948701412273323
71261,0.2267572285648815
76368,0.01604513280385053
33398,0.4129717831309152
44739,0.2777685681676782
52234,0.30003084250684603
12589,0.00037918031896965333
61368,0.23531954263911325
21928,0.1917017203810955
13761,0.353773298150883
64675,0.28887426300236935
67650,0.08536341797798695
61273,0.4129717831309152
45894,0.5189802183144153
69351,0.5226529379131964
47065,0.088178259752691
35047,0.42821049384294946
70136,0.8136403382635844
50678,0.43961778900728143
35134,0.876583130161684
4649,0.467115382360645
44966,0.019099695062273686
64325,0.009781463190434402
26917,0.5726036587497235
33143,0.4671062174679969
77788,0.006509945622886054
66062,0.13633147221929234
11562,0.36495021414950257
23280,0.04543032511528401
26724,0.34057732888048325
19976,0.3014093578502248
27491,0.018573917445246613
57057,0.16123143396671488
48365,0.08867502362885946
42230,0.8879477572010446
45242,0.1281612337273155
17779,0.3943149422991501
29427,0.6510196057977491
12202,0.998925411298401
45351,0.7106638415695468
76708,0.7759060355677825
26018,0.3483604778783462
26959,0.23315236748754628
79207,0.8635540312399332
77540,0.5653729008838193
22016,0.32057187509763946
31586,0.010905172476206043
31861,0.30571666781019685
25850,0.2845080932624417
72100,0.8927925713391446
65129,0.3475519182224505
4704,0.19619226521483119
39064,0.3474390110636245
39444,0.2339383733770328
25964,0.018277481721435476
47909,0.5390763678332827
74132,0.4669860019143171
957,0.19925330001904956
59322,0.0008331689597374693
72542,0.9078290680102028
30028,0.035616959373045855
55231,0.8361724530444807
16310,0.7414455341486156
45501,0.912481944090624
8947,0.47931707734784607
60316,0.41740159992097814
2921,0.7827086389553236
37413,0.053519659325352194
662,0.06872592721262097
16083,0.0010300735113474855
75718,0.04493826168627995
20050,0.11096923883096443
70327,0.761380150746534
2357,0.7292988157447052
28381,0.10562525064896369
79009,0.030601941609170683
52580,0.4903430771477644
20023,0.7188221955345608
31891,0.3171124502712828
26746,0.665149484136231
1561,0.48611680358379644
10327,0.6699732088229631
72716,0.5164717088207323
15314,0.00752870508592739
36878,0.1029113206747679
21289,0.6235651450639853
56447,0.37963868768659115
33663,0.9034255012175453
74138,0.00627991270872867
27962,0.1594966966126919
11654,0.005422090650170388
66436,0.8361724530444807
78324,0.8124006791355534
26631,0.3078223166282107
24827,0.7447031090961385
61551,0.010768220906066604
13630,0.5594056424858584
25684,0.36543074444305723
3390,0.04946829759484769
26290,0.4388930635466587
64882,0.00040649927147809163
33321,0.05656620590566967
26016,0.8010670993787299
1926,0.5297435791589189
49787,0.4745633564362825
57661,0.34266997453635895
71627,0.813382538078905
51048,0.515626933113322
62769,0.8652289381244042
25004,0.11755185304485588
9079,0.2069608368979188
65642,0.24539648968422784
68578,0.1355315602769085
75898,0.03658589528668627
50862,0.38960790452159016
23399,0.722386552127794
52327,0.35807018060949647
50070,0.49737645473457065
56986,0.10003617887317674
45005,0.8714217676053937
27425,0.008113693662259603
6369,0.3823623034291328
49154,0.3442507255614601
63484,0.9352517366750456
61682,0.8063782101803965
22432,0.0004381094710405593
74664,0.39670592757516804
74442,0.8130154766272529
35489,0.4133706673380498
48788,0.643379842729655
74320,0.05197105110819288
38560,0.5325528819422897
52270,0.8574479281192963
39500,0.9409485705523098
43409,0.02424684962453221
75305,0.003877719308112264
46168,0.722386552127794
69299,0.8044803519109024
32982,0.5325528819422897
49931,0.5096642085368661
30088,0.3194658965383035
52649,0.28065418414705023
78146,0.509337690296529
51196,0.11279909174771803
64289,0.05898653655566026
41689,0.5229939712870935
21805,0.2288249582614405
6155,0.3474390110636245
26144,0.8680213711949956
62047,0.8044803519109024
29010,0.9417791090100996
30016,0.24560918087621145
26590,0.12464306567767978
60113,0.2845441113039736
29760,0.6825382496507322
54616,0.7802115654287752
49269,0.5398262749949351
5110,0.8512243293961987
74745,0.3053421900741152
65456,0.18753439610112824
8713,0.8271675296223886
34532,0.1289649373544685
51028,0.22538376525838374
28542,0.3083880672044596
11537,0.665149484136231
47838,0.8996311872208851
68761,0.15303097810388996
527,0.8268994443238044
15252,0.7157792188112856
52099,0.5297435791589189
53626,0.5368800594493668
44860,0.5730510099141578
5656,0.7055430593754506
38828,0.009660313193589481
61789,0.6293600081761633
39111,0.41740159992097814
30708,0.8928891821429481
74319,0.010725952111038297
8712,0.22446690185558751
68917,0.40278939921733864
36445,0.12071846587131022
5777,0.3795837941894227
39342,0.004372469512530986
21564,0.07863120492392146
18640,0.2666928132921763
23020,0.0003089320513398195
38159,0.038883130210313185
26386,0.6514999108492028
26432,0.7984375711267725
48291,0.4327370374295687
1981,0.4396186692649472
76962,0.2936963425647538
19983,0.35387954903110724
12858,0.27912841200206934
7425,0.1166156704341424
5627,0.7772653563545071
32197,0.3557974044442448
63417,0.1836832695441196
48902,0.4471937321848663
53332,0.06638086285660194
28603,0.01288927284672247
39215,0.4843310605773947
53269,0.5715944781110358
33757,0.04396330586943902
44414,0.013546676149117358
52931,0.06369347245417094
22043,0.28127319761505637
77259,0.39224655103832545
3094,0.8136093228252458
52308,0.942384701960174
60546,0.0006131252167013664
50976,0.7021208644669816
23412,0.03350484020820695
17483,0.8481360229440369
75933,0.12401441074017346
41847,0.9033084726485864
68879,0.37075232291036675
6541,0.39297561810295356
14289,0.9063645389181492
13026,0.025680005701341792
26030,0.011946937507015653
11746,0.23441850597608996
44570,0.893485241525307
29242,0.28127319761505637
27083,0.7472139966639766
31599,0.18972190119304727
7814,0.3925487385004472
79078,0.8879019725135
57373,0.05460035590305309
27084,0.24833584996652786
21428,0.856116966865718
77476,0.05897453363305735
21196,0.9343554214441758
24861,0.4276892969774333
37568,0.14768487000613192
23822,0.170169221851718
67890,0.8259572673910366
76920,0.06638086285660194
20954,0.47217368004433413
9078,0.7776373364544725
73610,0.24684828436457842
63889,0.21725396192186033
50193,0.3862828527372917
7492,0.8410118785451155
45540,0.3942263293545892
72596,0.19300679271890342
13508,0.3083721317543561
5085,0.6971936384931654
26661,0.6191934692486729
1436,0.5433537456018618
61247,0.4784442791407652
13282,0.41896233851135556
42208,0.22723906307427658
29258,0.34979161761142363
47518,0.07251346801337073
76243,0.012129934396332843
70982,0.3702142092205148
1008,0.29283852451992226
63853,0.38315739528506276
31576,0.1383138912315905
37312,0.19996587507785918
12988,0.6654975614856626
72546,0.6173226224614335
31967,0.7896916908006937
34833,0.4351068656850523
66673,0.05020598409963036
75419,0.8100696558741517
60462,0.28364558069924833
75714,0.30060851581601844
33063,0.31554924237191434
57933,0.03313184345504782
48846,0.5239968964964731
18788,0.06935546826291951
42535,0.45280601495857725
36510,0.3612063937956071
77237,0.8945173365554498
22891,0.8332364026598758
2720,0.8102668410709051
47639,0.20661447947239148
54303,0.3503494618157692
49139,0.34809490693023104
68345,0.36962109994239045
74554,0.6079670029295131
49709,0.023170103320771854
48875,0.43861269914607254
63621,0.7816431924892199
22535,0.3044496526914721
53948,0.3612063937956071
2470,0.06213482969512893
69275,0.8270985232963443
26293,0.0010248577114425504
51757,0.8359714633996749
33131,0.7167449868294247
65083,0.2997685320457901
67676,0.35308103245003036
19624,0.26783916069118546
7315,0.004142965383502303
71720,0.40403577665370116
30562,0.18873796141932234
11304,0.3816340086414662
1592,0.4880121741305294
19130,0.015609789050086758
2397,0.25036804644291916
9517,0.7106613808380324
78233,0.021290718532831314
41756,0.8205182918752387
3021,0.10400738421404877
9904,0.6094435962204096
41874,0.040041719534795316
70832,0.2103999161951475
3973,0.7988573172724044
21755,0.8623084459831359
69670,0.7018920404459322
33743,0.1023449563174438
25560,0.4100570506102442
50107,0.9196161143844154
58763,0.246366128953399
78405,0.18227679767366387
42521,0.8467643657678217
46543,0.5493110074959254
29193,0.47666765285791945
25932,0.5392119531552289
17603,0.003924667924362972
65161,0.23457434258024434
43643,0.5896299044663995
23875,0.7706780549683572
17675,0.7283294067799273
34702,0.5480159820898951
59721,0.3816340086414662
60505,0.41403045261043137
75759,0.42861615585472995
33661,0.3685348283847567
7288,0.00012831202140164516
54029,0.38702909953022513
61414,0.00031073686257816855
7907,0.5308024129744198
28832,0.4692370735284516
24579,0.6658064353001016
26686,0.34998912557664236
25426,0.1339357525053718
7658,0.7762464094312024
42875,0.4435746426637896
26173,0.11351735971470583
30449,0.004246885847537128
18298,0.8362748498987426
62484,0.47241671659662066
76899,0.23316247322283667
46601,0.1395627481331856
66263,0.5392119531552289
72751,0.019682566080815936
73782,0.2175552401356009
50949,0.41689560436778267
14200,0.8537471937476949
55555,0.5392119531552289
27377,0.03314072718885845
61666,0.2906388334869669
40043,0.4612779619101584
77130,0.20941101991620906
34158,0.8623084459831359
64755,0.46782659562316614
41845,0.47050569609660314
38198,0.41599673781520613
56980,0.21717726072664306
54843,0.2910616170809559
62212,0.46297327933212484
24263,0.825531736816452
48281,0.771727072053991
34637,0.3816340086414662
29758,0.4028224824585272
56639,0.791377760692441
807,0.8070640749973723
37574,0.4902287237234382
45029,0.00014339446406516645
67365,0.32280777834949137
79292,0.1164628186568298
74692,0.15619665162284474
4495,0.5392119531552289
35401,0.7093225028069
57776,0.03585733267194711
40601,0.8597747374962118
32914,0.3231439593787921
55620,0.2138957660006223
34802,0.41689560436778267
32414,0.0005600307936292362
24952,0.41403045261043137
33934,0.30073723102932665
2051,0.41403045261043137
32734,0.4956748640717547
10817,0.35729350903471735
12677,0.029156127035011293
3431,0.8890126991738575
24575,0.9250159256317024
50073,0.41599673781520613
10617,0.8205182918752387
58607,0.08780412257246611
33040,0.8637240133895215
12985,0.23536156281122758
62188,0.4432313778709907
73973,0.8205182918752387
61917,0.3628282120521087
51185,0.8205182918752387
29630,0.8205182918752387
45085,0.9637630917066848
79120,0.25574636144435003
39975,0.5392119531552289
69347,0.1315021676591876
13920,0.2164862363989214
48544,0.03585733267194711
27789,0.04012769550257496
75533,0.5092190435460499
29431,0.00830485365949776
66082,0.41599673781520613
52394,0.386714127439291
74039,0.28325829690951865
74860,0.14638485983806487
27346,0.0924980652626127
7565,0.9989660499689229
15318,0.5829398907688138
54621,0.8254980989654666
44548,0.8015982040864129
6641,0.4691002320657509
56847,0.3194367563629509
40999,0.01233530501091434
23511,0.5399994577075347
20663,0.055048069326559264
2984,0.9989660499689229
57133,0.08076507771319458
35436,0.41286695642014765
52376,0.3260418468637239
74911,0.9989660499689229
66151,0.09842477987267864
17851,0.40722348875363196
37266,0.22580557703673326
19427,0.8168505651258341
25511,0.9989660499689229
51572,0.046284421946007154
54238,0.4697352280692738
36063,0.6261782644228883
6738,0.25627513576812716
41787,0.7569325790474368
73544,0.9989660499689229
11123,0.9989660499689229
69769,0.24517069052393606
24071,0.9676788653950977
8821,0.21109620801678722
37199,0.8607438088823449
44814,0.22181658781439045
19542,0.11099425567059353
56277,0.9082830824687061
12183,0.7779232878630729
70343,0.26896859087171876
29712,0.7014370186327354
37642,0.4728135817721486
27936,0.4424042352344094
77455,0.4931144740434159
62553,0.5478774488686318
55762,0.03600752324361085
15897,0.08596314830909291
70856,0.008414345524002163
79184,0.8083138026059113
67958,0.6888585028191433
54757,0.055048069326559264
1751,0.026520574336606786
11345,0.9989660499689229
51861,0.7845306709183579
12255,0.7317013428525809
71432,0.9676788653950977
339,0.35699716667946507
44624,0.35448816424478474
1342,0.4347420530143795
20492,0.7799188940213418
57135,0.7769978964743984
36409,0.9989660499689229
49482,0.044357634382030074
21521,0.24737718440051837
35773,0.37707232544165215
6961,0.3260418468637239
69627,0.4256745048915752
51475,0.34823990681013733
23052,0.8232623806783659
20582,0.8369402775692284
75187,0.8604907301237172
34021,0.4239335045856355
28146,0.21923538967211728
45187,0.6618894955778971
24355,0.5578069969688585
13351,0.9989660499689229
55338,0.030337380463879612
74667,0.0005611747191720877
61,0.0061827139673881195
34009,0.9989660499689229
54913,0.9989660499689229
37905,0.9989660499689229
35112,0.9482551137834804
15049,0.9989660499689229
1525,0.18477168249086975
32922,0.7416379614963233
47305,0.18164784817935697
66018,0.5158625151244478
38891,0.7622415684761888
45421,0.00037091698225027
24059,0.01629612132339022
12113,0.9155200439815422
15851,0.05703434776504942
31988,0.4084183606115476
67299,0.9989047192058139
74479,0.6340006030301626
59130,0.12091933849503077
21793,0.8039810228519738
4854,0.17636572175521673
68248,0.9988484478120121
23151,0.47435710981379925
53303,0.21983563499506725
28770,0.19888549711711095
11047,0.7104663094134775
24763,0.0829818464357943
72356,0.16447977507085884
53003,0.7639683819939015
57493,0.12519060892692532
53277,0.321820518337873
11556,0.47517441985198366
21173,0.24008384153438536
19251,0.4292088379428475
61121,0.009561110090312417
38710,0.02194324969737801
36398,0.0799023342329316
29374,0.9989660499689229
35738,0.8742992913168388
11665,0.9989660499689229
59053,0.021333812516293613
74183,0.4509636780389302
47925,0.011860989117481797
46829,0.8039810228519738
4264,0.026467610808111757
29403,0.5158625151244478
51227,0.04041369344053656
61397,0.7893986330155732
16726,0.02109535574843176
40810,0.2515283218844947
48757,0.028160641589198194
1623,0.6653834029472835
22181,0.022784179654190415
39953,0.012299938130616556
26658,0.9463225646159439
31654,0.15977779160748987
57385,0.010799790616251114
38244,0.71711944958565
61269,0.4821161287146345
56134,0.29980201710639204
74533,0.01611866827674597
76909,0.2018632388555964
55962,0.05890060842052311
51694,0.7636501895216026
17686,0.8866756142083957
55030,0.00970261200278067
23753,0.029107747184407638
60775,0.00766219405887487
35368,0.010615487723147623
2574,0.45330721322899115
27857,0.5299307586651614
35955,0.1580647129834552
28530,0.8685416120532675
51921,0.8699150043113365
37600,0.24187694298055454
67643,0.0160379692836853
19064,0.2680534279586745
48286,0.8205253495787269
45649,0.02707403642789942
29976,0.8983714390950455
17772,0.010253042230695432
7084,0.8507158033148663
62517,0.012953945456340352
63198,0.847702885418848
1280,0.18750559608594145
33573,0.014067119392444146
14597,0.74536994362694
76919,0.016126471212964316
15359,0.7478929729542343
23237,0.39135504002406224
42881,0.5046416597408796
8706,0.4306354642599721
31420,0.004995540084473487
50461,0.0036221004084746977
13860,0.031042129427781878
41875,0.585676488521824
36221,0.00999011572706518
20080,0.27757422945167454
53395,0.21621641096261904
60501,0.6564930464657174
2199,0.07262601108105377
16033,0.43872316867451566
4426,0.36151341420112687
6151,0.00672878524870422
47058,0.2528090712696878
17328,0.04745929866895986
66359,0.17217264124789092
54772,0.45857059714083065
12176,0.00040582422780891306
60536,0.8336625310151886
75040,0.014268631147047448
31822,0.7100782131134719
78874,0.3069622616035101
73507,0.45594513981112184
64930,0.2820607203592868
24161,0.5391622473874517
39987,0.1714267291566636
72259,0.479985986768497
68837,0.6528797872254666
31481,0.008244879550114173
56374,0.6757661849320377
74056,0.007230772573821264
63231,0.2227696108314548
76219,0.7427858058701362
30679,0.07441823205734524
55107,0.16316454552372997
76535,0.8142972773187322
26400,0.06871356818247072
52604,0.0008412110481020906
75630,0.7284729789937624
48771,0.6936515001724316
40807,0.28958118776606684
12343,0.006898374302816105
52488,0.8456543653990636
55169,0.3959037304645868
65156,0.07165129297612698
25523,0.10363701803929541
38566,0.028742051913444457
11486,0.7827316612798615
26738,0.7576987534843831
38001,0.06662167386686361
6646,0.7592416537938868
28866,0.27643381552048474
48303,0.7982442451300517
38259,0.08220551393334094
64078,0.1430943844361422
33537,0.4548242452306701
18450,0.3425304918836964
72848,0.3173721362563465
42461,0.06466683847344096
27953,0.004274638403347804
59677,0.8772936598806399
2718,0.7741702231826354
2080,0.055018926968182474
58067,0.845195901299825
33720,0.06908723410923984
24443,0.3331750071625932
2483,0.0034799805516941133
41950,0.7738090040140874
1760,0.5775475663623116
75521,0.032568838236989535
20807,0.47439167608505944
62824,0.1180873244625181
75453,0.006833350092729533
21567,0.4575535294983988
24918,0.8922382790957107
52854,0.03165463673570342
49841,0.28721208500569406
19817,0.4246446245619217
46164,0.06027521257090457
70481,0.009724513703474852
27697,0.34881052181533884
16242,0.05779331880376276
10396,0.4246446245619217
19098,0.3839888373849612
4758,0.004075971400580244
37149,0.5181859531666548
46241,0.5110963523465296
19957,0.2410756011380214
45766,0.11247233583281917
70836,0.6157338402529452
67527,0.10946915561899512
70508,0.0038458479843643
41915,0.2716336282407805
6784,0.011414349937858599
36369,0.004689079587106502
57762,0.03282033451465488
8667,0.4881889178600517
8071,0.39167990553296356
8578,0.9602395690952983
73510,0.4867824600725637
49689,0.07978033902846779
63732,0.8163324952181048
25151,0.36753104488091065
40739,0.86866064714182
13225,0.0007913206592415707
39225,0.856595251684676
57546,0.43706643970825354
75061,0.9092721366874464
56265,0.3884557502838377
11695,0.20183827455292358
68245,0.20856872226718962
63375,0.8522742149969746
39283,0.018307358123777467
37431,0.6652200161318956
53174,0.3011037982336118
19257,0.33856492767701907
47524,0.19665186312813304
1646,0.36047264172869137
36245,0.8606204724783366
22117,0.012943100720864803
76590,0.594205841912709
34561,0.8535344639866477
13719,0.17837323836341057
47883,0.8028882518590498
3798,0.6352999366940473
68905,0.548672121884594
44328,0.12211217708803125
55177,0.049845350584418094
65311,0.19166773033538245
27633,0.26369083132277854
78637,0.8663919009172677
127,0.11687539099992393
53029,0.26980263290486256
60280,0.6833581872895116
64645,0.60520110757037
37220,0.010004939936571146
39916,0.8340963807864955
27307,0.0077543994254430934
56943,0.04509434191534347
15329,0.563122919614963
17369,0.1343030412843467
73320,0.6124712234504277
75917,0.03084952499327649
75994,0.8393030133614289
2444,0.02491391946104422
76078,0.8640201477326833
815,0.5803524353644212
55319,0.34798697698039494
13000,0.421565572334314
76326,0.02398933523977601
14154,0.9636754589441942
77835,0.005457958458789254
71316,0.343463927055797
75684,0.05812773586523772
39667,0.3594823440707983
16479,0.32223256146383666
20610,0.07304071986565168
3757,0.3594823440707983
14383,0.018433757159474453
64773,0.5860765396676056
20104,0.00033280606418186387
40632,0.007753533889073159
64436,0.38810159272644534
71896,0.005049825742231013
71908,0.4460569710694682
29487,0.0003062749166140249
23711,0.484514519076538
55181,0.3554838749707431
46198,0.0004826465617466905
43873,0.026369997246065886
32266,0.3579752054476963
59202,0.34699330578600635
19030,0.02089352337858761
67780,0.00857478281662858
2337,0.7539079541499543
32155,0.000867401618246995
64485,0.02868453136251058
44029,0.03707145243981669
66657,0.7354671984567299
10790,0.7711320072669263
51357,0.6494059025052961
923,0.8740297743351441
9447,0.41614320609577954
25054,0.0350689391127666
59380,0.673922793035967
5409,0.0198228053343957
71325,0.23074332294219088
56820,0.3495731436991535
24520,0.3694766408970389
54918,0.0923801654951398
41158,0.63227393918787
67507,0.3818477114244565
11303,0.03674381532646942
4019,0.3615260903350836
36456,0.008970594097763771
18382,0.2766448407429032
45559,0.00048019018275058026
11247,0.020829871812843348
34017,0.7853652058839856
67729,0.05463674997810595
19097,0.13137904158134223
9185,0.04472367725735529
18575,0.00011786033876279897
71521,0.3996961539819706
72102,0.896443413736674
73341,0.09408796349081916
11955,0.3800133316319122
39712,0.0007511951045024221
29288,0.8299314411615558
75047,0.23717846542282237
59208,0.3104528641170188
43304,0.3495731436991535
14061,0.04605444411062695
16985,0.25506381422335656
20612,0.009967257016975282
78,0.33260921485318307
23931,0.4137960272475384
19283,0.15228661493910425
15525,0.07928552711010316
30524,0.28723419636843084
58597,0.04817767547449389
41833,0.06440709336029557
8008,0.2824678521270929
5952,0.1460672637430697
43926,0.906272015245844
36160,0.35357875770455893
5416,0.15614053744016126
73699,0.005711686502907285
65442,0.20896985009580532
70793,0.03417287403414486
8568,0.005157970833821712
67445,0.20129510702519327
42930,0.26670338278637334
236,0.005629341318669873
12220,0.2451207670832273
42079,0.07811828394671003
36259,0.7115590189247858
26615,0.28922614317074213
19217,0.16033354697118607
63077,0.00024236775011229588
1343,0.8501937217096509
8513,0.01953228774516265
34388,0.7332826911629032
5288,0.7225772935647097
39810,0.2517749771781008
2220,0.004061888227083645
9866,0.2864253764699361
78727,0.1408963819631426
59384,0.22350405863568706
20129,0.8287612311240032
47363,0.07811828394671003
32255,0.5524455507413392
20619,0.004318151265039432
1918,0.8551876647452087
1829,0.8303771354301204
42534,0.008372560079400538
78478,0.24277306019983777
67585,0.0771799459623531
36977,0.5254971417083288
45588,0.00876135745164852
49377,0.8166089948351338
58068,0.3667922563600729
64324,0.21133410589892745
42102,0.21173644790010074
30106,0.000342072799149407
6470,0.11167799438667103
46515,0.8307807233613989
10955,0.062075173892660006
847,0.657742806796153
53442,0.41050760391988994
13235,0.17980991805906837
118,0.45692787402736734
28747,0.8194318992479714
41428,0.0010104524145488104
16390,0.10370149285754326
38111,0.09507036484967003
9112,0.19228036311974117
76324,0.5254971417083288
4325,0.42213506853613836
24819,0.4997054673847515
13047,0.11054908398724125
27447,0.16041834413374614
13919,0.051493914445698716
76126,0.16186936659756707
56139,0.5571212776401127
77150,0.2562883258746241
27140,0.4374800515799582
72304,0.152514917661126
71159,0.020480059477404666
1606,0.093951367031874
27286,0.42213506853613836
58657,0.025645885742547704
28025,0.6123951833541126
3813,0.7869129168988742
17261,0.27288549259257344
76091,0.39157926795616127
75704,0.360067546697708
34530,0.9291767365651546
48448,0.09907199476909465
54554,0.2820199874598633
62982,0.21191650710479193
60005,0.10246529145728189
72275,0.07570346159116556
23276,0.07943364484592084
77736,0.011948219783720437
73480,0.10317325753509483
12911,0.011179672701821736
26070,0.1743696152133594
6372,0.32649026917010826
26735,0.07881911217076122
73795,0.00531566859433997
7562,0.33143233330429517
6169,0.14176728479377312
3597,0.7657700535169388
4633,0.444025875747761
47916,0.26789405423923435
56794,0.3199912282567492
6230,0.4870955187241115
50449,0.8335251701883778
78834,0.29846471908297406
10268,0.2874081824976661
38519,0.000301975358476572
73689,0.07349528573985485
46272,0.10353780869606077
35855,0.32437387735770906
34675,0.8109250875955197
67068,0.34089693209547267
38639,0.10353780869606077
55659,0.8102668410709051
18031,0.10317325753509483
5123,0.6477222260915737
5127,0.04647155836228438
15035,0.774142515714172
4622,0.9624603855755413
16749,0.07683271013270732
44248,0.54475111889241
67662,0.28898255141219636
73687,0.2757247220290404
28700,0.26406714769607675
8718,0.00045924998471714025
56,0.8571073927384566
303,0.3620006641627089
50429,0.15378648913525267
59400,0.27607437063574874
64292,0.6262163327995178
4433,0.03017378547065712
52797,0.0904826437417189
19263,0.19519836801366366
55646,0.29656312762793713
10479,0.8513741824162132
43222,0.4870955187241115
5241,0.060732964133179884
22575,0.0724036104336619
10489,0.9624603855755413
23322,0.3985366229425245
23625,0.10246529145728189
51746,0.10317325753509483
18778,0.7770321441077651
16908,0.4579009723057582
39750,0.12538388004563233
23062,0.7475543815337846
36669,0.2738557295437692
57109,0.0005518256071683694
23955,0.982953861040912
11315,0.029177614919951887
28733,0.03221863411978129
75698,0.025292377921814567
69725,0.10246529145728189
33435,0.1897586149143511
41241,0.2792626702747969
58244,0.8778750556550639
24072,0.2974467207319875
22416,0.7663322537904866
11638,0.1898252877861441
6091,0.4307153546076832
71775,0.8564212214904335
24215,0.006161542110875213
17145,0.7447654251038813
6255,0.2887266907987072
45003,0.8599748070881411
12016,0.00531566859433997
36587,0.7796677209640357
69837,0.9124979784045443
5570,0.8400534725648566
14389,0.2580972710011011
73478,0.0779799136062617
55124,0.982953861040912
19964,0.21631503020840923
55480,0.2444063961470618
39812,0.0023902300043731383
43089,0.004018522390349722
52330,0.0025465725857072366
70391,0.0006626766022638106
70174,0.01454260847305652
42319,0.012801701926944182
56801,0.006254224537640721
53414,0.0025572331707801686
75746,0.04834261604577554
61887,0.001093749350753306
23387,0.012801701926944182
25935,0.8101052346403282
6942,0.009976600831371207
73554,0.818852910622418
55394,0.3251762271868609
6950,0.7228683847918153
78588,0.9041146209205169
65216,0.00750504196739302
59495,0.8366013428537549
53683,0.7498125168117398
37442,0.005447690459701128
77710,0.28962354188281164
39765,0.058140100470530115
1253,0.004323110893781626
44239,0.3144023782922449
15255,0.8261365652161307
19759,0.004018522390349722
19199,0.045256885148731336
53872,0.0025465725857072366
42809,0.006254224537640721
37627,0.004323110893781626
24286,0.6075563997362781
73964,0.0034157728522859706
42945,0.7284086806019533
37132,0.7342749529406655
32050,0.11889286695669887
49923,0.7721431119140258
43126,0.36874713917116037
61878,0.006586806135537265
58018,0.0025465725857072366
14490,0.0025465725857072366
7240,0.4895120302330242
36188,0.0036927539517159287
78959,0.01454260847305652
37745,0.3527262246129041
70081,0.8924505563903663
21950,0.006254224537640721
57092,0.006551871243355751
17101,0.213055476109242
53933,0.002739899888015167
45107,0.6075563997362781
34817,0.004511570715352015
38766,0.2850810679631695
56398,0.9041930739039339
13457,0.017899967563309426
53331,0.003402286698950557
32202,0.008815206321983456
4810,0.5359271827811098
10917,0.12524435790544766
69173,0.5526165159682734
23525,0.0064652201921219
23575,0.0025465725857072366
50613,0.002739899888015167
9861,0.005246311604575563
60101,0.8147496221013054
18385,0.4895120302330242
12764,0.004458760742438899
29190,0.21854544812181906
47927,0.0025465725857072366
40944,0.0025465725857072366
405,0.007995906327341122
385,0.42880777130540215
8703,0.9041930739039339
75881,0.002739899888015167
18018,0.22875687058051605
20385,0.8356279259941133
46541,0.0025465725857072366
72475,0.004018522390349722
6971,0.8803532319414658
20310,0.35196078866146424
62681,0.002739899888015167
4159,0.0025465725857072366
23834,0.9508191001473263
62293,0.0025465725857072366
8416,0.00726534136817895
27713,0.0025465725857072366
61814,0.009976600831371207
1016,0.004018522390349722
37893,0.002739899888015167
56571,0.27879464731907383
23794,0.0025465725857072366
58142,0.22875687058051605
65546,0.0036521952717630357
75673,0.8700360846083351
50991,0.30923501439652484
70341,0.010727924437609474
49408,0.401635885703996
56179,0.002739899888015167
5714,0.08396143695350843
45446,0.6702541129829451
34350,0.0033647632237921053
27533,0.22499593312275326
35548,0.0025465725857072366
57044,0.8472767163663643
55285,0.9446668111964559
38089,0.0007765759905526174
47606,0.0025465725857072366
20160,0.009976600831371207
4836,0.0025465725857072366
27356,0.9402536555161308
33308,0.0025465725857072366
31922,0.00260398662948703
61530,0.0025465725857072366
46428,0.8924505563903663
9338,0.004018522390349722
29704,0.004613242901473086
66204,0.0025465725857072366
23960,0.0025465725857072366
21448,0.8811219332759511
11024,0.8296476877105468
10976,0.004018522390349722
7115,0.8445238836123066
24505,0.33205205601545895
41431,0.009976600831371207
19088,0.9041930739039339
68867,0.06655318772241889
52737,0.929784439332502
52639,0.011082210425487255
38414,0.29712954540212017
52529,0.425315757709376
17641,0.004018522390349722
71727,0.004018522390349722
13844,0.0025465725857072366
30355,0.005087437644961566
21733,0.10313086741559159
76540,0.6367073655105142
61643,0.009976600831371207
20560,0.002739899888015167
34621,0.30117233034004404
22701,0.7959446656276286
36396,0.034078550974768654
67642,0.1932518800054886
33592,0.9049022278197503
23961,0.11226726713765686
28017,0.01140168437913982
66041,0.01056251707634337
61630,0.01056251707634337
39299,0.12626140149248036
52225,0.36928034899663253
42919,0.0006320693177080465
42345,0.7350130072912805
25471,0.07066192925159862
13117,0.01056251707634337
57800,0.3196669074572252
55772,0.9136811931988602
30356,0.02875054398686474
3710,0.051613921562148966
78944,0.3718402847752478
4749,0.01140168437913982
44483,0.4732608669603617
15486,0.8564678660923847
55130,0.6964799609685192
25290,0.34759284926506057
26791,0.1224860667460871
72125,0.01056251707634337
34579,0.2514013057970562
19871,0.28905157542389104
35910,0.42193427248178506
1325,0.2844963860998723
37081,0.898818145928813
40263,0.05877196678903188
57855,0.6173073015469372
26433,0.06860160980101764
42349,0.01056251707634337
13808,0.07345161765679929
28296,0.29239025273213115
26963,0.9244093846573282
54694,0.7757971149202596
19066,0.2938474762926026
62857,0.00039800179919421774
39082,0.44546580764930616
50344,0.7374364935208185
46733,0.010397470389826776
21678,0.9078597325485368
1543,0.337387774199799
44262,0.7334740453567142
77053,0.8815981242444375
72593,0.9487494621322354
23626,0.8553552714593813
48137,0.250583788668271
72268,0.017344123814835178
6802,0.28662017641922904
74461,0.01140168437913982
38103,0.5904903455283781
23715,0.01056251707634337
9349,0.03524908916727654
11175,0.804219156061318
21690,0.9487494621322354
21546,0.01011957569036965
1063,0.1709157180618379
27193,0.7639923070289865
66704,0.8515609271257709
60567,0.04652380379367262
11131,0.548926062897448
8336,0.1449374473487963
5487,0.0007616026428632589
60922,0.014126488565032257
54099,0.01056251707634337
32308,0.6389523854925989
64896,0.5462722349439262
51935,0.007947368214490536
59164,0.5342688858642416
35271,0.01056251707634337
69897,0.21847858634787715
36940,0.9177567452618137
24467,0.04652380379367262
72937,0.01056251707634337
63933,0.7717748433465359
16780,0.01056251707634337
47281,0.2599837046609246
39955,0.5211300154980151
66235,0.7840810520111486
50518,0.00859066989641547
729,0.05877196678903188
46960,0.05877196678903188
41556,0.01056251707634337
14398,0.01056251707634337
55070,0.70332289633591
21353,0.9281957337623647
68451,0.7649550650378546
43287,0.6844524435813197
71181,0.4610733809677055
20151,0.011583052297196748
36209,0.9426022851931328
44812,0.01056251707634337
61477,0.3348690114253772
32480,0.5323217188163384
7358,0.2544789480549646
59032,0.45736744131977075
34912,0.39187901732698993
65511,0.02100205507344693
70641,0.3138562992078364
37842,0.827441597557716
17956,0.41239749071642334
47296,0.21154096709021142
35736,0.770223236578887
18889,0.13084676214224603
38757,0.2639730714295233
44426,0.553541673840256
60693,0.40390082179962783
33497,0.7601064311965684
7544,0.007068952214870349
413,0.050603166465104314
11339,0.04170186454208046
26093,0.030505221247770328
38514,0.17143461142406613
3268,0.39032292552977677
20359,0.015804029682139772
57459,0.845769145023431
65954,0.4071340870336524
76798,0.2243128900479199
75354,0.9260684436498585
15306,0.7035228590232263
25352,0.35162326075195793
27351,0.34170692007229775
12162,0.3605880106465842
3374,0.6152400135116575
38495,0.2610903898169447
20765,0.6631247347380232
69450,0.04691981011534526
38305,0.33856051885041766
70589,0.19467102967058703
4001,0.5542748946260632
35196,0.3962569692194208
11939,0.010856980887890694
72370,0.2607404013915225
59276,0.06356392715535221
18072,0.290186968601289
66388,0.007320498889476505
60891,0.5512384852554185
49116,0.06325791910113714
30978,0.14832637521505318
57680,0.007617797453174939
51992,0.12994980932358324
27664,0.3193616339129288
4612,0.7601064311965684
16365,0.021646788548740716
9541,0.327622629460154
41976,0.05146517567784292
60161,0.3260471096878976
9824,0.06002782121775507
23290,0.39520545664722206
65418,0.7497652796048083
40159,0.32957279883751506
68386,0.00027765991307823263
23050,0.7334081099371133
26647,0.07691230469472526
59102,0.12322987984772016
56574,0.05420664278360834
62753,0.06684259175914677
35248,0.028819587838393362
43920,0.8307086891127672
29125,0.00034381155921170707
60404,0.1118848484667964
78782,0.1912219846377711
51294,0.2610438289589727
78833,0.21756938508087378
44079,0.042701388891966265
54341,0.4590845164248452
9436,0.4152186573133805
61390,0.08925674015863058
72790,0.312986984854194
13285,0.7699334940794683
69043,0.3158215889672551
67216,0.25613736977330026
73667,0.22550103039422226
59639,0.3214129664261456
16965,0.043407368186145524
9663,0.027585238307497584
29376,0.3709558296744011
53223,0.23181433764552883
13501,0.2546647830588662
3344,0.1684653650102644
56557,0.8724117168310942
45544,0.010954899279780108
20057,0.730592321289967
5238,0.1829947782456187
7806,0.03390333352558163
46176,0.05195914038388816
16897,0.7376314379503951
66618,0.1680155172653581
74741,0.34810872107977797
1151,0.8552572519245261
51991,0.05236322868333656
5950,0.12911930777037584
8309,0.16283616935912557
32218,0.7910632421901316
25946,0.17141291673801626
28252,0.16865944503519262
73848,0.04599408675935643
17020,0.7619144046482492
73524,0.47272886609207493
72616,0.20094211646524418
39735,0.2966013233728086
69679,0.3214129664261456
32094,0.004426230419296226
56180,0.40183170890541825
58336,0.1839302721819361
66413,0.44429157400952524
54022,0.24711779319454907
48748,0.44249981678353856
3052,0.8151730845729526
19509,0.11780853941118358
68028,0.4436118454489897
15339,0.44249981678353856
53007,0.3335915948846303
70314,0.43662518862027294
31025,0.5052680399044203
56662,0.4436118454489897
55610,0.4436118454489897
22678,0.10112499182550101
50301,0.7921883580051688
49727,0.2870113611849915
52922,0.16182826867186545
10967,0.4019201869695456
78658,0.005719769581509114
32098,0.04550210888217983
13404,0.6649482987157969
55767,0.8471510785029145
76430,0.5112178534115179
70032,0.224323467641116
6656,0.059402991058596734
77576,0.09294927451839631
2369,0.8130954315479066
70317,0.4436118454489897
8717,0.44249981678353856
10648,0.5509942278365697
29593,0.4436118454489897
50994,0.10546443128994339
49690,0.154809150005532
19191,0.23110278548078622
5802,0.8087800267348915
54749,0.041379712083985394
78070,0.7286591580832128
27752,0.44249981678353856
66321,0.44249981678353856
45018,0.3430587001451529
10730,0.44249981678353856
56959,0.07922203541866302
35778,0.4436118454489897
18071,0.24711779319454907
11094,0.3235672807424213
4015,0.2793496909338521
72992,0.44249981678353856
36632,0.5912209474836326
51886,0.3193335629888124
66106,0.2984992722990089
23094,0.794392243739479
32746,0.710772588790936
34585,0.44249981678353856
26642,0.03632041894374897
50337,0.35565654227348653
6103,0.8702771484643206
10493,0.44249981678353856
65727,0.425158731570019
54241,0.4436118454489897
66236,0.4436118454489897
45237,0.09868737261058921
302,0.44249981678353856
3421,0.4436118454489897
18712,0.44249981678353856
33829,0.20542637221680332
63209,0.4436118454489897
32636,0.43773404573034286
47203,0.44249981678353856
43526,0.021145650624816683
36213,0.7579663531921281
43485,0.4523516606828953
18590,0.2716545800311974
56492,0.8603819168521173
73745,0.4436118454489897
56836,0.6510715028534164
45715,0.738666219782957
74544,0.014088431680062888
40765,0.44429157400952524
5601,0.5156722883243042
39791,0.08963811819302903
54046,0.013049913221448923
48405,0.5350535347095058
49378,0.4436118454489897
30747,0.34863797799643087
19739,0.0210166199761057
5896,0.8301402719942104
76214,0.44249981678353856
74291,0.4436118454489897
3437,0.44249981678353856
47334,0.5377768022854712
6894,0.44249981678353856
17430,0.7610862051706541
19831,0.21623206239207235
45526,0.10483510681147921
40819,0.17575477594651365
70092,0.10711012937421947
44065,0.8117384147847773
70272,0.2625080849945815
46215,0.29561528201246157
22400,0.44249981678353856
58872,0.5366564023772531
3988,0.4436118454489897
23329,0.34574934076774766
38468,0.44249981678353856
50109,0.44249981678353856
61136,0.4436118454489897
2870,0.4436118454489897
77506,0.13173744017451167
21358,0.9051767528672499
46976,0.419551803394122
68498,0.5954627137269423
2201,0.9059298372926108
38361,0.12295088490974042
2558,0.8983014354659744
48355,0.0057060895968379394
61268,0.47522180286189347
53352,0.34459102353432436
5540,0.43662518862027294
32712,0.794004276890972
12875,0.44249981678353856
29300,0.45557964926594297
12184,0.5377768022854712
59041,0.27442014490920186
6296,0.44249981678353856
4500,0.7209743601100908
66691,0.4436118454489897
51408,0.02606523772244417
15152,0.05841840149927292
42643,0.44249981678353856
7401,0.7193010634276842
43017,0.19235121671041228
72695,0.0004526703450438017
61435,0.44249981678353856
29856,0.998925411298401
20933,0.019906516113216786
31617,0.1579889385022416
2050,0.29437389633955435
77372,0.415199096788703
16372,0.18273242900637962
46844,0.28944312674074696
16647,0.753179751036938
30307,0.46208000186949455
60714,0.0155140180973864
21919,0.05235343681112978
47255,0.303891970047898
39385,0.4117427471918934
73657,0.0644632076225933
8156,0.40850262614260635
1803,0.43148008294474127
37505,0.16954457720440946
11112,0.8883452072999943
71296,0.7205001062045746
8681,0.8259693419820876
67271,0.38082743115896023
2912,0.3559947520986366
11412,0.00045313558083600854
34755,0.01970749007271257
72083,0.1141139881872069
56251,0.8493009304954672
2812,0.18805481301211738
49812,0.7834677123632441
15709,0.694000873451186
51664,0.2906029128629192
42108,0.998925411298401
25185,0.3096113116398957
22672,0.998925411298401
34699,0.45351586010697154
65734,0.998925411298401
52084,0.06159573327293068
67864,0.998925411298401
37158,0.0076724128285604815
25343,0.7651914628323855
12689,0.07906826603562783
52663,0.15400156091960238
70468,0.998925411298401
63735,0.34462047863153245
26310,0.3445711847465618
50860,0.5544250205295111
46718,0.14942912316916823
55681,0.03573617802221968
7393,0.998938112142243
38624,0.5147090923689177
855,0.44459192236827344
26737,0.5529871945164844
67173,0.020652954627308803
23665,0.997619232160032
65319,0.3032634811374498
52734,0.8029816265035771
62004,0.8641853023806944
39354,0.3802121076308024
46577,0.3111690022490666
51006,0.3571983881223321
54385,0.28864416307076074
68841,0.12256044374508189
61088,0.998925411298401
73531,0.34781468703834933
34767,0.049634292117711365
66200,0.39919002737720194
13546,0.8721236999537658
3749,0.04407402095220722
5531,0.06988321346244972
21960,0.2634227296111304
58054,0.500400643473284
9475,0.33616634757008607
55017,0.32615056446031615
6777,0.4619888366007678
61374,0.31717222306460185
66843,0.998925411298401
30081,0.26372536798997354
23777,0.4805183838067976
44263,0.9022887555267604
21977,0.009211377929658836
15708,0.7504503400052717
75767,0.25529957089201416
26106,0.07545033983916993
18048,0.1252652390181331
21835,0.259465204709759
42942,0.3191105733240748
48926,0.5987868177450497
25940,0.0810535802820081
69164,0.017484670716282687
2694,0.3897951550605702
49081,0.7667607753164083
42558,0.41064222022436775
64045,0.03501135932806241
43586,0.0620383191814078
22300,0.07382860450203413
75451,0.22858248008150064
62624,0.6701373676490666
55821,0.08890282997049162
33828,0.34523327112160557
67215,0.22351376864799902
56045,0.4595924805317834
71911,0.41047813908523095
18142,0.07024059344983861
54269,0.01874644168867348
50016,0.2776070429205969
50637,0.9326454253293639
23420,0.26336388984859394
207,0.14982831620528483
6911,0.025922519541891526
52993,0.762180950116951
27267,0.015399568728432516
8111,0.4026791116887811
70593,0.005325310652249982
24539,0.9281210202298604
10966,0.023209568822535064
63336,0.32062114604891206
77374,0.4427241615819411
35223,0.004109102943652273
52257,0.10120734687872619
78604,0.35607567450974725
30536,0.866022240728007
8393,0.7164550403394063
22663,0.009989225029818073
52252,0.6845496682157949
64506,0.7661499028489354
26855,0.3119979684564613
3562,0.07662051521793888
38661,0.47080235035587814
12667,0.19814159167207473
61859,0.020875554130435136
13987,0.21233646073272297
33160,0.05799478647479222
39505,0.8858646912266609
5259,0.7820844586336161
48191,0.12810093704412517
2696,0.16365067680634754
67564,0.18648174788740418
62593,0.5074934711111472
2569,0.42461790964677537
40775,0.31862114279539044
48985,0.9104665283128113
61229,0.06728837398186281
51215,0.015310364243594122
38045,0.4338958981778482
8572,0.2746576359981915
39100,0.05554639224864989
63705,0.3709124601133222
12186,0.4711701280745063
9269,0.24196500437072607
74066,0.019700979325047784
24301,0.04301766075931007
23248,0.7239702085609651
55592,0.20797296536039295
1017,0.9082284918617473
40398,0.4748758559429904
11535,0.3392862284565473
32607,0.156851567073497
37066,0.41018211607106986
65698,0.5032257665946072
71212,0.10929919137237197
72410,0.17736796163951407
45759,0.044501602854293276
9693,0.027586859443595985
40758,0.004840154537880064
52996,0.022257088647519352
78954,0.379258162979062
77190,0.5032257665946072
66558,0.022763808825538072
19458,0.4863479466127923
69480,0.3392862284565473
67122,0.829665500339498
35921,0.32543197712652194
17160,0.644601720002192
48556,0.5884732488621046
23484,0.03669965731943844
68149,0.008783645631666611
23898,0.2662721009261698
76553,0.02583963598277731
43002,0.003027371079770689
73970,0.017792433690120724
8793,0.7515864932063469
10628,0.8547523778282718
41607,0.4705400717203627
3891,0.43092459178121106
69093,0.02583963598277731
11395,0.6645451445159856
31552,0.3989689291486149
66804,0.4705400717203627
56887,0.009783953289746364
67436,0.00011877861742645336
35774,0.32543197712652194
65726,0.14796970292885683
59151,0.9301077289581386
2748,0.5657759620297748
18432,0.009783953289746364
25659,0.3470425623792427
71933,0.01892507447644466
28694,0.019089974487045105
53708,0.3449221003968928
5312,0.08054207764309419
67970,0.10810874432418113
64926,0.31366899465935943
62956,0.2886340668339777
59736,0.15127536707427158
770,0.09079278202207662
64821,0.3047975182070341
67222,0.2696597188512381
41091,0.004866442963308563
16024,0.24166573228990237
60264,0.8504670872503362
44132,0.5089221457603786
37195,0.8262910348404654
6266,0.012196734935893835
54887,0.0007486854532845515
76821,0.34281448992021585
861,0.8813687800505969
15796,0.8947946726417837
