Client_ID,Drop_Probability
62246,0.17816616853511763
43031,0.9992526995262943
26571,0.12288767421096107
77694,0.9993523580780366
22185,0.15174128320757138
54569,0.7975155160303268
64162,0.9992213137314946
48916,0.1614377959513119
48449,0.9990690517665196
9730,0.9991433430453909
72740,0.9994074148533887
67763,0.08967050632075778
14162,0.0019379008948420577
62420,0.9993461027638837
45538,0.9993491757418598
41582,0.99922961278685
9711,0.002653271199107596
68191,0.9123024172874968
63707,0.9993061318547973
70110,0.8615567408746917
61360,0.9732439535519266
45414,0.6451074482705063
19196,0.9993569433275
38018,0.9922035622629765
19267,0.9993569433275
24360,0.07815114650996047
29947,0.13037671457389988
23372,0.9482950973901836
8827,0.9994074148533887
10940,0.9991841100861236
48471,0.67329245237861
55952,0.9992579898259054
4683,0.7895532244009038
17971,0.9993491757418598
29467,0.9993523580780366
27127,0.5069468139924318
46771,0.9994074148533887
44304,0.9994074148533887
28396,0.9992975602647415
18507,0.9993569433275
60582,0.9989879639670823
33428,0.9992971319640276
24512,0.9624063647600829
47288,0.7692331717404975
59143,0.08207809115197327
37330,0.999182898737882
30609,0.005513791280200912
5831,0.8108290007594536
58999,0.9872860857538475
32587,0.2525359589678585
6508,0.0009824871851427154
38554,0.05240543122494701
16501,0.27316111608480104
76617,0.9994800300881651
67746,0.8053781160529484
76894,0.999187706005844
40857,0.2979181875215523
66713,0.3174972366576465
22218,0.19557485874692643
52088,0.8468070716409648
42140,0.17636753045516668
9884,0.07224146159876796
63661,0.999182898737882
61293,0.061683227057610514
54588,0.2171117108379529
43168,0.7133029480048865
46053,0.999187706005844
46391,0.3881332516352198
55579,0.30619127840836163
53097,0.15562612795989988
38550,0.17179006228837984
53327,0.09039052861390327
58081,0.6734104086391115
41042,0.999187706005844
31836,0.7541300165297384
61073,0.8788921392441473
29413,0.7784575592104973
68292,0.3988849782767308
75410,0.11226960640685159
41411,0.2750938841830913
25646,0.999187706005844
2067,0.9991662533994085
62337,0.3189600230423513
34391,0.04351141765322461
1072,0.9992252776254898
7077,0.1814592305965388
23732,0.45261836257865906
74107,0.362150714562558
68251,0.6757880931114566
30494,0.08065579852105602
34489,0.29357167753703556
257,0.14063029674298738
42355,0.051137397673655514
74377,0.2209983004067303
42802,0.18833538973057387
15494,0.16768793900898496
21625,0.2220209396170324
8698,0.04615111855073683
59186,0.8098891974473021
9959,0.7373235233910911
50390,0.9104598238917053
23829,0.9290200445836199
21615,0.9990904343396543
51307,0.9991819150149073
20882,0.9991730305791379
51281,0.29851900940405185
19845,0.2086491234853439
69383,0.06922728835525022
3879,0.030429665443763493
37749,0.9991730305791379
24618,0.646194062136337
45567,0.9866793975899107
63068,0.9991647048219008
29785,0.7461205947231305
49892,0.6232857427499511
44569,0.12463111336019198
62093,0.9991730305791379
71650,0.5615984570260238
49484,0.7486214860600304
51731,0.7280301153767796
77286,0.5326810404881323
35392,0.999182898737882
60819,0.5053470960945634
61156,0.1370767292824015
16250,0.20117859750252096
63475,0.30836916999308817
17508,0.043206336946263066
53671,0.040605697469204706
13769,0.13807460987863823
42733,0.8871596374635479
35338,0.14889029875705495
2224,0.8543549933050715
12902,0.06367175272613267
71619,0.9963130402781436
31283,0.8359784368382245
80,0.999182898737882
5444,0.16339386081889165
67950,0.5154132425593098
72721,0.9476362420656534
10778,0.9252530879402325
26409,0.999182898737882
4627,0.7729509186625878
34248,0.9991844324578435
49250,0.1683290527224952
49051,0.16346532188550134
64320,0.6593371411040452
69326,0.03264748233985816
52958,0.7757620176892374
34711,0.9991597615442278
55189,0.999182898737882
16084,0.0881123936844101
3373,0.901344927746186
49243,0.9990562775594719
68607,0.9991574810598353
28708,0.03776951767930062
11986,0.8767895652185386
26598,0.08580382996012129
31276,0.08426613732266791
423,0.99905552445334
55414,0.8129502820892152
23612,0.9866793975899107
20763,0.988527010645188
45310,0.07781894985135505
35746,0.04271303499619724
51266,0.24483659900714372
71283,0.1715385526626349
74509,0.7457630008899685
58050,0.9990974138613317
6304,0.7060370967818761
47428,0.9991770735032881
51195,0.14557604371390082
64303,0.8217932673287586
20329,0.29762098663259945
45303,0.17416243603277226
26808,0.1429338380243753
68491,0.9992669174537129
21699,0.9991444905589046
1152,0.07218233129792312
43919,0.808905099335208
1557,0.26685039049933523
70186,0.999182898737882
22098,0.1692267175560321
65252,0.008942634179303558
73057,0.12605676490917048
11441,0.21671798502722817
61017,0.6839633023087026
33540,0.04227897050271804
61833,0.007696430095509945
59911,0.999182898737882
61685,0.5969222201564499
9279,0.7898160110136174
19378,0.07515105934203652
15077,0.3291766979207536
74903,0.21676130158910392
4167,0.999182898737882
46409,0.016456600300169145
26579,0.8601836810632116
77230,0.8815198045513071
40694,0.16822949057340994
16787,0.00551504571260998
41774,0.35698177226840777
66493,0.6675311937609002
42239,0.008002071615191935
7646,0.010087510299546784
29356,0.6879682434924284
64566,0.3560321896188521
15536,0.0021888893400808435
70808,0.04640175714052717
23118,0.09586934860693815
27974,0.577536491315034
56306,0.0025382841594143567
21459,0.6673804179535129
59184,0.292108061089486
65753,0.23070891187235995
58435,0.2868233556928088
63298,0.9276215854663746
9298,0.3466644002115869
71045,0.17563288646758793
74513,0.8785119392360845
16025,0.7582529692429909
46197,0.8182520673614003
28669,0.2922179865476464
48193,0.8881439426391325
58136,0.10159140938221796
24266,0.7314707174825846
69385,0.868453248849829
5273,0.10716939409686184
44540,0.847581597709755
22943,0.3792388889568853
41165,0.5497859934342756
42827,0.7223403870290126
47278,0.002203734443265973
38912,0.025615927896319442
50780,0.6765419925198563
39586,0.19114050512967012
38617,0.2764093541019479
74372,0.023838781528797724
46736,0.09777811221889747
12940,0.19891710578043098
30946,0.0863412024073802
48018,0.7673638129820024
28689,0.12959895650154757
54680,0.2085998512000515
10863,0.10878406394932955
69655,0.29895398616429675
3406,0.19847020631552625
59631,0.002190811439614545
44899,0.810129516668352
13182,0.7177795181389903
25413,0.07186503334167076
50723,0.0021888893400808435
13043,0.7782073829427975
65897,0.4479977967942335
59816,0.17592511390253648
32609,0.2654688374739405
44692,0.7223403870290126
74176,0.7060949998463599
15008,0.058491086486917095
11915,0.34369723051517936
24183,0.24467398478222518
7750,0.7676694380454127
13415,0.2458327791486006
36882,0.41748757273220394
74398,0.036494727174560274
72040,0.11872411420898442
16544,0.7680263811697609
43499,0.8450656001908999
2471,0.23509149750494757
7164,0.8383891594432306
8220,0.2599957684495053
50919,0.36279399892007924
69809,0.1833871801869224
63532,0.012672680704334477
41909,0.718126435204545
52634,0.48616009128139676
63210,0.1790478317354148
59535,0.12717691606509027
50510,0.8567373114204525
56978,0.8701131221866554
65711,0.19370874986970338
7015,0.6943605163330641
8952,0.1292562843604597
4744,0.8484795885348697
62496,0.006963967676652115
7102,0.10277977307400354
13510,0.13949801896577835
26105,0.3317563260536564
36123,0.06964843154628719
44677,0.2549887795658875
17706,0.14282148091128058
10962,0.6879682434924284
71602,0.3563451946409079
51885,0.1857671956495136
59465,0.003528014980346566
21182,0.130980765260999
36254,0.7983542713426683
67060,0.38671010182124094
51058,0.15263875779988176
36776,0.010413815928277417
51291,0.07193858495001478
64408,0.10102633286405749
73300,0.26643354901218796
9326,0.10507041204976594
25494,0.22559944699806672
75910,0.6266187296283747
33685,0.23546240933488397
18056,0.72541912930976
12877,0.8624475982133222
43983,0.13338221158955219
11865,0.13866631055274498
24296,0.0021865022047697098
46486,0.156109855237917
20106,0.3657389460164506
40377,0.32400347826673637
59182,0.8759733293502251
22031,0.9414207096082993
68825,0.23941059139990992
12524,0.9438187791755039
59021,0.7711626162843372
39178,0.0012651553961954942
25973,0.49439061080868896
13810,0.303052662237823
35547,0.1731716984371925
4155,0.15700333366457314
17220,0.2749618289101523
3899,0.33846555076568796
19522,0.044715378126132695
10053,0.01835474667866093
26316,0.6883048118878621
66243,0.9401882221256397
72171,0.05636180634479714
39413,0.4101196990810216
57267,0.8507570750299817
24233,0.0024687207488725553
41946,0.08051708495618999
16709,0.0072228865671868335
43131,0.46975835402627797
22779,0.0026797742046244352
59637,0.22733680009638862
59641,0.11394121824084531
69619,0.004790553101287832
51493,0.22278366024775212
24838,0.35997495851038946
22837,0.7515886135003468
16129,0.5819125300459502
4193,0.7687664493707871
79116,0.20194657709884348
54436,0.23064778273230668
47854,0.1739344778989179
50458,0.12841263696948182
21973,0.06344109620406058
892,0.7779194666995977
61025,0.8353275385344952
26803,0.17965023912190597
9516,0.8563683728695248
11302,0.6035430351566293
70788,0.07456116652198963
42321,0.001805301708557577
78729,0.01799518631055439
20578,0.3282465428421834
42489,0.17029305708148781
42988,0.7223403870290126
64333,0.05624258587712416
17217,0.0014244070842671392
64990,0.15896141755073187
13604,0.005790365668772437
16772,0.1102235207895612
57372,0.0015095839282862967
25615,0.0021888893400808435
67076,0.29171225810083135
1359,0.2713686148557927
5132,0.38521791191467747
76313,0.2953968582328191
56745,0.725364589644415
62759,0.2039619190943917
43752,0.14387728930681393
72511,0.0007497257819911531
51601,0.21228545899413032
58186,0.3223380273142205
41353,0.1251245017042189
71836,0.11172702251272275
73352,0.002176053200316291
28141,0.44791179804528386
40076,0.3868489636328931
62625,0.01627557772658544
38848,0.12021087283262513
75614,0.9620271573611454
37575,0.8523256824094138
21079,0.01500057146477439
20831,0.8358145850198528
59170,0.7223403870290126
450,0.18827700745032752
5365,0.01349169703312005
36672,0.007140846561105683
38363,0.04065008643688045
18858,0.0014102894126465995
4540,0.07062348378127208
46388,0.15491272023089214
74652,0.009595988037968604
59835,0.8071511986537514
19473,0.059780484745373313
51116,0.11946433737266034
4859,0.9963897204808437
70353,0.9992831284370458
16714,0.0008411221183977721
20330,0.24646593374464915
68510,0.9995670309593618
43026,0.26846032100595757
41250,0.9995670309593618
64364,0.10102485756937751
3377,0.01030905622503421
9637,0.8474253260948454
14235,0.16792465821578928
34141,0.15628533478371168
31942,0.28659384197042803
2754,0.0005989933813952564
28951,0.1241448497484393
7057,0.4502224639221845
70486,0.21758904402501728
45583,0.5611820027079584
48314,0.15353659367889222
36104,0.9992649883106903
78854,0.034808025612817754
26898,0.9995652730362824
37225,0.8800941346769129
11135,0.999241873060789
37378,0.7987419372463227
58916,0.1593523492425632
19898,0.0833530120069774
33501,0.09731059450608491
1911,0.4199537032490955
52653,0.1457303207390844
19632,0.04429352057381811
39912,0.031059368466238798
57850,0.17134342365919178
15078,0.8758004702197018
19824,0.1418350536555914
12029,0.16102842986937532
58392,0.5964483236093842
66617,0.8758004702197018
1664,0.37771910447467066
76395,0.7860801278746685
52436,0.3570694239623097
34818,0.04713654158858474
24370,0.39858396552401865
65691,0.9992177314259542
40365,0.8689780268551026
76438,0.4539818023307889
14298,0.0086321856805095
46043,0.3523289233119153
11378,0.5403188573021158
47200,0.45131502610246893
64609,0.14651450474011427
7736,0.49807218771167605
61202,0.6943733939203395
24199,0.999563549880307
41733,0.536647180014946
60820,0.06378205262826975
70913,0.1832221511390521
28793,0.9992831284370458
41743,0.9995644316002632
3743,0.9992963134278706
72663,0.7798826937462623
74964,0.9995436636764963
12085,0.20859766010505354
75245,0.3107386951189023
35675,0.5778260167448783
6093,0.31467974703437185
72981,0.2715556001608537
21662,0.6133079295965622
68444,0.050938386760329434
39762,0.9992933334493821
70340,0.5793567652639189
29136,0.05749992395784761
21553,0.30118500289201783
59232,0.07685307195902905
39266,0.9991981948036367
3091,0.9995994910198372
56589,0.6803071728369661
43203,0.4746843225979838
78948,0.15633208463744702
71730,0.048314003242242325
60588,0.24687597464683347
74838,0.9992963134278706
48905,0.29504094076696985
44841,0.5978328380716771
72997,0.30655125660215005
20710,0.9989956300464384
32585,0.9992831284370458
2507,0.6897018985483516
17605,0.5629550512883383
49670,0.6935972609441615
18090,0.281048477238746
60201,0.16438629008562178
15197,0.8514010152773457
58480,0.32444399870434215
21816,0.823913821038608
15437,0.8094103650812338
62586,0.16558168553516314
25053,0.2656107448803764
77541,0.2953234452983218
24257,0.9992831284370458
21905,0.031286381546135056
20968,0.24925150511748967
63123,0.9993225420706374
72092,0.9992877834494205
77672,0.945725426292997
5711,0.18382303258360647
58824,0.4236351509953207
44886,0.7932384258235772
7016,0.4189798731024277
56626,0.022845463465326975
71991,0.22828464846913588
11305,0.6505364705999822
13563,0.9994179954118099
60483,0.40198932969768253
52646,0.47621816351388746
34083,0.14548230301718387
10026,0.6420034289014098
77195,0.04277485178723957
76904,0.05208390740385931
68424,0.1254015374672147
35546,0.822083323810367
1113,0.13461622622855424
46027,0.8908797840121533
37673,0.9995994910198372
16938,0.9993320929775703
5113,0.3696438398065145
68515,0.9991626563861693
64495,0.9996501571064912
2093,0.8686737107133836
68210,0.21965805297967073
10487,0.8464423658261462
9353,0.5199292946467694
2946,0.13915084743813785
9459,0.9393889222834704
59000,0.050842697572093684
52570,0.11897094213101607
77764,0.29976452367932327
11329,0.9994139570372141
30212,0.01881276339555507
35925,0.5446514754746498
17008,0.4994342459472525
42197,0.22683912235495787
32384,0.031059368466238798
57468,0.9434979697092352
16637,0.44949294490957886
14549,0.17854503198150856
54244,0.19736632541322705
63806,0.36609835502066596
72239,0.030476047846896937
27869,0.5250368873616679
18370,0.05005356476090804
37598,0.5691423730900395
69706,0.2655859565356032
74891,0.1364665484601226
62766,0.9992831284370458
42806,0.5414668343817107
38063,0.45116209755834036
13424,0.37003571617443637
70566,0.22336936907926708
49265,0.999319776050909
29270,0.1880409264982919
64319,0.9992800926628596
34104,0.24195561752041325
9369,0.11444191831946322
2873,0.9988232246621143
67235,0.1985903713946047
66330,0.028262282360411013
78941,0.9995994910198372
57936,0.005697796333015776
55928,0.9992831284370458
36215,0.9501941696906689
21815,0.9995994910198372
52081,0.9994139570372141
75839,0.8819442877232736
40317,0.8682330505281352
75815,0.15702649826147813
53050,0.8251493811880567
6350,0.1425576876516724
26330,0.4486179977103973
8567,0.2998985242466733
18816,0.21827087984779026
16131,0.13130828638151676
25320,0.35963710305599006
21555,0.35017467719820605
58610,0.2556578166931178
62882,0.459853662975424
67536,0.13107901317903115
74149,0.08604884929540808
42739,0.39279955233559766
67251,0.32865482404631363
25368,0.49774935244783636
14733,0.0023604153555665756
13616,0.4974965778645732
64488,0.054889610302913415
41998,0.128081318820233
21869,0.11497325446017123
33870,0.01551217773181689
20116,0.6521722964116565
19333,0.11432276952668839
45780,0.12632201152024422
4442,0.37587606140206703
19065,0.32680051638947727
60365,0.4836185419449147
13301,0.5600037816914973
19451,0.0057294713864041455
34726,0.2828498916056359
49949,0.04217605573484658
55166,0.7632026392145842
60685,0.25581731428660925
76682,0.172305638471655
11172,0.20891602559893413
39730,0.17329452373860535
6730,0.0514616941567043
72121,0.01733299681992218
48919,0.16773953728476818
67394,0.44177613728339155
62362,0.06621588379841502
54335,0.1450417973381398
22616,0.13376300816503245
20271,0.2390434208108488
52681,0.023336367952424282
70724,0.16103206622038427
71736,0.2597508985412764
52178,0.6479377646821879
1020,0.7418261818751403
40286,0.14281809691042502
78862,0.03895680977079345
29486,0.5805940954754508
2700,0.3234935109201715
52490,0.8564364083988204
22301,0.49674051787495416
41771,0.9186565954071692
5459,0.5627443380721445
49251,0.2100472378643395
14083,0.09093479778061321
33382,0.4025383943285137
36895,0.13193511317529677
35780,0.6203172510553453
47289,0.8853370279977351
32994,0.1462212867339215
38088,0.10786567328516487
35123,0.253487142182653
64350,0.1908303617369591
8302,0.11513179078269481
22792,0.14848961498207086
44297,0.2813949315690114
67075,0.28390108650637935
17887,0.9808332986454414
41912,0.1414334227369781
34738,0.008754166946986634
40678,0.2417724990807157
34295,0.023966267537668187
52956,0.13825890920971529
36367,0.033772341752212914
71409,0.043360865767221826
43830,0.9992666548353706
74393,0.16470518705669968
10322,0.06003422249786311
75692,0.5465570484254684
19179,0.4446430005333358
5984,0.39133288087693296
72442,0.9989141273860495
63816,0.9992812092770215
27016,0.1261859469938111
57332,0.8211850022051215
14727,0.9993975701642993
31579,0.8987938364196884
7414,0.013315951333770814
49745,0.6981608622155294
16144,0.21320855308544648
32880,0.031093815407380827
27261,0.4914406182105675
15286,0.02598729487681183
68178,0.9992666548353706
70701,0.20435415496008683
5381,0.19338818105787495
21864,0.0029792770964145567
58946,0.7956834181180266
78208,0.13274338351346437
36734,0.009610961687654507
55342,0.1305047078266793
29998,0.3945478711563684
19411,0.24376273069824286
39613,0.3591161938908407
65381,0.0033957747118171172
61105,0.18070803939701724
72884,0.7953903117588608
14924,0.6416098621809965
18226,0.9992623144525284
53988,0.9029336896051879
3485,0.9992623144525284
11409,0.009184796623219619
64558,0.0004382203452120804
3416,0.8342289434446553
3240,0.09029820504872726
67371,0.16555799985880865
170,0.1685676116333043
3035,0.3976295158679509
23561,0.03184567489748175
66022,0.8734115339501254
31682,0.7621826214872173
29482,0.16011615542023802
71356,0.7552535618941887
74155,0.43297070047053227
21638,0.11896559818233425
13908,0.29032745747301414
66807,0.9990030527032823
69349,0.03438545560717198
41356,0.8425012205202916
21034,0.005569184276522779
52419,0.003774786185283511
11448,0.11332325627299489
69242,0.6779540667273992
68047,0.15782105489568712
27411,0.0033957747118171172
18840,0.3034448662284934
47260,0.758127152801152
21193,0.0030557836063709533
11146,0.8644985516609343
69149,0.2057229920828815
49290,0.35769962520268905
54282,0.1900612891913215
63176,0.3924486824535788
65545,0.03231183050420819
29852,0.7180025031102408
78754,0.6524957549077616
48529,0.23916465454231328
25359,0.35198798496388367
62338,0.8238878043497485
8710,0.8683552061615404
70976,0.5983594816147711
60084,0.004998797649614678
48123,0.08009663136610473
45218,0.45665291128152036
28914,0.3102370379956323
75541,0.05906932679138506
66592,0.19451354164446866
9484,0.7576299305317356
32048,0.26196867582384314
22569,0.00908272019736966
7049,0.2358284617425358
25689,0.03786391003067677
9755,0.17356772566483744
14938,0.9992570549632235
38228,0.9992666548353706
20237,0.18330190631365523
50190,0.08294232934821293
76833,0.20584427131165892
18078,0.6565344975798052
72927,0.9696020757806518
5172,0.7453779178818392
43879,0.25176758692322043
48111,0.9014015610384383
62682,0.9992544303591377
44871,0.032809630538212786
11009,0.10115521707545762
30886,0.17033689095549692
18033,0.30036823175974803
58749,0.874267499537353
36791,0.31601401708712973
39633,0.9993124541616475
67887,0.10556960276692305
7875,0.06427446417944074
19075,0.9992666548353706
47569,0.8134314122852716
78866,0.007433368612007095
42511,0.09245513362096494
17652,0.06793027051319409
39696,0.07006424228018057
793,0.17633794015527335
25665,0.6625515608047028
48966,0.1938021600566754
70234,0.8908314220786615
6828,0.05633172925486699
62959,0.5946707451258259
27072,0.9992623144525284
24358,0.2624001422338591
76947,0.364948030308991
56523,0.9992623144525284
33515,0.24635514724545662
1934,0.4452409752911589
50607,0.14305795348417952
27278,0.7784033451837488
55334,0.9992623144525284
48348,0.13900500707082242
50947,0.22608077492613657
17585,0.2309233208045956
3670,0.1880089064369385
1334,0.9992803471182803
1245,0.9992623144525284
31237,0.044236264864431774
47997,0.5907127967933848
51437,0.8264417678765762
48282,0.021995121068355362
57256,0.12108295418237466
1777,0.9992577974503928
77589,0.9992623144525284
4630,0.9992666548353706
24894,0.16363829263352975
56870,0.9992623144525284
25294,0.30109058947894957
26668,0.029522843676066196
59205,0.006705437306200826
58445,0.8663378493504748
70690,0.9991488118708971
45331,0.9775340733132156
29859,0.056226840023434546
23685,0.8159210065548418
67488,0.06938137470249053
48056,0.053865837214783836
58525,0.07310555668879058
33150,0.08143296376323018
63545,0.10366675703042763
7320,0.29523980133492367
70267,0.17199001215586232
18547,0.8088124540671161
9869,0.7313384198559288
77533,0.09967514180210804
60023,0.3528144067640168
478,0.23358245207443146
13458,0.12934397023187982
58381,0.11575566246316542
48234,0.25451243986440847
9820,0.05738749361076737
61378,0.12036443452476232
1311,0.10283873136602313
16058,0.08800156596083036
65377,0.006561763713599864
28015,0.020234330655901977
79070,0.12458919486753516
24000,0.2284076879181904
50421,0.09226955150755024
3825,0.22142347591267572
49978,0.014286665822993054
34355,0.06865516478925941
8199,0.007625367852273845
8040,0.1536265474283142
51896,0.10422411046905744
57334,0.045850810630050635
21616,0.08853168394867819
49593,0.3478854467981755
70204,0.12448083312466621
26639,0.051046914075954034
74386,0.8403643882331809
77652,0.14472231929634088
77562,0.0004392934656406415
30086,0.1587975567404045
37098,0.18194114187350494
72075,0.2230444648110654
3570,0.23978408778317514
63286,0.09627001108108094
39306,0.8788642262207338
5414,0.6524305750634071
9951,0.2585862688304182
51217,0.15203424119276737
65273,0.11192235011669142
22700,0.8103262210407679
11076,0.03356446537700385
51683,0.13174805465654918
52175,0.2531438474668091
41560,0.8010496663147783
73866,0.13201099719309464
57136,0.08279584568627553
62039,0.10904468165484524
41984,0.07575679195608329
889,0.056354730891187435
41210,0.3405085035120507
49664,0.19607755624346282
7650,0.26886672778307497
43902,0.6379168389149598
63412,0.14634104728454883
73686,0.1534810506518058
58011,0.005574903061576044
39422,0.1205638529235598
71424,0.14877282915531656
50310,0.04233100083113546
47681,0.08092281686035466
50317,0.4021287546145184
56423,0.09731363185050146
54088,0.10924473651025197
77011,0.08993169693162509
49259,0.5383129757304739
7552,0.7688067854480783
76993,0.02568682824548159
39917,0.2938241122809074
76077,0.11118713275708444
50630,0.8758607264965306
37444,0.5047149849121415
50934,0.02183212718616336
28897,0.01128542856574269
26527,0.002865993853120187
31301,0.15131555273296077
12418,0.3837275340288224
76152,0.20585220259113277
35806,0.014676860180210185
3144,0.0021558962963012436
50394,0.0021971708147656014
76179,0.0040822396622415
3326,0.03237735908131834
66342,0.8337517761561689
41623,0.19450993098439182
6284,0.4075201691155241
10007,0.1392190796593016
21656,0.0007310550753204046
62610,0.1941865565944774
48847,0.0597075976915942
18066,0.11378388703806572
15668,0.0015834898661962475
34023,0.2324563757462262
59262,0.011182505396807258
19281,0.21342568072042228
33327,0.1748731478621941
40265,0.003198020390702184
19279,0.7392917396200904
77709,0.7486133352483837
64438,0.7524540881587695
75049,0.5590717268142044
31559,0.22050396557041688
1855,0.13699457450829539
50999,0.19188372174289878
36451,0.036877885818421226
40855,0.3043250919994489
64168,0.0017470475240540513
46730,0.054053272427363214
47716,0.697131166748062
23694,0.8761116520238583
27849,0.18566222970157126
20196,0.0038108111100188377
40205,0.16267354112828292
51338,0.1905166482106235
17840,0.03219537194541539
54849,0.26279331774403575
5400,0.9994833663860961
4334,0.9994306472195101
12931,0.017101703917060968
4602,0.22045402899095193
75062,0.9995065867274728
12814,0.805563497931739
23361,0.1242310055507571
24945,0.8328530679630807
41037,0.30168286690815543
50989,0.9980508609168763
18631,0.04069745872007329
76571,0.21480575566350307
59427,0.23563726325323392
47718,0.9187037095227972
46527,0.9994101204790322
65087,0.0014617725057754108
11946,0.7061623021417968
78607,0.9994467737448913
33312,0.1488420293346169
31793,0.9992563474140773
73217,0.8800207018462058
11701,0.9994101204790322
68768,0.9209211858616138
75563,0.048926465092135045
11970,0.9992563474140773
56690,0.058605045036062946
10820,0.402265081961051
69438,0.09269371973247574
69072,0.07879678006175289
47005,0.9992532264626418
16920,0.999173775795172
10608,0.0565241899593917
12456,0.999421472171707
7085,0.37376755603164075
26473,0.04935616735119205
62466,0.6942383225139026
824,0.805563497931739
50365,0.215582213474445
17581,0.05633485131543532
61795,0.1732649238177463
56252,0.1695793326462709
56923,0.2958533832731111
39117,0.13567217965768225
29716,0.15603552425297393
45390,0.09047969790403479
38734,0.2215514582671229
64834,0.040005243682126865
60823,0.9995065867274728
17329,0.17748993787926498
45958,0.08929834161418637
25398,0.16570571366773934
69229,0.15409830320271026
70025,0.9992532264626418
22066,0.9780037603276618
39043,0.7197853885193635
47502,0.036807335262944496
73122,0.12900769296024217
51325,0.0029866634364026073
13488,0.05664901866673541
30030,0.9993738400398616
16783,0.9980103491219378
17662,0.17234194186813953
53596,0.10238058781448739
32090,0.37600115457466493
59539,0.9992607228797139
43258,0.9979985880501464
13004,0.8340086589391005
50823,0.4080864940536431
69828,0.18846892466621878
65690,0.9993541844472856
606,0.6026123325155784
77988,0.006292538199081905
49514,0.14316921971389668
9218,0.39182516076155105
55330,0.16217477604419842
77110,0.9994135917134078
3871,0.9992607228797139
45565,0.34985359613839423
17636,0.40566159292763676
6578,0.999312897156357
75103,0.1082853535847218
44986,0.4484128645420018
65947,0.47983747677408695
1265,0.9986583634424325
62969,0.22233382468142796
29560,0.9995993684242892
3025,0.6412231006032699
39317,0.8131412393574938
11165,0.10468417435556333
20616,0.9902189483173153
32796,0.8626326929239936
62879,0.029128460647250033
12459,0.9994027459539006
25734,0.998029571411553
65790,0.9994135917134078
4367,0.14516060767985198
51858,0.9991810754813042
3477,0.9992532264626418
51674,0.010335872693072371
6377,0.9994101204790322
55168,0.9992563474140773
15000,0.08341504257204277
24356,0.9993040639372518
49613,0.675944844459861
67657,0.26175299069485974
18202,0.1925808249298344
39728,0.16258594366664988
70160,0.12245521259385274
14249,0.29927851106157377
6933,0.9994243045262097
28964,0.9994062605589922
1659,0.05635211421935533
45607,0.31807517479576464
74824,0.26489649706818746
25967,0.9991030302960712
12652,0.9992664112549136
36844,0.2006022655655453
66209,0.24592383490784442
9242,0.19069767074903451
12694,0.9992563474140773
50102,0.324797096822928
19011,0.9992563474140773
19323,0.999374843365722
25064,0.8776942274371908
66125,0.9992563474140773
23101,0.08466430102032604
69159,0.3612651663273637
76341,0.9992563474140773
19630,0.2547327971118323
72911,0.12085540664566309
73256,0.9990815250325581
78210,0.7191906039523414
25042,0.9994062605589922
48217,0.3070581199651946
34063,0.3157601860707964
17537,0.999542350386895
69991,0.3034230329681821
67773,0.2259336419341605
25477,0.0024354129016472313
77219,0.9992553983122564
41352,0.7555078375905826
52766,0.9990474456452607
20288,0.9991390166334891
28937,0.9992553983122564
26548,0.6521926451378321
58187,0.02509606612978605
18519,0.014857329560941632
20740,0.24327967808477677
79232,0.9993058497291064
43008,0.21489831253764202
34962,0.6568475345297405
28468,0.9992493283275073
36325,0.9992317994777254
75019,0.9991726342018287
71267,0.432753145687194
40849,0.1675080386252897
7623,0.05054434377911287
73275,0.3490145687057959
13449,0.9993940133841013
19953,0.9978988080770661
20711,0.9986371000842984
23462,0.9978492519768282
75587,0.9992553983122564
16513,0.11599588862600949
60277,0.9990874609522199
12874,0.9992602332571603
31287,0.7238946130367476
57153,0.9994066670257808
71757,0.19607869448953916
16290,0.9994246486201286
14202,0.04507810989873647
73859,0.23280673381888883
47660,0.9992410704540265
12283,0.9993437664672368
5718,0.9358895266373851
69873,0.02859009824124207
16082,0.10499654845315924
49428,0.14488806199998205
2670,0.9992553983122564
30567,0.11089234675522462
63595,0.00803576738121711
20114,0.9965939633864516
27978,0.05168041739935649
70728,0.9992691719615693
59390,0.9511917609704
77549,0.21047149143338775
43200,0.554155981650826
45460,0.10906127104317007
3135,0.9992272529592023
57430,0.9992272529592023
48944,0.07995949884580844
4839,0.01128588434550749
4371,0.17972949233531313
6126,0.255218659530076
27257,0.9992592184727276
43561,0.012936897950876896
32021,0.09479677670578707
19692,0.9992602332571603
20749,0.30676981831992894
60190,0.16097511313621293
32260,0.33334902836461205
43587,0.9993058497291064
26805,0.9991581484771805
5152,0.2443261450105598
77371,0.9978199999795714
74732,0.004995247267006658
16776,0.2015458606502049
39600,0.20705583086732213
75446,0.9993058497291064
19929,0.264094246474
16203,0.19825420945044064
68222,0.9991096514551828
65427,0.9994011405539917
8470,0.03367295826119498
39866,0.6968010139571386
14782,0.9979798353190019
76942,0.07276946785223885
73015,0.9988646416550624
66938,0.5228214060250912
29076,0.10991657713695886
19572,0.5923470142851679
46659,0.6927771076078342
74812,0.47153186391450963
79087,0.026640777352821478
57703,0.15525929030779975
34953,0.011266950537937007
3488,0.9909373365501943
55098,0.03558630937000607
6733,0.710199059327045
16036,0.9978199999795714
17668,0.03251696288999024
4074,0.22301348471759794
32408,0.0486528024346855
38931,0.9991706205749563
65231,0.9978352151616249
24833,0.08275167717501347
42420,0.9895908044139727
28705,0.9991430260276871
6243,0.1356482096626039
33806,0.9988931488119634
34814,0.12099943570519751
51446,0.6172109901096445
75299,0.3365509662842093
57358,0.07628506370244419
5834,0.1392093431100529
37539,0.11356802604527927
56300,0.8124027525367031
63668,0.03298324684726919
36943,0.6568088204682373
28985,0.9992548341097881
42425,0.003090507239529432
42178,0.9992272529592023
24244,0.9992648464656512
23959,0.9993058497291064
22438,0.7900627451604737
52495,0.9992272529592023
52633,0.9710152373949622
68977,0.9604070771431479
12776,0.07753556882456648
58619,0.8507566439197697
58678,0.8099326143491276
72413,0.9992553983122564
71535,0.7016655689433534
37587,0.9107776245398007
70791,0.9979423748957134
2847,0.38069940737525054
49950,0.9993360750928392
31857,0.9992553983122564
51331,0.9992553983122564
3332,0.4203532000593264
19193,0.0395604941961113
63253,0.9983052848830009
44609,0.9991429126423333
45558,0.9991073456730502
9606,0.018434894506339526
2784,0.18271706287586856
45229,0.8710945947801603
55253,0.1406055088525362
37084,0.9992553983122564
5616,0.22223060251763477
22926,0.9370836071949741
63965,0.14294555129561407
24086,0.9980167678712414
77732,0.001779562794508882
21761,0.999317378499079
51377,0.26740455842136807
48751,0.13922520010398426
40423,0.9992179200485667
29693,0.03498813143330544
52142,0.9993058497291064
25603,0.11624993303425045
52415,0.9992208313884854
58974,0.9992272529592023
43863,0.24852429642728152
48247,0.07602622720430659
72397,0.9991677591326147
37678,0.48219526142119734
79106,0.9992272529592023
64658,0.9994071450550017
38181,0.9991150253078849
68858,0.3821782319262794
76088,0.07770620875302277
48744,0.6888545299813039
47797,0.1731874299791567
44656,0.040340356818653784
48975,0.29785577706681504
58729,0.830131430131283
77808,0.9992553983122564
44340,0.9992272529592023
8599,0.9985790453280798
48426,0.10964372635440862
10929,0.0009546167421669402
40376,0.9991484773714555
26191,0.9992272529592023
60506,0.9992272529592023
20615,0.9992602332571603
61691,0.9780802340817845
72986,0.0955343868552836
7020,0.5443922222547014
2156,0.7684583698800177
61973,0.8623908605652643
15840,0.8147334326075456
48358,0.3018245126865748
46150,0.8302338235990303
2788,0.4058070061454093
53453,0.9989879377352473
64833,0.48158258184701985
55176,0.7256527640466967
46669,0.7256527640466967
15341,0.045841595988611976
59004,0.04352307234578062
69412,0.13700864920884231
6453,0.19075825663032664
32819,0.1205888751042801
38761,0.0007789051619193774
43756,0.93462997059758
31759,0.9993047159597023
1580,0.5577931278532362
23654,0.9993006006880814
19353,0.9993006006880814
32633,0.007539110802337891
14796,0.8509394348120237
20015,0.39501689833928594
15545,0.5022983007396161
9948,0.8141772033749272
25062,0.7781074475778127
17789,0.2643492394149892
50120,0.005652756636145548
29098,0.6945919758734176
54700,0.8083550733827697
20918,0.005319896353745828
56197,0.1637143282352326
19515,0.7939663273279969
40504,0.11132466855121247
42326,0.7520517730084542
10140,0.06910976839207517
30528,0.22861539050291316
11259,0.8050211902935698
43186,0.9993006006880814
18076,0.12326327569469936
60127,0.003349665474777597
29815,0.9993514167880378
28224,0.18451312517756036
78818,0.7040572562022114
63577,0.6919137738580715
54929,0.22873172859124746
72282,0.4353312954680496
73175,0.999396611650168
12123,0.10434258765868548
47151,0.04789945767603077
56148,0.3395415991407955
62168,0.07900902879361552
659,0.10382435902959997
75896,0.2587983326110841
76669,0.18505456082835142
24620,0.0935017198960018
78696,0.8437942250390811
38974,0.8811303218003482
53698,0.44990554385906145
67072,0.3278518468548945
58190,0.8563056872793553
60549,0.6925538889059732
27126,0.007274887147837583
20397,0.6951098165699205
44847,0.014372169410844826
50397,0.9993006006880814
28559,0.07338337479067014
21126,0.014624898438379616
49702,0.6855741259480276
19051,0.15573159554910884
20115,0.9905177720750171
56287,0.005025996045709251
35900,0.12412649761795576
40155,0.9335798611788754
23011,0.8334502226940343
79290,0.6919137738580715
45886,0.8420390107609728
60617,0.22712936818725923
56842,0.9993006006880814
23024,0.7946485341238141
31370,0.885228223124163
60041,0.6613626820925754
47180,0.014021597563152823
75897,0.0047497283005275654
56153,0.05575466497467872
76885,0.4623808959290312
62422,0.19362071738051423
74482,0.11170492507361544
38208,0.7999967040943357
8794,0.26508789053892784
72389,0.45203221902879254
14570,0.0725148785681497
5944,0.9993006006880814
54809,0.7394689484732349
39301,0.10661121718334389
22311,0.08010368869035521
72697,0.09598020214956994
70772,0.2921979533727259
51320,0.7868166867959661
39114,0.2478784425151856
6095,0.6088450475813627
71807,0.004907445789913046
28175,0.111270080073909
18213,0.26503361730360575
15381,0.06646108572402581
43402,0.15457506035704932
33716,0.7861669275836884
32975,0.15567121112652188
65206,0.11593723029098287
21884,0.18441483357600497
76201,0.3364309665275268
71923,0.8418523946267028
39156,0.8807625948603802
31218,0.1132719628334099
47739,0.6925538889059732
43740,0.09404623519080464
2672,0.8407967906108854
8934,0.000437711776203892
57756,0.8334502226940343
39223,0.9993006006880814
4082,0.8436396176679547
38346,0.8388124306221005
49137,0.1351339700872064
52331,0.1620161750976738
68011,0.7686609717958948
32787,0.8739579176878043
44350,0.32718446073571844
54360,0.014356197747410768
75038,0.11901162238615148
74464,0.005717796863076324
32265,0.22471462740027232
47306,0.1436194063796726
78967,0.9538129831565529
56122,0.8438909929142594
8465,0.2531009931138808
3458,0.6919137738580715
10953,0.11283043245993098
22556,0.6925538889059732
25039,0.004904191260240813
52953,0.7902897088338886
72143,0.8487337683209837
45154,0.8296844959041991
30024,0.002927230957936387
3588,0.8451302008608861
56144,0.36257409843526806
75026,0.111823211057418
44066,0.26508789053892784
67010,0.155322512877347
53649,0.15081363643591442
64588,0.7294552140912982
37076,0.7808544714773638
70840,0.0009596385525592601
66808,0.025718033989464935
61727,0.16204717850282607
3371,0.46190984148684205
21804,0.25063500543855066
70529,0.7717290672914354
67640,0.842875987859688
45729,0.5056901866563573
17505,0.7671147262081743
61513,0.8919533046357552
47131,0.32406807732328163
45038,0.4607606895581506
61851,0.020689195723604437
66826,0.06978138303374078
34847,0.2747495674241835
24451,0.1502600447175189
11797,0.2453202511222645
44843,0.9994753986236377
30685,0.5977712181327839
24853,0.07170241302818119
51336,0.7390996573345285
51828,0.730615200899184
35160,0.05383746849234518
59944,0.9989655632167339
35291,0.057844158691735995
14963,0.3898342701524529
17946,0.12446178829121388
40245,0.10305789442869431
58941,0.10980145680668782
19576,0.15615214426661467
69745,0.15336473605840623
11158,0.006986260770052101
36498,0.7837324775152816
3575,0.1322648656843143
48977,0.11705377574615732
9051,0.790964548412468
69775,0.7440403239697083
70713,0.9993099985299705
1223,0.1142939541711974
5903,0.8479983805788851
17766,0.6953461506302401
11231,0.9995638812558392
73832,0.10038621714638918
8767,0.07524828350705066
2155,0.14884529766955398
12547,0.0020661360576307557
45169,0.15308052406271141
7260,0.26157983882123215
34311,0.0016679508337518257
45039,0.002138174373488805
18683,0.2335690333215807
27745,0.9993005249979384
67176,0.21167735521962175
26416,0.1371825104431876
34572,0.9992518689668046
41746,0.9995638812558392
24735,0.9995638812558392
27445,0.9895962339895122
46983,0.8053833053065279
68580,0.999128835645894
41717,0.015722581979808574
16497,0.9991473695707362
13384,0.9995358562140104
21552,0.2750528966168963
49331,0.9995638812558392
38799,0.9995484431127408
70747,0.07364467292958089
39497,0.13763137977881607
30163,0.9990215334515905
64271,0.9995638812558392
19505,0.7618001542869285
52298,0.06914344538890485
38910,0.005007241228299184
5692,0.7490276028588345
26109,0.10705035482254509
26291,0.10333390298251034
12443,0.16004234630465278
27410,0.8481255073981633
206,0.6591336083665899
58179,0.9992518689668046
77520,0.7507542250253266
24643,0.9988751007055603
59316,0.9993311313840577
73024,0.9991399663788498
9984,0.0018158628407528611
50783,0.03031163182905904
66606,0.9991399663788498
60022,0.9995635235493298
3539,0.9995291939515311
60013,0.15194237416181552
40364,0.24628074299431382
54423,0.8364009128209833
58298,0.7881683083845917
959,0.7411052008983937
76434,0.9995638812558392
38470,0.1612707694657207
15924,0.9992185873204631
16690,0.2359156992691248
31446,0.8151506565847035
29370,0.99914083083247
50158,0.23613685254155178
74247,0.1037049040110249
5519,0.0033083174163126405
2601,0.2104399409765545
36652,0.999371193337437
35540,0.0032454489634439992
49262,0.9995667139875682
6801,0.21267065491824236
50160,0.18429043985535715
25623,0.9995638812558392
51424,0.6993280569920828
55158,0.013417513861482046
69101,0.007169949160253719
16763,0.002607234744312333
13318,0.9992346177369213
76589,0.1928909175863316
76044,0.7993671848778076
23759,0.002453087701655704
8110,0.08210628668694382
61701,0.009310548280962462
66562,0.2748126926265239
2340,0.336553241274457
65827,0.005581454673894219
42277,0.9995638812558392
29373,0.8283100178792041
41937,0.7855902655224819
64164,0.991582017336009
50719,0.8485133181362384
64343,0.7881683083845917
12402,0.002062074820575601
68194,0.15697455275250924
616,0.07524828350705066
9333,0.2888765073863598
58982,0.17486172227061436
58651,0.9995638812558392
76135,0.9992671379886278
28795,0.999412813746931
36966,0.04613509182653346
14365,0.8000319611197914
6360,0.9995168696001094
60667,0.29776542507368836
47319,0.9991465220618421
8118,0.054176862105714006
31416,0.8545425651622196
35002,0.8222403540682361
78547,0.40252885554990503
20430,0.9995638812558392
74352,0.004610103598115887
75473,0.2213832049690221
8168,0.9995638812558392
46177,0.060664253650299586
32601,0.07659929101468045
12090,0.0026131704323995595
8067,0.31513028287091416
58740,0.16961240368570013
64199,0.34817300034459936
48155,0.835061437242588
75274,0.11901443851807862
68595,0.0018506775034901398
26241,0.8827784393480338
24438,0.1398246692682123
55219,0.8476046106311426
35789,0.005747887880668588
40801,0.0020522230351095495
54023,0.0020512117123165025
1477,0.8797873895786369
77012,0.15609151106206612
38517,0.6993280569920828
65030,0.9992527199728395
42033,0.06646078969016721
11629,0.02382609310405935
64774,0.22530151117533828
36642,0.15715232613609698
37500,0.002885327036364702
13106,0.8167519418344376
49747,0.0011595159647764882
15163,0.20375676050407884
73885,0.05861376533460857
65434,0.0009796685127176766
51,0.019112087675103768
19985,0.7833476676537894
61839,0.04420991504345553
49409,0.001958790307344766
30741,0.9995638812558392
37781,0.24280288432359967
29380,0.0019378539295642808
50839,0.0020146227537451225
20244,0.9990482010101294
27029,0.0020240654435563594
20783,0.5588372475793303
23798,0.7197302642381221
31450,0.13180544351369733
376,0.8801713396662595
8917,0.059439346684264635
40951,0.9942436895649043
21143,0.21748915808754304
42654,0.04576580922138017
29509,0.9991748331286999
63722,0.9992575722961653
27382,0.9992518689668046
66530,0.2655257514007951
8690,0.7535501771854546
62941,0.651800036698115
65357,0.20955917810266944
78776,0.8214877165335551
75151,0.2324856460217889
20502,0.9992527199728395
21789,0.002104933800983289
9219,0.0019378539295642808
33979,0.007889449008939895
47377,0.9547988740580914
26695,0.9995688454136386
68955,0.0018029446849829123
10978,0.7418188262944654
52351,0.7328588550416569
73631,0.9991300770726349
54407,0.9991352161762076
36993,0.8193189966460267
72488,0.9992402597106791
25100,0.2223653859488811
18259,0.9995870656669475
12632,0.9995667139875682
47028,0.19400301048965762
8316,0.008059803995598825
25824,0.7424307380754385
9013,0.8478114087890948
41541,0.9991399663788498
37597,0.8278414852431715
4261,0.002710706817348677
63411,0.15717594118012362
5028,0.10846739422641527
45853,0.140244676994367
21249,0.01469128494563604
69099,0.9108857691498887
20194,0.34189772222109666
57736,0.2331515048851751
14621,0.1972663723750576
15994,0.0012810898152970343
69286,0.8572707271297423
39220,0.816095708637172
32693,0.8653082944905647
9361,0.17951709287130593
36068,0.9418784526265928
43909,0.07385180093114965
65573,0.1361686154283957
53879,0.6763800829127508
23203,0.17133799530809415
66258,0.4087838652969664
29025,0.07507094393869616
57967,0.1244847335820832
61657,0.010406347776325738
77117,0.0030145033835660847
13647,0.10919699325833548
37761,0.1693706325882169
46020,0.3415249199227255
9158,0.051119816414184595
39879,0.4358081937729878
59304,0.20972771524816405
1224,0.13126908132644868
38238,0.8073653083231795
3626,0.15888899916546737
52078,0.8256590285395204
72946,0.10154633522022426
40881,0.8650709197578714
42554,0.29872993146932225
3361,0.41630580434615894
65712,0.0286560711841644
43502,0.009521868569631501
15366,0.1733883199904743
62727,0.41916215822526104
61272,0.1752734651188774
66685,0.0012486419518403583
51435,0.009123893146703053
27333,0.04509450322735966
17315,0.07252967682959786
23637,0.21118953381209674
23032,0.7235555368667752
16911,0.023882590023823293
11202,0.05939542261195674
55155,0.6588513890069377
54844,0.7903658905630669
50498,0.012855256984619916
16147,0.0424179601364686
63593,0.4358081937729878
14306,0.8246867975351693
983,0.18379487121914376
5024,0.4410190413809221
60887,0.012716809155083093
24931,0.1942659928017991
41496,0.09430901228842375
44747,0.8646185226137159
57688,0.11321888669418081
58690,0.0032777070089686
70502,0.3285248394379392
24508,0.7234078509665169
4753,0.7267343656154088
6834,0.0663877534177256
76984,0.15717594118012362
25283,0.31261248372680134
58997,0.8646185226137159
70441,0.7736194542278276
46111,0.003518702691712453
26041,0.08659268644389585
45417,0.1253211240104386
67425,0.4656193670092951
19948,0.016426136170127156
57860,0.1972663723750576
41029,0.2735865416308083
22057,0.19919036555646774
31677,0.44367998225432353
70213,0.048426374225405244
41164,0.8646185226137159
21850,0.001127304357969977
15232,0.023739521508013874
59279,0.8414029657982661
69626,0.8335522049161808
35185,0.001444814320811235
52509,0.7007205527041785
62003,0.018111071967059182
21243,0.0007565573402510028
50257,0.13516442559654615
75508,0.007578983682574333
64874,0.25109896098988954
59613,0.3275575300842342
415,0.2441336127148642
63695,0.48742412785126155
71610,0.3908478011792648
62343,0.7046442262060546
50318,0.9994978650217068
69109,0.8444841673197014
24134,0.004233304052713258
4672,0.009605382112111928
42798,0.11671619281839331
43579,0.010800554655329404
43739,0.2867702790269795
76868,0.08644067487786927
33283,0.9993426136506933
16434,0.017869471744735382
39979,0.31802925259376874
56318,0.010287155401855857
14243,0.007155279932778988
73511,0.999275249701113
28926,0.04459080239309634
47178,0.713128327860968
78710,0.030293091515765338
74771,0.12721448115879622
63082,0.19465906288683976
68159,0.24940524255057384
23056,0.07876085233637033
71051,0.08855620814001171
67637,0.14220827092276234
9587,0.9574577684440495
8412,0.11078794875447431
33338,0.8975688287252944
14920,0.10572113969643737
49876,0.09584265048381298
2861,0.04328186491448549
23486,0.8178439725059583
64911,0.039373062985284056
29257,0.7776291793695956
37092,0.9990696109062395
12322,0.9992337896008197
27145,0.3558641671420162
16633,0.9992888834636375
45820,0.8270251465979761
38630,0.7865860759768242
39914,0.009627639989648138
68083,0.10009631374118605
45014,0.0013624376742702336
28275,0.01693646229229857
57644,0.212429299782099
11644,0.08433133671336597
46351,0.8716941659108226
65265,0.7036618732331678
71977,0.04377627367209068
42518,0.8726165627420119
9339,0.9992888834636375
60448,0.02520489636882738
67531,0.23534842774666348
77323,0.12795151074161942
19921,0.5853614010286172
239,0.1355017306480166
26246,0.514306139421365
7661,0.9992861621102367
59791,0.14698177815718907
73671,0.17916707404931087
24975,0.6126710012415133
18992,0.01032449965007543
14499,0.15906630831878332
5949,0.017232143832897437
68653,0.19477841770977689
34554,0.9992819371003497
74825,0.9988282366183876
60821,0.8479706027832765
9544,0.9627960551839507
10350,0.6680262421013935
41720,0.31408740981494004
69654,0.6603066429497072
58915,0.9992868782882722
45580,0.0861194232305291
69482,0.31224325932321606
55038,0.18908542384741714
30084,0.03386445952126656
47973,0.2594158381494866
10681,0.07943179855267238
60710,0.1330276129697118
43775,0.9010125204502101
30848,0.13488963029835
50850,0.1753311946000553
64181,0.3814232813223141
37919,0.042890254649426376
72660,0.12767905658897202
22136,0.8655945538557571
51050,0.732139328379339
24605,0.010502883512521077
33713,0.04377627367209068
42027,0.6998506543458708
73431,0.6390291142420591
1990,0.9468528470497913
67167,0.778711704584141
21654,0.0049765620256790625
13213,0.0007923024193359855
47595,0.8561606697404666
45792,0.0009631247793215181
7805,0.999334876366247
2440,0.17280348826060993
45223,0.04547475447741932
20462,0.25170466820416615
31171,0.9990609479478956
74760,0.5285082524244854
48674,0.024217110760774888
19764,0.46481490116613494
64239,0.19776030226835514
778,0.1771723451014984
27359,0.1063750700311099
8173,0.02241205826943744
30809,0.06391964740367956
31411,0.056785760190986585
64908,0.11031638098529273
54947,0.016972151264859712
11410,0.13829692779100564
3935,0.13189326072714075
47412,0.9990368613780095
17569,0.09171118489494319
49077,0.4775225026645041
18424,0.003463262687499515
63095,0.8380316617505594
18745,0.1031359186524573
10732,0.29764938812309966
54432,0.999149421339846
26522,0.8380316617505594
65714,0.9985645657763654
32064,0.8477955729558545
21952,0.21143382052771878
51117,0.7966441079801208
8658,0.004275803234576016
31666,0.25664811282720645
5016,0.06369807522148759
17685,0.09580866750196872
63487,0.09528671460240788
34893,0.1621067580485644
60017,0.7739559749330497
23054,0.09889606532349975
59197,0.034270073027491126
8800,0.03164118199734631
20360,0.9947971240104942
46276,0.11682531838618983
72443,0.9995965690841616
13866,0.10694950872628466
33194,0.10670964822739894
57673,0.04323622108102295
73331,0.044497032217829705
2453,0.0658910087326062
7399,0.08930680856114481
11480,0.06516576180921323
51933,0.9312960397087747
77534,0.3001375012337701
4319,0.1905676103338793
55242,0.02740619035797127
78932,0.04623820945700453
3365,0.8580189461585049
36588,0.9979797958766082
27947,0.2803392590225838
21220,0.0984948914065799
41044,0.1441423553682923
78082,0.06319792258346116
24160,0.9995965690841616
71825,0.4121391770676762
72149,0.017281488207265643
29768,0.9995211784320639
33491,0.9979297615269027
9446,0.23284328806418633
29477,0.0068629295295537475
37833,0.018431125906137096
73262,0.0460112315376602
32257,0.009293613082954514
19606,0.12675713556870274
52297,0.5099656580675931
34815,0.5889773679345913
52470,0.41703690997683046
15908,0.9979297615269027
16362,0.8673712439868029
70182,0.16807708866835133
67169,0.9979797958766082
39096,0.06385562630646413
36500,0.641135445862931
77340,0.3548208340846825
72760,0.9979661057592482
3062,0.24349299827227444
6124,0.07427743354625707
54716,0.24334265988929243
76079,0.0451405964074838
9624,0.004857894213212205
25575,0.21039077676376847
36885,0.04872343892705812
11252,0.9995451606142802
60865,0.04813054677623707
36086,0.1646315089142879
21416,0.9994584255755261
50589,0.030184794760701596
18289,0.5012174650425547
71211,0.0037984041349495676
28156,0.003923494651511959
23897,0.008685500738024023
31318,0.14364441351497542
17928,0.07343691447436838
1630,0.25311802064639294
40152,0.9995965690841616
13443,0.43228225030407796
73679,0.1502248334023057
64539,0.25417758942864777
46516,0.9970772478042169
21270,0.5132332765794342
31886,0.6951329808071345
73918,0.27127381128868927
52833,0.08766264612222399
12177,0.005479415923165364
77403,0.6801565122303267
58163,0.7550109485073236
31720,0.13780159788756213
2057,0.7147726181946119
51242,0.04100731356068764
67688,0.02834799895900261
63332,0.14425359354951392
24068,0.0471131923035455
48614,0.04323622108102295
21507,0.994167429996806
6016,0.93528239992645
21107,0.03212983926703977
6648,0.812228134021253
67789,0.19972250906526487
58172,0.019919265958575384
71333,0.07690706929128434
69545,0.0568851274552393
61008,0.18932010408565036
57392,0.03267540269559737
28646,0.9979785579280448
70961,0.999580111289787
52743,0.9979785579280448
37945,0.0027083020249619267
27730,0.061695245102689554
17402,0.02516024767737074
30610,0.0018670066776946942
46746,0.1263758547976942
6591,0.8546383988745869
44541,0.07442087631765268
28831,0.780859650449175
69924,0.030720319084581796
21171,0.09981679245597341
52808,0.99952980449127
10141,0.04717281143917063
42155,0.10792165225028955
34061,0.17728851349527075
45464,0.03678852243728675
9603,0.3318505945146868
12920,0.11005244474090162
57870,0.91141859118316
3976,0.01867147182962875
57541,0.07682022374998793
33888,0.49528721201800263
22771,0.2667558670469625
60675,0.018461414066257835
23734,0.9992482496700282
17588,0.9979785579280448
67102,0.15872890735529058
9180,0.7763992974062878
37631,0.04809471507875754
30857,0.9979785579280448
71416,0.1922001903075059
42917,0.2785145620240696
73919,0.06501935962044413
9781,0.8198202252071233
16026,0.020632161326339007
53523,0.7527796803552597
66548,0.6235630305382881
1179,0.9995965690841616
9997,0.38603934531970535
38701,0.8578891780797175
53579,0.15575762790306202
43049,0.4176954073197213
64157,0.7167056979181425
28767,0.03630305217197572
74740,0.40091825873267783
9107,0.9979858040119556
61000,0.2053150209829755
56320,0.07259606285813498
68255,0.5412694712843369
26353,0.03404586840898994
34235,0.018532651913239218
73178,0.06089124427845333
64142,0.6649171033499849
5838,0.09978788472422186
17830,0.014243485310826044
47759,0.04207728611451446
53617,0.39938080313786656
7109,0.1277999240624631
77264,0.012124117268389576
68410,0.8651598402800887
33054,0.006735452174130599
24372,0.14338870130494782
50574,0.8635727553775314
23196,0.08210553785980515
62403,0.11367790226365522
12675,0.14816982171926607
58177,0.07328449233427946
24501,0.7045201872965383
55383,0.010533715371422454
17853,0.025710659757715075
41510,0.04557106797647213
69643,0.5067622513248224
29779,0.06634912851846991
11102,0.23039344054394686
58907,0.02187105168287541
33291,0.23235318261878488
52605,0.7079142574229843
3049,0.10394283090127673
68333,0.12961985911820686
49547,0.14816969283881964
44714,0.10810228581048732
69148,0.939206350964428
34842,0.9980031778954551
36815,0.06494781601165299
64468,0.15249937487989848
701,0.696927244458758
72071,0.9978259421574343
29811,0.1713290475107391
77060,0.40091825873267783
50889,0.06370266388221917
34748,0.3779194104566372
26440,0.2811189725604512
31479,0.4769007879557738
2068,0.022351830554056352
40671,0.8250273314241209
9176,0.6599114365300146
16013,0.0014015096874078936
72391,0.13824609114624586
64709,0.17274609483232373
42845,0.17562986023762708
17677,0.20231873850340634
55589,0.8223076521805961
59674,0.03553121497996819
53598,0.002070988140263058
22278,0.24492226320325708
5920,0.13772844820653563
65404,0.7182527056521293
56310,0.3571705933908042
35830,0.012607640267695744
17541,0.0334427092502646
77218,0.06191964320777094
40119,0.37333877197273546
70326,0.2662135983705146
54607,0.09003138999582022
36525,0.3973879935861492
23551,0.1809771515932447
2920,0.15377968557508945
74115,0.8777288609923961
44772,0.009622989091906927
70942,0.4006796247752464
52777,0.026862116311977557
21022,0.8680035097789404
41647,0.16796048114364986
35733,0.20772715810870135
57694,0.5333016148695187
36524,0.8635727553775314
17389,0.9437949172343219
22355,0.025117135354308963
77528,0.9956240864559348
18749,0.03283363319437593
20406,0.4361701401122682
30724,0.1270665925352036
10935,0.3338591625485837
70421,0.049325039308777366
30805,0.8635727553775314
23413,0.010639197363794102
70262,0.8725850734968702
68710,0.023069289022817237
67438,0.04147778998277627
73114,0.0031656181179850486
9496,0.004793252133126214
7594,0.22124445772535697
18867,0.9979845697376456
60286,0.9979858040119556
25533,0.07746768101333337
51525,0.39784710915501653
42096,0.22195763563952411
78929,0.37913021363462474
56299,0.46991487780257407
42382,0.02187105168287541
54837,0.7158005717124258
75823,0.9984609712602931
63282,0.16389486448492435
73518,0.10517764834724565
64055,0.9979845697376456
46648,0.4637922867414927
738,0.2250612448767271
29474,0.02828391185419271
60659,0.020536557890932942
8834,0.1349467597814385
74416,0.17059272361221464
77490,0.5922217802684511
36418,0.13939608772581513
78287,0.11722076928659854
27550,0.14962356800157794
65903,0.32276196064184665
34627,0.07318356046861256
45332,0.10747435651994536
59684,0.9993482245550498
130,0.8040697110358386
24978,0.2286552975655501
61135,0.004580171696021238
64968,0.4656653769186539
4790,0.2037942264658856
32399,0.8369052907632802
3195,0.7105674199517438
31017,0.07510649629727674
47199,0.998930026155707
23325,0.07298802667227455
14397,0.5523799201318557
30395,0.8834121946622849
13150,0.6697111621302736
61527,0.14726123881335157
36172,0.3843863474196864
29395,0.9991214744179203
25601,0.3065633637356221
62326,0.7380039947642835
34422,0.001372617907772945
37791,0.15899172887151725
32751,0.730660554562476
9821,0.2075394024599322
33923,0.3078122072874617
59630,0.9020533465016809
9458,0.911442538755425
55439,0.1557465735754558
53630,0.49036255377599514
65556,0.017463288120627467
75188,0.004459904264460414
23730,0.004534664040241014
1644,0.8537792150974091
16278,0.3086767033604178
62287,0.474867488906905
62130,0.9986409384144959
35256,0.07252643945920512
69033,0.102661187781953
24943,0.868386447747072
56540,0.998400354840204
62426,0.3830045140872968
36137,0.999146782609914
67858,0.2516397870264477
18641,0.9991267749803798
30487,0.2972708839252985
27526,0.8662316805903093
78192,0.19418126437478547
41202,0.9327482975416976
44776,0.30697974119000454
77839,0.7286468664977471
42927,0.8364273659165599
50802,0.8181635175256752
66320,0.46466467078174317
43096,0.9199446574728931
24344,0.1546654279617499
51467,0.1557465735754558
45694,0.19156375919696592
75018,0.6749495353965221
7895,0.056922415082736384
40417,0.9990034078303064
11274,0.18598359090903477
74256,0.1375702091072223
14630,0.7148647308667606
10349,0.2297877106521438
48989,0.07298002748091763
78270,0.8825117029349017
33520,0.002333887223855224
10274,0.30697974119000454
67941,0.9991151656966317
77832,0.34727914836777823
12836,0.004619298328545123
65228,0.0817448618817128
77135,0.03782588514546735
34855,0.6795094372221858
70459,0.9991562748470036
11845,0.1710591145959255
51955,0.8502923207607478
56211,0.2867444565501944
46116,0.26768634287731696
73020,0.004580171696021238
12865,0.06441937726262663
54819,0.16143051603975844
77078,0.25770997012039293
61218,0.02676617065884494
35598,0.06313918485524947
14719,0.6332502482503571
48721,0.11180557693360584
68652,0.1557465735754558
44221,0.11562372489644072
38080,0.004316491540668752
15785,0.07850992879352017
26521,0.2824303730955221
69122,0.06867121386200699
59955,0.23049256209092736
19674,0.0034500186389585653
22344,0.9991497920527905
49692,0.003149826892397632
76112,0.11146594732986188
73434,0.7515438459146284
8753,0.07299896015471956
48952,0.004210092537799539
30658,0.2680440114986236
55417,0.04902202953507873
79005,0.6898069759663071
75831,0.07608768853387149
75527,0.286517694015954
33557,0.263576752724843
28358,0.01602930540916359
11124,0.8602977966009323
19930,0.35830670746424537
55263,0.6776353203662483
7161,0.02989435076162902
47952,0.21220997101737893
46000,0.8331789053348737
44401,0.3024562297450965
18884,0.15554790401247107
36181,0.004534664040241014
10109,0.14260590473782825
15637,0.5313819873292844
32744,0.8460449985625054
48233,0.1351774502952489
39138,0.004534664040241014
17423,0.9991013165241974
24316,0.7358756267337957
67270,0.9991162296126925
50303,0.8389216818279454
58074,0.6899668050748059
56832,0.03758381229464078
12198,0.0044055216882429955
8735,0.046834343164759956
48839,0.759102005885008
47970,0.07527966061921045
54314,0.5523799201318557
13369,0.8630018102344145
26721,0.40264040010358654
75568,0.0023227850437235608
3292,0.9091018035771371
17339,0.2009166344349485
18080,0.4653140028743647
34721,0.1143885613895421
48087,0.1970171963726055
10873,0.1557465735754558
58189,0.2757417833006885
76245,0.15978469790635627
17427,0.1557465735754558
73268,0.2493512933907755
66261,0.7442997742034142
1784,0.7970191229215915
48243,0.7082014950743667
36231,0.11584577754847467
50529,0.14343052330205733
61110,0.25576397695170366
48466,0.7829657935511017
31796,0.2898417468905788
5463,0.11761092940211508
68745,0.9991267749803798
78544,0.12532620841625755
67004,0.04566214055348379
65952,0.5359127518851171
68756,0.9185188981781534
15874,0.11139991647239354
71838,0.11209993405182002
8968,0.09206859514553876
77345,0.1821549108221904
24658,0.017085213277262413
17413,0.1391208041536242
66433,0.23818446387115955
14013,0.16919608680945955
50711,0.3004625513725541
68013,0.19071799405145065
23909,0.13233575654662
26142,0.15226587257573276
29191,0.0022440784870755774
41096,0.4879431301489623
3450,0.8424413509849321
10052,0.23771900732845852
49193,0.29012848354457144
72031,0.10661237536338583
16226,0.11979015376081426
55724,0.0328205984298741
68151,0.20861508925159203
7142,0.09167278429735917
20911,0.31601241145789966
31067,0.7342484408965643
42136,0.05271187009201218
25029,0.35412101851892086
53080,0.624659210561822
53107,0.1769592640526325
41233,0.043847694780695286
20344,0.13789090953219538
41539,0.10661237536338583
62186,0.13494940951256323
76599,0.22260268002946795
68979,0.004586474309396727
21706,0.18942677489579948
64704,0.9217978665905234
67985,0.1977507417800291
60583,0.16506542597327598
40822,0.09167278429735917
67023,0.022800137751668646
53122,0.7372041773752613
31088,0.7368153952473391
19159,0.14623450916703482
76991,0.24471707643531684
62409,0.6590926561923043
664,0.14793277511529182
2119,0.22508628063448785
14072,0.17193856420581874
1131,0.8354612864507512
63220,0.14014412498163914
60309,0.037324394873769075
22234,0.07202976337769827
5398,0.2337015177733986
32047,0.1542444457429068
24669,0.8640057026099707
27572,0.6115943793289872
22004,0.12305932828834136
77616,0.24188211929063624
44259,0.7471966668854543
5621,0.14623450916703482
31953,0.19799269654121837
71354,0.16607756713883481
15065,0.8262384110398255
1239,0.1638850037622517
6660,0.4012253533551248
59758,0.15070269044497553
6110,0.7044766554603421
71204,0.14623450916703482
55216,0.26860131843712737
15584,0.14623450916703482
38893,0.1420197885924804
70774,0.9027262389609767
48323,0.9060378547097007
58169,0.375276678393932
61672,0.06501463460078091
67558,0.19131215697460627
6662,0.4481477820029072
6968,0.31985736653688673
39428,0.4209643553441647
18281,0.8020231074265398
50512,0.7438753609909309
50702,0.06691914083810839
12304,0.10557260998854805
15304,0.1127586626936567
22033,0.006651052219337785
70845,0.4152442697949474
27950,0.0037974289917779122
39236,0.0031815058626542244
41099,0.26597641832894153
47453,0.8963058475393784
32629,0.17160052127335068
63961,0.18503102438746863
15325,0.9386295363988169
21388,0.4529629221783793
58921,0.8163581382075714
10961,0.25893475164271734
30012,0.10321544006545122
73289,0.7490170712315566
2065,0.6254856612508303
63555,0.8705550611051582
24513,0.17291671637786266
68679,0.23701608201970153
42950,0.25761454484321217
77460,0.8397250354711412
52190,0.9010295550058982
51713,0.23338954939281073
62127,0.0429481481729369
57354,0.9991781583990887
63561,0.5779485162850342
24120,0.8793291236646563
2803,0.817041333313114
75987,0.9991750760499042
9146,0.13574799091116985
14879,0.4017817524690865
47729,0.6539914331240148
25907,0.8064676186531357
68281,0.10143263223105432
42370,0.6706633741824419
68999,0.8576204468800906
21237,0.26132609918232064
15016,0.2768838236033901
73372,0.013019408784568975
41517,0.5448392294091715
33701,0.09612965407578834
79234,0.06759140176691003
14334,0.10062611373972717
20172,0.1587686789077638
30285,0.046814409647611355
23217,0.7613811786154493
78805,0.8691004931902168
61573,0.823890719231726
32407,0.20099602878659031
55209,0.7287722895756629
37556,0.2278561009567028
52343,0.8138016185188357
64855,0.1196775010900352
2077,0.17196253827945224
43795,0.169243686959947
25667,0.12014394836901042
22821,0.6305475107198009
2675,0.1222124647570724
67582,0.015473913007486278
21384,0.09536394565349239
27191,0.9991781583990887
14835,0.3699203125161374
59,0.9583835945836653
33242,0.20609527940622133
28208,0.9818114195969458
48504,0.1519062255776803
71019,0.6531581640565337
30130,0.6897504405600129
21748,0.9912953273102271
39045,0.9991781583990887
65232,0.10375895873302511
12560,0.133851989600698
49213,0.8636733710694177
77564,0.14957142546602512
1294,0.0011849648334746694
37665,0.7914865292067931
74884,0.5787647203868533
70633,0.16295122741635162
7122,0.5193638858059817
5167,0.823322184362433
48071,0.10956798631551573
33051,0.11143294490057587
25334,0.3255704622220764
45167,0.21646915180731624
15495,0.6218475795686297
58901,0.9818114195969458
61041,0.07667326025457435
66770,0.09183388926039902
33088,0.9991781583990887
78926,0.0843327539983226
5251,0.31765396227679826
38293,0.5394630418473141
17045,0.9991821055815948
60986,0.3100048042641921
16012,0.12857123442464774
41354,0.12584049115767446
11331,0.014195190953835103
64321,0.05968437522837722
32574,0.998934614334135
26235,0.997805381718479
30274,0.06360534480502474
77157,0.2779492217844868
49337,0.35960967759018203
39492,0.22086315670273504
45112,0.815008988680364
77956,0.05346600648923768
58731,0.055568114668129914
37694,0.7818019594206177
14324,0.1392915414388508
9048,0.012015783919560137
74382,0.8762661014162169
61684,0.9991781583990887
44942,0.29470698699677456
2954,0.9991781583990887
1608,0.27761791343669
54392,0.2526038243862272
77076,0.9991781583990887
61590,0.9988463528231528
16286,0.7974775241668915
8292,0.999243810726166
61103,0.815008988680364
77664,0.19169376876343455
37205,0.918801955643984
21054,0.1521509602780727
27042,0.09079016443165734
69105,0.8554346120618025
23119,0.2254348573220089
8130,0.9991781583990887
54460,0.9308961921466936
16149,0.30413329612061796
864,0.04604388756988985
24799,0.9990495334520985
42531,0.999246636440141
46455,0.09439327297900152
10474,0.9991932724825483
22517,0.41460804805820123
55091,0.12902647014574922
2822,0.5239360566982507
18406,0.15028593676052213
2165,0.3831448028602649
5281,0.42890997466474057
18941,0.8467811725694336
28184,0.9990518094535026
39858,0.8878921431801452
19729,0.19277603989052225
76333,0.11472343860588867
68637,0.3719825502482046
70631,0.03226554772444372
68124,0.22154222289494518
74111,0.02517429714356463
42838,0.19562467308827974
36735,0.23351484734049682
71375,0.3254166211782347
49030,0.0026538228170907576
64481,0.02250081318984847
39910,0.3894591845241787
4984,0.044107006135277585
32978,0.02784735644788754
16140,0.1651221402485162
28331,0.14981117985791031
64483,0.06610895413552699
59811,0.8630550797673155
68249,0.07141537577368624
1562,0.7172541782768265
41754,0.38393761245357166
22881,0.5693481096965664
70948,0.025384396847283587
63945,0.09826110335653646
78408,0.13588601621635454
26762,0.4524016233807356
25278,0.42904935052242366
77781,0.1396740438064027
53010,0.7861419067303959
5951,0.15667358487195351
13386,0.10060730068462456
41731,0.21986730747873445
75796,0.25711979493821013
3971,0.02570654320613419
63328,0.7360468335737279
59431,0.021774310606041666
72398,0.7124911552236912
13602,0.07806639624684354
54919,0.19749196250839873
37079,0.0709095761930412
2590,0.08956787825932926
50156,0.2074119103315049
40463,0.38236340719923767
42968,0.7784225669036632
76916,0.055706360299715825
4722,0.35426785327946886
16067,0.010702336879713796
65995,0.18647673494378691
68802,0.05372910327163189
2556,0.72478124037438
44558,0.13278797997574457
28806,0.03068408813628526
72887,0.09060923287815197
78986,0.07286426883396
58229,0.22538148586896017
73144,0.007295122692076721
72338,0.7908561140281133
15490,0.2285308697837626
77254,0.7941795527136142
44139,0.053213463672220296
64513,0.7913292054936402
26672,0.7820189707796907
9370,0.1017474309330963
24126,0.14992995763261585
19862,0.18744929924524914
1011,0.05858280175172815
43615,0.01502927676737069
48709,0.05420409333290595
5364,0.9274839833792192
1506,0.2615040475586508
42735,0.054602576624358815
22696,0.03748970152761544
38234,0.7820264583331513
19284,0.022002945855422094
40566,0.07559893603364226
56551,0.0071967909338381784
34112,0.0717525003011628
49080,0.025933911758669125
24936,0.421715122731462
33543,0.060038074859958615
7408,0.05276511649289655
17014,0.07338440111019037
14861,0.18948905460715518
3087,0.0076335642729653775
78996,0.01491442152930784
30341,0.14041093211612318
32487,0.18241255132442874
59396,0.20034836990463828
10247,0.02707403964111114
60361,0.07572889948804544
65283,0.08828009604136312
78895,0.07024709427899675
17749,0.046130872532286794
40712,0.035649602071021136
57115,0.38393761245357166
58621,0.015821787074502314
56796,0.09803287063248504
31829,0.04558056917414971
21149,0.04284768507669908
71533,0.12094339801743721
8390,0.08381391443006644
37740,0.39329787972740654
20100,0.025274002234145276
28185,0.06419498090255138
40383,0.7780863114469282
59999,0.4210903696191156
23089,0.003223598841667833
23660,0.19614428782980328
50527,0.04130836414876665
31148,0.06496766352989296
50776,0.13362338297919082
50389,0.4764224830311541
21537,0.8440812605201345
22103,0.6515012653164229
78614,0.031077747310932123
35163,0.18647673494378691
61341,0.013835054271527137
24884,0.13369509711228883
5770,0.035053810857197776
20548,0.06838261873102396
18947,0.9992020407956097
49058,0.9989368791861707
22069,0.999333145565159
26256,0.9992325513249624
40541,0.9993177876138206
6614,0.9988439689859702
52238,0.10790354630342491
66490,0.02845338596913514
8084,0.02426027673863605
501,0.024582805261317838
2336,0.036341026537446044
70473,0.9993553102058776
66488,0.9981523261758402
16653,0.005598989702844472
519,0.9993190576086394
32152,0.9840116824012793
7160,0.9993573353982538
68213,0.9906975255946336
53969,0.9775589398141961
6361,0.4421178849848321
26584,0.9495911809751579
56142,0.16587159762208503
31281,0.7396131168974407
6655,0.9995089753328822
50090,0.8644898734960776
45453,0.33679553813534174
17374,0.219122663839879
59614,0.7325581229941822
57278,0.1863917112299743
59479,0.999333145565159
4966,0.8763215438654937
37118,0.9995431345008507
10047,0.9991255785036567
52272,0.9993177876138206
11227,0.11415302691043892
64058,0.9992576834776351
70054,0.6914000869094822
6219,0.99922264328875
25237,0.9993294794502964
71234,0.9993553102058776
55500,0.9986351717063228
71015,0.34196117610191734
52197,0.16353839124745836
27567,0.9993177876138206
79228,0.5951910851574587
15635,0.0757724423009245
62899,0.039395753467901265
74052,0.999201709412268
42279,0.999328083701173
1770,0.999333145565159
26284,0.9993177876138206
36477,0.9993535313709355
51941,0.9989796538561526
32747,0.9993334249123753
55832,0.9993370694694771
77606,0.9993333418157064
23815,0.999333145565159
52715,0.037103337857721595
49283,0.9994249324788834
27836,0.7345693351432415
61065,0.999333145565159
21303,0.9993177876138206
31424,0.9992061695472834
75763,0.5537112746065618
21967,0.9755434456968199
9816,0.0921011854488968
13787,0.99899405824767
34594,0.05474555679552897
60522,0.9832815052313718
36673,0.8444126383946902
71642,0.999333145565159
15649,0.9992065020428794
65697,0.9991439231406583
56791,0.9992018059235975
29179,0.15070921390737602
22062,0.9993177876138206
22151,0.9993177876138206
65229,0.8145262760741391
69546,0.06436001646038432
79159,0.24622693994969228
34985,0.9914013109460794
39098,0.910221137660214
28369,0.999345950360704
63970,0.10495366198592054
75363,0.998817358415038
33167,0.1242289051591447
69729,0.9812673264797702
27372,0.998109824871113
29975,0.0048806068910492405
20456,0.7304526647265753
72641,0.999542742318815
10307,0.999333145565159
12944,0.8933600443577668
24724,0.9993177876138206
14878,0.9993575245344808
58261,0.30751134671741126
69045,0.01905826397760203
71286,0.999333145565159
77049,0.9979894463067829
46340,0.7104406304250495
27800,0.9981360123175502
58529,0.9993573353982538
64601,0.14408591435642734
49528,0.19100883717100656
75352,0.9993294794502964
48198,0.9993555802742504
20427,0.9993294794502964
65500,0.9990724480214024
35086,0.9995122828655573
57880,0.9993334249123753
32781,0.999333145565159
9908,0.2875351968955582
48416,0.9993294794502964
367,0.0123102420079203
56960,0.9993177876138206
18911,0.17583515002847366
8670,0.07249295105802386
52358,0.9993370694694771
51043,0.8371057735371336
63784,0.999333145565159
64176,0.03529618666548497
62073,0.999124539678701
38735,0.9994819361351711
23058,0.9980676086769171
61249,0.999333145565159
20999,0.11524416638081367
45898,0.05476820707408167
23534,0.9821072599047986
73751,0.9994018559811084
2666,0.9990379484380858
62462,0.999328083701173
6034,0.9993370694694771
16926,0.206207948830246
63546,0.7790708132950115
53975,0.7532291213925308
24231,0.04896460031868981
31254,0.9992018059235975
30695,0.2437909830804398
49607,0.05093352831683784
39727,0.3109058423305773
65701,0.999333145565159
61197,0.0070137459566493345
55893,0.27715228750004794
76569,0.01905826397760203
8304,0.9993294794502964
46628,0.9989564684071067
64166,0.9993333418157064
67295,0.9993177876138206
71464,0.9993294794502964
57444,0.9839614791676238
74411,0.9981631854856116
77873,0.0029354771038662803
16121,0.9992434985854619
10664,0.999333145565159
43725,0.008231352902400573
58178,0.1078530619887894
4788,0.0974130791914791
59052,0.9993520534857143
26926,0.10949979485817628
68109,0.9993517658648311
4475,0.9993177876138206
8262,0.9981523261758402
43492,0.01485112396947281
12280,0.9992061695472834
61275,0.9993294794502964
41535,0.12608158275592563
33702,0.9993403005141754
4356,0.04839128107833439
75163,0.9975342346584207
28888,0.9099921041971544
54958,0.9993294794502964
46430,0.7009954554526981
24284,0.638592461295637
77471,0.9993839964791227
43153,0.8891676287040874
52093,0.8618216946057452
77258,0.4917481646623148
77165,0.9992030971712581
16239,0.9993370694694771
74362,0.27087619098124677
15555,0.9993370694694771
11067,0.9993553102058776
8263,0.050604154573386066
66341,0.9993177876138206
21860,0.7396131168974407
27281,0.008131781094393133
22381,0.9993535313709355
6473,0.8995165206123927
75029,0.9991944258637139
52332,0.9993177876138206
17337,0.9993294794502964
12908,0.9995991802409544
52500,0.9990079991454722
57073,0.9982191419556891
5001,0.7422117779977523
69387,0.0018956230208770622
74262,0.17995239068144428
42501,0.7396131168974407
27274,0.9995060684412527
26863,0.9993653106498165
45960,0.0983381815472269
77503,0.02594452056151739
14991,0.999359103772677
9040,0.9994094670451608
35179,0.3326703814948027
16209,0.024559322796535287
75505,0.006778275291379535
11171,0.999333145565159
65383,0.9397763907302087
17459,0.19771936266696877
28843,0.9991279183910856
50925,0.8131866442301363
62198,0.999333145565159
59332,0.9993553102058776
54338,0.9993177876138206
8367,0.8688000476198369
44159,0.6411290844859717
25910,0.999450459116219
75567,0.31420273372781155
3937,0.11750349442604557
10177,0.9493251818530543
8044,0.20091578846669816
55492,0.999333145565159
49457,0.9993663264964481
12704,0.9993236378997756
70578,0.03454066424437934
61744,0.9985073889516871
40534,0.9993294794502964
45589,0.11474307413697896
76995,0.20478766339781307
33960,0.9371878420226706
58195,0.9994106017861633
59185,0.009139005281899568
40659,0.9971142615267152
28571,0.9993846979805655
52159,0.9992018059235975
43774,0.7717218759813353
17336,0.19453901518738853
32077,0.4660740821470902
48403,0.9994422802590908
45077,0.9993294794502964
33237,0.9993535313709355
13013,0.13205476725626994
43189,0.6101291074837195
26559,0.9992018059235975
22484,0.21219530341251447
15847,0.9980004244801487
4258,0.1218711540927997
29313,0.9991878896587789
49770,0.9993370694694771
5055,0.9990545148063983
22290,0.9990855983690446
14282,0.005049999943583441
77991,0.979897602077412
19645,0.7395629834598249
18372,0.8901621825763253
32549,0.7540993497045911
77917,0.4092959088858328
8759,0.2970596048148437
56417,0.04357200469203266
23708,0.07391134702412512
23396,0.048975722076677455
75880,0.9995690374039625
58466,0.17434254807548363
8700,0.2654117183500854
72918,0.9995950597743478
29534,0.7862583447825726
38287,0.11650798844974548
44362,0.12359232850028712
3527,0.7954015322454416
79244,0.6448150838006591
10028,0.15729240264895697
17246,0.19287756074342943
14619,0.3148411625410736
77262,0.0021764830871823216
42003,0.32653193003971853
10783,0.18153376917394
58327,0.10676202834427084
17168,0.0687920685811256
2597,0.9995566735296811
20873,0.0952946623520553
34811,0.999501388523632
77913,0.1785355197334756
8725,0.15007668083277256
52186,0.24056234958470557
33369,0.7882891878193814
58210,0.038156053576059
56579,0.016211680855894847
7505,0.1888075649045193
10427,0.0446689568393876
67213,0.28807938847399056
56334,0.19706564316223563
20450,0.009430840038690748
14320,0.8199997761676266
10385,0.055373399798044974
185,0.005047001801849883
4353,0.10928558917104336
78200,0.6891429879442134
23529,0.41900502187537547
22449,0.13287503531898492
46862,0.06744442763552873
68874,0.9097985854113728
24195,0.9990777627522773
15155,0.13712043680710367
5841,0.8895674933881371
6564,0.9995950597743478
77619,0.20858102528040917
76206,0.8599456265194455
36154,0.0212370265228108
76683,0.0033253138068223115
76932,0.7265254635963247
60063,0.04070924460910145
23439,0.9992664506047422
58601,0.9955772651139729
14709,0.4246336772987361
5386,0.22846960933603597
10833,0.09967436774067667
61725,0.7973750938231065
62002,0.9990909604236098
63428,0.8263212434609117
38786,0.14954871619054677
20944,0.8199997761676266
18670,0.831007822116375
41299,0.006660408099402905
6474,0.20415398168589446
25913,0.9995432743308839
13691,0.4168308220925225
66009,0.037705397780426385
4682,0.8643553269914382
60263,0.7482385182735002
45679,0.3941699344762902
34890,0.8225829733166699
77627,0.028983263607356823
68241,0.1871429679085408
10120,0.20046543519805998
20512,0.13989631833195645
44589,0.18228037494344185
1529,0.8453961583855081
15820,0.25563921627665803
24957,0.8482618575455345
3774,0.14521599447640873
29697,0.15196432648791702
35659,0.03509691662431588
38136,0.07480575419872784
37623,0.1886387385166991
59920,0.05002688313571777
14736,0.0009526788606051105
66814,0.003733689695759831
67189,0.004145266603294965
12938,0.037769270972592583
60858,0.011143100946676516
62104,0.008572418712815872
31140,0.8818735740461461
27327,0.031811260061659574
33953,0.19004637872971514
73193,0.8453961583855081
3007,0.03753466122643282
53150,0.8154667270142361
6567,0.1779701303288732
43875,0.0009143192756400454
73081,0.020061815980521806
11481,0.774575825999012
74310,0.23179437764592437
3045,0.012662572633142926
65962,0.16808661646287193
14752,0.04928684312609589
51164,0.16468422663163854
14179,0.1539849073122151
21653,0.26453431987862713
29955,0.14053222128507156
38131,0.8559574107035307
5317,0.4065978467790272
44105,0.22712212326839828
53517,0.021312148742288796
69578,0.0031359759655492096
35195,0.18181916232106882
16491,0.16072803735816918
68929,0.033488227430991196
4112,0.024473306938820733
31669,0.2831684922282824
69150,0.8037980086524485
60559,0.06328149886468133
4800,0.3170635240078456
30277,0.035005513591630504
43889,0.02426553282725432
36680,0.7163035403937137
78808,0.7896555016376177
78197,0.07137282997882444
74532,0.8907077608420564
9880,0.023896600423629608
68850,0.709988370905332
78716,0.1248033493378152
40431,0.046388035263094006
32647,0.001511980317049451
9306,0.28745176910799564
53178,0.822311489702709
45987,0.3050007571658224
58814,0.3289374066082097
27570,0.5414534565431246
1437,0.005055928867396466
16313,0.24567044621334408
30499,0.1497683168832938
23454,0.024473306938820733
17660,0.06917651332845348
32807,0.010764170202160412
49863,0.005698567988132321
56378,0.015480388186313235
9902,0.7691545669138253
51285,0.3373978309937431
35887,0.02467468990464046
36623,0.8068888136788769
26039,0.22636031968988654
78398,0.819540967616175
27485,0.030537966153631524
64772,0.09293237214940518
28893,0.867526905332592
18067,0.27155668434672253
26297,0.10903672960419541
20552,0.0036660983426806655
41599,0.013727853118095027
4133,0.006465310888438708
55920,0.05078358548173443
60973,0.20446135266605966
63911,0.850117277951737
5316,0.1596589400151006
54611,0.14649362427116355
12421,0.8291813971981725
32665,0.8616727834992642
45490,0.20049459675263567
77573,0.2869896993951164
23564,0.002560180489899848
59887,0.15710255163368933
46026,0.3776970939340916
39239,0.8920973736754936
77102,0.040931767740525336
15783,0.06917275355559388
26220,0.09400087531292224
18180,0.0118583842937393
6835,0.0026240788708675206
71256,0.0118583842937393
30717,0.02426553282725432
17442,0.07951376463666
40456,0.8491721987741998
7700,0.809018163176024
30474,0.2897079286260846
26544,0.15894017917924091
35320,0.02252901030980153
4523,0.7411294559708805
60136,0.0073008448933724384
16830,0.8737193922528516
34170,0.08028621103284218
58066,0.0414321285506387
53953,0.865450756319071
66894,0.11211578549274223
21008,0.010535077777824225
50647,0.16210071415492347
10468,0.43286180952135955
69494,0.18173164969064565
51313,0.8246714639005973
24997,0.8074631590104255
16247,0.22365879950617326
16669,0.0141801258964095
32420,0.2321139134475385
33767,0.1369681232574279
35651,0.4848332015859385
63868,0.8712668576447934
70733,0.8264933320921228
65268,0.7843053068456843
56307,0.9991528536180663
67130,0.20845442748842966
40130,0.6893369189958967
7170,0.22888527249463614
63767,0.13748907851870043
28411,0.17708270268055826
17385,0.5551626342832872
29946,0.1800957555513272
27822,0.14369315266227467
37050,0.002131651679547502
78075,0.13050218526080412
49455,0.8753541477960225
19492,0.546769514944718
23915,0.11246211885434475
23425,0.19377368698502764
9749,0.1698967141704169
27968,0.7901889735131904
52814,0.7829199406166444
17810,0.09085242009952738
41121,0.8234330931125018
2380,0.07344787683124798
40169,0.006829205133961812
17546,0.17970204467797382
112,0.09838472770372052
62997,0.9988259299281389
24727,0.3277746606062701
67787,0.14037285507883535
66756,0.6383002754762153
9389,0.678296657537539
28894,0.7471320143438438
7394,0.10863048613512956
34143,0.5047444566110636
39243,0.016628741189977824
71413,0.6890747784473592
56333,0.005212499198760573
5703,0.6144807010622917
23405,0.083904571795233
27384,0.21572650222693815
65908,0.1292394069965571
56106,0.16513004036985782
47420,0.7414037600487079
4943,0.015310710155139368
6260,0.24422581687598405
56752,0.18180004415561418
69971,0.484312034639828
50698,0.08656497423708613
5943,0.9991874306626897
39245,0.07963744048693579
29655,0.17724336899431845
74650,0.12618443180022293
59487,0.1651347048456813
17033,0.2563433182419491
69602,0.20147179483906386
52928,0.6061550768350394
47388,0.269689777854502
55373,0.0029141249470833004
10432,0.17360570004916237
60302,0.2100405416216169
23796,0.10437459812680495
3685,0.9991545533817188
59785,0.7747947650719882
32295,0.5748694724210414
35250,0.12449725511627234
50255,0.010757082020711127
18243,0.9460442046757614
35417,0.2052541993251977
7533,0.16513004036985782
15235,0.2312742698209958
23704,0.07001046619925498
51409,0.2057945224356655
34371,0.3183294543486675
48470,0.3275588930037058
14373,0.8663918988198043
52628,0.08103460450347937
72478,0.6144807010622917
15330,0.10479099895906555
69489,0.1338793163475961
9462,0.4471856438090272
73766,0.7358099639047155
9841,0.015310850281469017
7465,0.24845748687892816
56956,0.9409624215580551
22206,0.17723853679454543
52453,0.8396145335340911
35140,0.005965067846869511
71637,0.9991606694390139
21160,0.9991719459817192
15931,0.6061550768350394
44846,0.20621559854222635
34593,0.046115627609942915
62986,0.11246211885434475
62799,0.5118337892691389
19797,0.01365604250555739
3852,0.7260686280213425
64890,0.25109326808456145
28515,0.31519802034654604
16747,0.9991528536180663
77994,0.864556689464861
30983,0.8877875480390166
22427,0.06340727080696251
26733,0.8310443220099525
43201,0.24193658927552036
60841,0.13331325913304568
43086,0.9416492495407838
36376,0.007566112714364254
15590,0.335885607976836
64410,0.8505153974596393
74909,0.11624199021206381
38922,0.8092013456713213
1321,0.2147136517577762
78343,0.3022568802657231
43337,0.4947470938360789
54533,0.8490422262023731
55333,0.7829199406166444
40079,0.18395483163705978
18331,0.9989964122239606
68564,0.1436415837808329
49608,0.9991956910671649
8487,0.059224593637263
66088,0.02618684096475403
20861,0.5334948570573781
62295,0.3609376132379996
54487,0.9991597735752864
35572,0.1868354722830431
17431,0.9723528279692271
52222,0.21553300376628595
95,0.9693903444279666
24010,0.9987208410476628
68065,0.195807833770863
33683,0.9991592580889133
67259,0.8726624353285979
77803,0.8104752230486505
45057,0.039820440811084205
35381,0.9992642254289157
14394,0.04483973576881129
595,0.9990245520272957
10634,0.9991592580889133
76757,0.9993693944668328
40642,0.9989275567043772
39980,0.9991592580889133
66747,0.9992642254289157
70436,0.18128247053149368
45102,0.08730729171721734
72376,0.8726624353285979
59020,0.8637866039351052
19164,0.9991592580889133
62245,0.9980144514359598
70038,0.999065550248719
42890,0.12890996004136937
4902,0.999219674285777
18384,0.15500677989704711
41522,0.999110010196733
21530,0.8611817181862504
21953,0.9990137634951356
38350,0.9990137634951356
40879,0.9992096525388774
64335,0.008600199458753186
73828,0.00832658945149042
31510,0.8548335049938361
69930,0.9899781657089323
51844,0.26006997208325294
44346,0.9986590824034299
76549,0.5177012680170797
17311,0.9434115498360967
28751,0.9991664804553063
53244,0.14289993591556321
45512,0.9992815822889082
43099,0.0995402761761026
14003,0.9991684563670561
30400,0.9994824965578253
55044,0.4105583548641712
42801,0.9992090471985368
67053,0.9992642254289157
13622,0.9991592580889133
17717,0.6826517947503239
41993,0.999497756150842
5150,0.999185015887283
15116,0.863085055041724
43291,0.15861489069260024
19073,0.05748219689035613
212,0.9989296493592132
77468,0.888923023948429
74653,0.9988729951706924
38806,0.2562569667532274
41292,0.9992642254289157
13066,0.9988284306013122
62970,0.2110440972519396
20240,0.9991592580889133
45074,0.9991597735752864
44859,0.9991592580889133
16008,0.9990174655607663
59226,0.9990605499181547
59233,0.3294028898416018
24893,0.3539167804117244
59268,0.9992690558826769
68718,0.9902257068155663
27427,0.9993269655636736
74550,0.9990911381224721
70493,0.9991592580889133
44110,0.9992815822889082
78340,0.9991405927584136
8251,0.22569903627866383
5363,0.04026220907537302
62498,0.31514328745172054
66862,0.9987485435730491
6386,0.9990246700536501
68532,0.9992642254289157
15170,0.9990590622390074
73466,0.9991710621440809
76751,0.8887459831174992
33845,0.9979980694046139
13247,0.9992830712711517
18319,0.17167624906609155
76652,0.9987746989172277
28306,0.9992090471985368
29033,0.03637580411365614
77396,0.909551238054302
77521,0.9992815822889082
72588,0.8601849531565553
66405,0.08273967372882009
77768,0.9991968987462201
54463,0.8620175445876769
988,0.14339188890392632
56968,0.10734703271372592
18410,0.030517171457205432
25177,0.8727827221921163
63124,0.1573073237579337
21696,0.13970034238122062
36896,0.8763884804382619
77358,0.9991592580889133
40450,0.998347043514126
9281,0.9992815822889082
32310,0.9993395492430293
30633,0.10563116009234963
65159,0.9992090471985368
2929,0.9988284306013122
30413,0.9750142064623383
30359,0.849311771088953
1909,0.08680581133633482
30933,0.6734259339454315
58575,0.9992685545762147
20530,0.9987937423974013
61332,0.35908405451959535
34362,0.8615727065151388
4384,0.9885675023674132
17085,0.18588857364839184
7444,0.15910211168687313
55598,0.14580476505434256
70390,0.9992090471985368
11886,0.7989064672390999
47346,0.9991796283770137
64007,0.837032671623074
14307,0.3364773736231192
61340,0.3911600874592841
26999,0.9992132282660386
52269,0.9992321808359492
53495,0.1947028404443596
79326,0.9991592580889133
52237,0.8760504177709058
58800,0.9991592580889133
67980,0.9979980151232252
21659,0.9991592580889133
48172,0.19245074444087243
72345,0.12522777412715005
70273,0.9992553587845976
37815,0.1411583318298646
37691,0.999219674285777
37356,0.7714878264680377
42865,0.8684525975482283
43635,0.9885675023674132
39493,0.998782559211412
8699,0.12971447371967737
19360,0.8620175445876769
17409,0.13330594637497478
35576,0.843000542066984
30417,0.9992361022576369
20725,0.08581206045566055
12271,0.9992090471985368
8497,0.9992830712711517
34470,0.5127385132246716
46534,0.8726624353285979
18478,0.07416941425956297
78364,0.86855249281026
31787,0.7227346168201074
37851,0.9986988710849971
512,0.9991597735752864
71690,0.8073324982281885
70864,0.9992090471985368
3334,0.9992365787357694
67801,0.9992860195562755
24790,0.9991592580889133
56587,0.9993991233406568
25445,0.997986023008521
39619,0.9991684563670561
51501,0.999390444307492
54813,0.9991592580889133
4545,0.08949429307998708
57521,0.8843228938775677
43611,0.3065933859378876
59146,0.21956444173750972
6941,0.9992090471985368
74282,0.9992090471985368
7223,0.9979726029456992
62152,0.9991597735752864
59548,0.6610757281065138
65286,0.9992090471985368
51543,0.9992685545762147
21882,0.7948630643037293
65842,0.2461926954811451
78956,0.8899087418294018
65297,0.16570575951820102
5379,0.9991722013748239
15583,0.3489347168825011
8574,0.003817208169709135
25512,0.9992090471985368
8368,0.9993827219205005
28433,0.9992815822889082
24941,0.9735842367370249
66199,0.9987734935078629
50514,0.9991930750257411
35765,0.28130155846656046
28982,0.9992501375313448
66064,0.9992858093849777
8632,0.10569934392159912
28703,0.04851723631712537
49582,0.9992690558826769
24065,0.9992679030368636
53534,0.9992048258637992
34765,0.7900170675149639
29012,0.9992090471985368
54034,0.9978705309839335
37551,0.16356858284180434
34053,0.10155462257507646
17611,0.9987735060125887
35573,0.14458062270192668
67687,0.13859850000534468
55343,0.14458062270192668
73703,0.8058374778072306
54236,0.9991705535775957
904,0.8985613392795578
41092,0.22910221086654903
49151,0.9992090471985368
62060,0.24893196064073714
63177,0.8223245494370235
15415,0.12177487845900736
49238,0.007431625751191688
77940,0.5403802637460823
18643,0.14995315062105927
35848,0.229102177222975
6390,0.9992773734886524
24551,0.9993277324981711
52169,0.009753903506943735
75266,0.8678826389917047
37757,0.07967204291771493
50806,0.9992090471985368
1533,0.8568372912799898
35060,0.9991592580889133
15658,0.8985613392795578
9450,0.3176059250375614
23022,0.9244793313954501
41231,0.04094398506404964
41402,0.38820399235423997
24576,0.9992642254289157
48240,0.9992642254289157
67798,0.5127385132246716
18367,0.9992332405322665
42638,0.8192073975885436
3686,0.8550674985665866
42186,0.9992025134619124
11203,0.9992090471985368
13422,0.18320597920337078
56079,0.9991592580889133
47959,0.12691468719470977
27300,0.29268065407753596
11565,0.9992933492042996
33522,0.9991592580889133
31645,0.13152556820089034
40752,0.9991592580889133
76809,0.9980144514359598
71061,0.07066561408972419
53295,0.999074384208705
74261,0.15437711132673554
70559,0.14388873664914223
19728,0.9992090471985368
41577,0.8949728949461238
34838,0.9990679471281595
30195,0.32667079553071793
73196,0.9992258922445498
59697,0.9991592580889133
60896,0.9992090471985368
25655,0.9990137634951356
63909,0.023253435145765992
11342,0.9992025134619124
2176,0.998847642307306
8817,0.2755469030145709
37852,0.3014017283587901
61178,0.22083919926698792
53258,0.999074384208705
40800,0.9992933492042996
13112,0.9990820722510826
14426,0.9992090471985368
15066,0.16755730811528335
67092,0.8726624353285979
63166,0.9991592580889133
4522,0.9991221970711098
6403,0.8666880922084076
68830,0.8149221764715279
40226,0.8246483073917299
77047,0.13704999642873208
66636,0.9991592580889133
9665,0.9991597735752864
21,0.9991284933695608
50236,0.9992933492042996
76801,0.020245349445592264
6451,0.9995749327566129
63180,0.9989743776362282
47253,0.134656496897645
11749,0.10365548819076272
37997,0.8052963988225802
4921,0.8761258382399459
69933,0.9991466984645624
54211,0.9995505558862624
8164,0.8640506166206917
38177,0.9114155062875553
58250,0.46589155899706036
73356,0.002414679223699071
14256,0.015602172443498366
77109,0.9991769448351305
12700,0.8913605467838197
74022,0.8529183841116159
57291,0.9995749327566129
10909,0.18008497777829122
47311,0.690972845198168
45539,0.6038041946261637
19524,0.42876580531347036
62015,0.9995749327566129
24584,0.0008719605978403997
20440,0.6301529235936173
14643,0.6401792212321413
33551,0.06312483167573392
21135,0.11639815553035943
17198,0.2284118862366065
46222,0.8907217705686412
19709,0.6075810888405319
7884,0.15244583412616822
62445,0.005705173406501864
22632,0.12104171262144511
50076,0.9995799922107811
27618,0.09536277407213246
3108,0.9977981548141192
7926,0.11959180499489558
62671,0.6143314573157829
57229,0.9995749327566129
75655,0.19511827929121145
62399,0.43629638282989097
77603,0.0451340885280715
26270,0.9958735003196967
56007,0.22949980616608404
35593,0.8057071211727008
51604,0.999153689101204
55823,0.9990017508266965
30803,0.4918078475386707
27076,0.9416089884299618
66837,0.004362470096327474
50022,0.21049309123244855
57397,0.9995749327566129
73653,0.891885747994987
35343,0.7535525371200678
55014,0.005011534094664509
51783,0.9995749327566129
74922,0.9942946509222158
48023,0.5677037987836573
60068,0.34989600624369055
9598,0.9991497537149018
59263,0.005565217335895849
9712,0.15843037769751453
52434,0.0315495429462082
47456,0.12411549893536065
60946,0.9991377204906472
39777,0.20969245023439
51535,0.9990090818209127
36726,0.6027511668334714
78487,0.1849942675517473
6821,0.999153689101204
41849,0.999153689101204
66601,0.6954525640270327
39424,0.2933693164348142
62932,0.30049531623228565
14508,0.5677037987836573
62806,0.2910388606886932
20374,0.2632187964599446
58028,0.005565217335895849
3693,0.9994140774742619
76980,0.9989589944287124
1601,0.6075810888405319
76641,0.884238363993095
43155,0.20677271649939988
7815,0.004436078453536546
49350,0.0032683792467742964
39009,0.5393750695280848
6735,0.06124034333262094
4289,0.6044012636359251
22581,0.9995749327566129
24515,0.04412045916149913
26876,0.006521840007227112
53620,0.3539079852652051
58335,0.01978962579574031
58583,0.5677037987836573
45207,0.06312483167573392
56879,0.7754177285902546
5632,0.10017898385749016
72099,0.7174857592249932
76857,0.47371662905654083
23799,0.018327244000228466
32522,0.019484327965913484
31567,0.14992775017162208
73355,0.726900627924299
58514,0.12321173997479615
70692,0.9989550292271838
1111,0.9800349749037646
46699,0.9992126638729242
47775,0.008403088251524277
8383,0.16410766234446056
62867,0.7070225206501876
58705,0.867068501020928
30009,0.8119613965213366
45267,0.9600568266273657
68216,0.11677101886534122
23635,0.999153689101204
56691,0.14483687298604148
46063,0.9071578035979324
63304,0.9994937824066954
79163,0.999261623834733
76386,0.9991586680740961
50660,0.2655597218974856
27913,0.2804875773045579
42757,0.9991377204906472
47942,0.18307826798411278
26009,0.999153689101204
59578,0.9995749327566129
63131,0.09839787917408448
70873,0.8745898778427523
184,0.061272638216248176
9512,0.5677037987836573
35935,0.5413061780669067
21312,0.8674616490143376
64510,0.7780280488576908
73962,0.20950348111583658
72253,0.7175289594399502
34724,0.9995827530057023
74253,0.19176626746773504
41722,0.2872684663111402
36856,0.09206992240322492
56442,0.04031541698374084
28256,0.9992743952793968
55716,0.18907527117758285
23505,0.08598098861851662
76203,0.9995749327566129
534,0.9991584132340672
56145,0.10733625399021335
3831,0.08678423228046263
37194,0.9991439795730946
37404,0.6654489995508456
22526,0.007593284172466736
12986,0.8092955736258287
72279,0.13882334617075287
63968,0.9991377204906472
67753,0.19781776072513096
26174,0.8318883885683958
46667,0.10388246039693189
74976,0.7697136266844402
52045,0.3186165967677381
52130,0.12135224294970502
78897,0.10817105134639488
25531,0.9992206527798282
3993,0.6999167908712999
24668,0.4428384636549643
46304,0.993936988015127
71172,0.982528636125786
59740,0.007359671712696404
17951,0.7452336560628542
38219,0.011607133884283595
37283,0.4531330500251097
59403,0.14453108915472526
57027,0.5586105345724446
54914,0.9989210578636182
15730,0.175539473856493
28107,0.012521391223704013
34313,0.036080642410706285
15669,0.29206772460288666
3882,0.009067694558713191
10797,0.5677037987836573
10992,0.15910048228846316
62684,0.34652458952488024
27477,0.8590965437330597
22560,0.9814160216215664
25728,0.8966726597927994
21972,0.99951846211097
26045,0.07622834475534493
59619,0.4138884189947462
9322,0.14288939510924908
4643,0.8170897396615406
6321,0.5459370318322885
3056,0.9995749327566129
48876,0.999153689101204
12319,0.9991377204906472
67577,0.9995433235855968
27294,0.9995749327566129
3600,0.5677037987836573
22287,0.6075810888405319
25742,0.995704340112745
32684,0.12686054348285392
74094,0.47120243258894456
34556,0.9991377204906472
39434,0.009971484489495495
17746,0.9995749327566129
3308,0.9953610884803762
26540,0.5677037987836573
7283,0.43137610662175324
30162,0.0038162601677005125
76507,0.10941496247027466
38399,0.13288892081454884
34073,0.19848967199739387
36808,0.12856685882828026
62652,0.004384348548828877
69789,0.15729812777850244
52749,0.14723954421012253
60747,0.15143084910159335
12645,0.12876093385231382
55413,0.09856379911458973
2408,0.7916816236010286
75269,0.15980628419228593
18729,0.36367528950386424
35845,0.0010216060820630684
26884,0.8083843650342353
52183,0.2677552136420129
61609,0.44004621553945106
18511,0.19825570805739387
40664,0.8708864098811236
28563,0.14642742054026242
78533,0.20538634302261172
56681,0.1637836928297058
11096,0.14457834378146694
41206,0.8481784446135766
59315,0.6735756706244245
51870,0.5361923078143793
32926,0.0020739903095601526
4077,0.14566176654305493
3578,0.23447417107815383
68240,0.23288372534786755
55009,0.12421445604798258
9336,0.007862752164936131
71479,0.23384671656803
6115,0.20154262310322796
48600,0.8377379147634171
33940,0.2079124122302046
57296,0.8158354717131812
20774,0.8687565651839443
29165,0.13237326133091104
9860,0.20552919348035203
52166,0.7945678052076699
50659,0.0783881893597888
78410,0.8823640470653707
67708,0.3374760105849096
74593,0.7478539499990035
18954,0.3028476966055202
56290,0.7363614851132826
3207,0.8889529114377489
65489,0.08151617402820165
5631,0.34563096499734697
67751,0.3323684303837492
32736,0.1643464456865972
32146,0.22500698221690354
58361,0.14549928084747504
57034,0.06239913508130957
4113,0.23475699272229608
22456,0.13844445738667802
43320,0.10533185264219526
78674,0.07116465341526133
73743,0.16277484865602082
25875,0.08236268614240279
45135,0.001340774410486891
67266,0.19808526943129323
57206,0.8458859136549125
22219,0.09517984841123946
69671,0.7991911667744779
51944,0.18983716474077741
48587,0.19189778322721673
16773,0.1520693783029576
36127,0.17936349140229296
38670,0.03585397585743496
34095,0.11492378079480506
55047,0.30066036356601455
27216,0.13059718673384008
50803,0.05872538815024419
27258,0.12975267825670897
4960,0.18802559905902047
17224,0.653824553859024
34190,0.126074387730452
9967,0.011987191117330317
15625,0.19612843132955965
39310,0.3531229313484734
33710,0.9345805654125492
6642,0.21959023666467847
44437,0.09501940495040702
76288,0.3159835753098875
10003,0.01887456588608591
9766,0.09329245323256465
63789,0.01514441482773297
16443,0.12663113441932464
67757,0.02514989602064998
23398,0.06464175333928
53840,0.8839059386150208
2697,0.16434185697875994
28794,0.26993802246608894
25108,0.17808021556161185
8499,0.8459190257754962
48658,0.30714019167002293
24768,0.1629144888538254
39880,0.8408085262589406
43723,0.10516990833425639
48567,0.17116254168242037
5029,0.15438527709909677
10746,0.03339645625666651
55179,0.13806383421948049
43316,0.725587808411553
43202,0.9990237042679557
49987,0.16949911928222294
40179,0.9416710354006214
54796,0.1727841549532715
32287,0.05833450061883129
26466,0.012453752521866686
52149,0.2082812550878032
24366,0.14455273083801873
15676,0.20095324592328884
38503,0.7856325085141374
41278,0.7323272215221731
44154,0.7229764598869564
58474,0.11361534654733135
12021,0.09669779827808846
20097,0.03583328856081822
69296,0.12045586651257335
3903,0.9990472696308601
9237,0.21249017129952655
37323,0.1723485040103016
44041,0.07753104578805205
22941,0.1300993647708585
69567,0.036258023211243905
59818,0.01158546369232328
19756,0.12936192581523465
16205,0.2400399945267089
23302,0.32221228830785054
55984,0.01101728481334936
23902,0.2637990722913429
57955,0.8892687447803174
11468,0.35900588537536055
49957,0.008289754566726109
28549,0.13061341355366235
43382,0.9816582045946839
26864,0.9981839315981785
72005,0.9988757489425428
26438,0.0436448378323639
11641,0.732225422942096
66085,0.7631482937109142
29377,0.8641819735147444
75816,0.10824727068131092
51143,0.2544103516377751
11953,0.07140405194287386
69112,0.14455273083801873
16576,0.17225304584333662
79323,0.07325428372106102
67157,0.999028867441703
29237,0.023630275796061743
29203,0.7277903233473795
22254,0.7206341854160444
16821,0.26391978320585757
5009,0.20656508940903476
4298,0.13973150154400382
45415,0.08235726341960818
76467,0.6314157243347366
33896,0.010679582928621003
35549,0.16550664307703525
1800,0.3507158163309943
59242,0.015099957259591939
56161,0.9147207680295705
2388,0.027240662554157344
63141,0.06816785620767359
73011,0.09713865525295977
31501,0.21676569474119592
6067,0.0812089351662826
3513,0.1848702898574418
23385,0.05410645579319669
38699,0.8631676435850894
40325,0.883480224285584
19015,0.09320603130668825
45345,0.006523067679080837
38527,0.2221776339828256
20673,0.06816785620767359
78427,0.009380984513356842
75969,0.20546092620611725
57789,0.3696684175978072
26914,0.18518117310533908
2264,0.11500570890917634
7803,0.06825010109801653
3146,0.17225304584333662
3261,0.7379858532687906
42177,0.7336209711449605
27386,0.1480481806934815
17230,0.21371645217866087
67311,0.008825530766724574
31950,0.997502423217593
68110,0.37656301474959036
50011,0.11949286996487786
22503,0.06816785620767359
53234,0.15688983274163257
1512,0.0211385853575939
31696,0.7510753888890305
66481,0.019074394184012782
48787,0.18299601976671498
37957,0.35559688738868694
69174,0.14453060638877668
13118,0.1572576200143779
15377,0.009119869932789317
78367,0.10069796659712321
13699,0.13111478934971557
49626,0.6423789935220315
12804,0.06816785620767359
58585,0.06816785620767359
46492,0.16432700918729629
41784,0.6817264847179212
71401,0.36138103899292706
77595,0.1059629077866877
48898,0.13249972711829153
51004,0.15255619965948863
39926,0.13329778783105647
47932,0.16432700918729629
14040,0.037241950939561584
50834,0.23278437032619337
50605,0.19236667039466038
39537,0.07140405194287386
59454,0.09923459134718096
48738,0.032167528675707
36720,0.13671762894936806
72226,0.1751277733201391
27495,0.011990611501701966
11149,0.21716427293618704
67609,0.07644294074269302
29673,0.13212514101766473
21785,0.5077248980893573
49452,0.466337005709448
17235,0.020466780413404495
20011,0.0696672617362253
2247,0.009119869932789317
13393,0.9990472696308601
16221,0.16432700918729629
55536,0.10366401322997647
53271,0.7599356843983799
25802,0.11783616632242545
1712,0.13716685367266512
66253,0.1737410556529007
66906,0.12160956998787587
37870,0.8756948404196674
66941,0.016730008896720626
35866,0.13803696713806474
4330,0.8396082083713452
7868,0.6228647284668868
71124,0.022498041146830388
42341,0.818153312269321
18681,0.5424078855926289
21231,0.7847626184515358
3658,0.4865410219614866
61051,0.996560408180092
51106,0.10394424098360859
47941,0.2851492919022251
24242,0.054183892130976644
24409,0.17186798590477972
54092,0.0034907937342996123
21033,0.22987375201281865
8982,0.03508188165495485
5970,0.051030768271967036
48156,0.003007298200627038
67778,0.13047332604147288
28089,0.23420620386903934
36552,0.20287107255123138
38401,0.202533487846025
72232,0.23608525036294115
3393,0.8426672595940311
46127,0.9991088939707402
73233,0.1764772052172611
71714,0.9995705307651641
17078,0.1066494528375456
24681,0.5026826106577493
60665,0.3633038349861156
18676,0.03585863059516563
59264,0.001552735829584824
16485,0.5169420301719585
27087,0.1407898484134619
51631,0.0026668157761265973
54584,0.2078629072696012
59968,0.15750121348365007
26486,0.7363811780603013
34298,0.3240263452175399
1287,0.3778631433056347
48399,0.9995705307651641
15060,0.5898404441439595
70128,0.17894611009478062
69534,0.18026703940883396
12455,0.05976950612892052
21700,0.21100726136404474
17216,0.03884265411356
47476,0.08938488800289217
18228,0.012756518776609363
57436,0.9995705307651641
22565,0.08016324358267742
34405,0.7128192124145504
63039,0.35333037277579804
57264,0.5026826106577493
39182,0.0011509007762553886
1846,0.19256988466700592
7502,0.09977588851209182
9567,0.08355382397552792
73736,0.1204254642612081
61472,0.26080285137188197
75115,0.9995553279029606
5453,0.08859191624394644
705,0.19714720869309643
41458,0.15611354526261825
22445,0.9422826298362651
52772,0.07902313725958447
77859,0.4583463828838611
7426,0.0883018380897641
44788,0.18690250632106709
20766,0.0456158704253601
44764,0.9995542098084444
25302,0.5465417617771856
48329,0.13645650559658445
62020,0.23085513341523192
76444,0.6628871049069345
3550,0.2065638992457497
1767,0.9995705307651641
72189,0.0756846651234655
79156,0.2819207694787488
30581,0.08869510704136839
42449,0.144136456561165
21292,0.0009836559918238077
52276,0.007837194233041711
13201,0.7464709021332501
15234,0.09303893598151701
76383,0.060666055351553685
9644,0.7809973971796182
53791,0.17098838909135713
25836,0.008898314480918742
57390,0.8227873741564065
50908,0.6917802392980207
50808,0.10347682373050951
45611,0.13486762057179913
30485,0.30485419329062546
25186,0.20659459487209314
52475,0.04291217304600224
27098,0.23443536385233052
9666,0.15875664522663496
53014,0.17046686347172854
25588,0.48961327048965236
19337,0.20830320067861746
18473,0.9995257366237144
43437,0.9218463577906711
982,0.026691532838333174
36026,0.19521207536966914
62815,0.44222735603847685
52648,0.9995705307651641
5268,0.2831760277479992
62304,0.3662509056871324
25823,0.12865104682602163
47964,0.03868856883860958
17185,0.18713842563022634
64290,0.14769150668356557
31662,0.05153231879417577
9676,0.9247088874046689
75894,0.27497265361285456
52443,0.04639387749018146
15959,0.1577332326129338
22334,0.09239327339066102
54644,0.07889012208742995
63854,0.2304164574900508
50669,0.009494798269123536
51223,0.021975419004281523
37823,0.031267551649577355
13567,0.16668303415619012
35201,0.028391746380187977
71792,0.04643085272410309
32500,0.3104962977856488
17904,0.23614371091388156
74295,0.7803390746786093
69614,0.9433195789529911
5286,0.8419655794997664
77111,0.1513277539641936
6585,0.8320727696373783
35986,0.7644428292311786
2025,0.0728524395501757
23697,0.8467131668127528
7189,0.02647741760857257
62908,0.1602855189531449
66333,0.38027358267240197
21798,0.395509630386812
69583,0.07736993224055418
67925,0.0647862021232764
27686,0.9502483327578432
15390,0.8361219978568752
16259,0.8160580245653862
42083,0.009039141824277138
52254,0.1958163922650941
76204,0.10908277325683254
73182,0.140031843651269
60612,0.29564067736939514
27,0.4721998366359368
38534,0.18584714550177797
43816,0.8410061373276971
19484,0.0974833106240474
17178,0.3642821475517043
45292,0.021975419004281523
10249,0.127768753137278
38840,0.6811232394044051
5701,0.36554598498002255
72710,0.03467824215882028
13537,0.12068359591824279
71631,0.8646817702511546
52799,0.3257108226087031
40729,0.8361219978568752
22839,0.7422680138713202
37887,0.9407184323440855
18616,0.026479474232872013
22389,0.22325324801386556
17975,0.022697996298337842
15829,0.7558753213572252
75174,0.022697996298337842
77849,0.03868856883860958
46902,0.011314954168247815
45811,0.032003203159578955
45892,0.8303512950211541
1083,0.04378634002202977
20759,0.008199419092668483
30184,0.12683717363615385
35990,0.009430823608792343
52834,0.7799643423292217
18688,0.7910535345155255
47951,0.27988380872713314
19931,0.5160904204455699
60670,0.9024406544273396
10597,0.023000244653048393
52880,0.05551290331003959
12788,0.05723185042892281
69186,0.12954195896705228
35482,0.1547414278259316
22541,0.49652517782848504
39116,0.8204543492324149
39594,0.7988918555139507
11144,0.9354318312634012
47290,0.9024406544273396
3960,0.3193759407608284
38494,0.7658362688595229
24645,0.0023193212395219978
73808,0.039195209210956025
65181,0.09385915532859951
62983,0.8766458972155402
435,0.2304164574900508
78935,0.7239073698463634
25371,0.15808918435727373
51987,0.2605032614545193
2204,0.00686157541828566
68039,0.7016788843888526
30042,0.026479474232872013
48635,0.06057875846892661
78027,0.4190992031481501
40275,0.18088946606164683
33070,0.010625102711333663
38398,0.8179601533389882
27598,0.12346023938569743
15175,0.3311965006733398
49896,0.37731008498009744
25711,0.25695116616313596
70319,0.10424376822443318
70455,0.756074785393653
43176,0.07497520827076112
7241,0.15077447991384385
63333,0.9378058609819252
53390,0.26034819271821497
17317,0.02563967404197451
41151,0.6833247018881468
27273,0.7980411116460705
72852,0.01812167471682285
78350,0.6854286006779986
42478,0.034688205736682166
15946,0.9008320232081424
44298,0.9614440808735061
34137,0.15910309118801413
36973,0.06765080391108025
12211,0.2399914199473871
30807,0.7595628510502387
65366,0.8303512950211541
10713,0.9279008883154505
7067,0.7023629891847336
37831,0.843734500532574
42214,0.8610463584538104
67472,0.22519258748526802
28583,0.18474563965311758
4900,0.9598556754241901
58283,0.7538647040780694
71478,0.03308068893277617
10663,0.023000244653048393
62907,0.9070356213987341
53144,0.04106933684954516
3448,0.2477455315448438
58123,0.012859702355302167
19406,0.2853718930720455
24912,0.5653103204127993
46765,0.040854539316694714
74234,0.7453370748449739
42724,0.0884465235713963
65284,0.1410304035745855
15403,0.06099611757517026
4596,0.7398664568328388
47837,0.11745473882005411
44853,0.8611747166589293
62814,0.9193377458040238
46282,0.1818797185871662
54500,0.043071507418327305
19363,0.14198359789714135
64038,0.15322792028447546
12195,0.03745301625182832
55686,0.10703806055829602
26715,0.3127060918404029
76517,0.14019657993558662
54146,0.12181899256701342
31277,0.32177854161352387
3812,0.17915372324794662
13124,0.3543277421477319
2292,0.23422511687494946
17601,0.13062934079175617
55917,0.022890515773239785
13287,0.2862945668588014
16041,0.0333704993795552
69340,0.17242529010058208
43474,0.22735860548563014
37931,0.009723113570061342
77128,0.8303512950211541
1660,0.7561511598769276
59415,0.3433394567847851
29023,0.4221501973072001
37368,0.952615641080529
69783,0.03800181936814602
46630,0.2224197744899858
24289,0.10088438006444367
65688,0.9218434055589149
17176,0.894177239092323
79297,0.31963835802930696
11756,0.30825840955945116
58952,0.10978635129704166
38290,0.022697996298337842
39143,0.3280848841733413
65196,0.29153434135977313
78247,0.03183593869443303
9429,0.022697996298337842
46613,0.8848373140180723
23766,0.8265405178570254
27504,0.012853672894913792
32401,0.889577334098005
77122,0.8577289858876432
20876,0.009494798269123536
33949,0.7412611911815897
16483,0.9017897751789988
2607,0.834213547156975
6415,0.26988160038185743
7039,0.8921738580948323
6,0.12234189416782264
19548,0.7022232032722987
11664,0.14871764993602815
49614,0.5625099613002332
60956,0.02547656793417396
441,0.8342377699168951
78495,0.2659942722429891
44323,0.2864961426143462
67475,0.10723547390348363
9118,0.9151988383297543
18910,0.1010282896999366
4871,0.8825797000917625
6566,0.8361219978568752
27461,0.0476946765522542
7705,0.20318607410781098
69859,0.9991655008092839
77961,0.7968828654929311
46459,0.4460234261426333
27604,0.35507834379867476
24648,0.999313359711606
78266,0.18662403869230074
29282,0.9155450352065317
7665,0.9993251273827448
9822,0.9473946160090272
33065,0.25919433196597647
72468,0.9993290984359707
6458,0.22111837084847896
42270,0.9342597121233301
75246,0.7704217601779401
27220,0.07586052438632394
12876,0.11135308528825097
8303,0.1864182749314543
21331,0.8779769864803854
59800,0.21007913469694475
53901,0.3127573413479796
25466,0.133803263305678
49980,0.21519516610563774
13728,0.6610062662954008
22874,0.1064413350067082
4455,0.224304232980884
3516,0.17353512686438446
24497,0.002243051956565326
57806,0.7686127619518434
45105,0.9884869498564597
36661,0.008387362979599466
58391,0.9993251273827448
22561,0.12243793698958454
62709,0.9992145523146999
60524,0.01911621410859084
26568,0.5481229397911265
9954,0.9993290984359707
56088,0.967132436161139
28523,0.15569022946445504
17960,0.16405435914247046
55736,0.13186390494801797
24277,0.999313359711606
50673,0.1615662710143283
79112,0.17629860470322556
1618,0.18511958969335815
14220,0.21168021606146994
12122,0.9980904427311493
72448,0.22604128726947265
9523,0.9991667669191461
63826,0.6787696278660088
73191,0.008892382292823324
37698,0.17274173232553605
17694,0.22762507991108794
41752,0.11624946908823633
72285,0.999181421460109
63239,0.25957454938911795
42598,0.009241302574817615
65942,0.19551029559545066
16604,0.9991099835131197
4124,0.2675672310052047
46327,0.19867070075069812
67574,0.8949742847101754
24332,0.21449675648533617
66559,0.020073164770831844
72020,0.13703554068598234
7435,0.28533999159859874
68338,0.13403318995970012
16651,0.12302761499301881
51799,0.32714322181603084
63798,0.31646166257587766
58014,0.008607297847733293
52980,0.1636767708719861
56133,0.026773981440222687
30625,0.23755079085319325
73303,0.2741880188309895
49108,0.9987960383981139
72748,0.26937204638159346
53818,0.16309686102906518
13306,0.9992145523146999
1264,0.16172767508040975
8540,0.3275335687264521
57066,0.8488853621181925
56625,0.01572541807975831
39387,0.21564647850047572
51994,0.21565736054114715
71740,0.999080262953477
42629,0.2248363337729119
37306,0.26627517976889714
59333,0.20351109270183596
45907,0.17758492450209656
18395,0.4730031921148216
77592,0.021673195091884468
10846,0.9746255760962786
52670,0.195726667029088
396,0.11064418154510096
58842,0.1681116184195631
16489,0.007999074532084758
58047,0.9993437068571026
47459,0.14152847063824733
54593,0.9993290984359707
70043,0.19389173628746187
61456,0.9992145523146999
32100,0.37357516326193957
25169,0.19204150388872515
6859,0.3187004511228256
44553,0.16424771553893472
28476,0.30803913015696727
48482,0.1585283846221026
38188,0.4321328961266133
79040,0.16529419652863483
17280,0.15880010554172677
76184,0.24081501366792316
12197,0.9992306801065349
1226,0.15484111242025145
40404,0.8557156112686064
6409,0.1306549284484081
21663,0.28359616145014666
61337,0.060862567482683864
44294,0.6528853008775197
68252,0.7730249629232496
6956,0.32833396464031805
24347,0.9358154381400848
69861,0.04267456540783117
31352,0.47426295175760713
75228,0.9989193018740515
4861,0.21027977793097838
59820,0.05146011546716763
72067,0.14718832727659967
22651,0.11354166697275993
31515,0.05429614441595405
16677,0.19281561503259945
52949,0.9994529001985069
15468,0.30281267315838667
57325,0.5552310311441285
9467,0.09089041252702465
14569,0.2081025747428343
65309,0.34075140953331895
60168,0.2505456349096525
20472,0.15941132486996873
28005,0.2874095901042129
54863,0.5420347709142648
43169,0.0040037496975027925
55421,0.2426262573054716
17879,0.18983394671023587
54349,0.8865679092116125
78417,0.697422988180471
14408,0.2456242311400985
28070,0.4130940891571803
75407,0.9758575494207187
68172,0.906061097747326
34228,0.01972695996406138
37117,0.2472116824250148
69136,0.7834598951730438
5968,0.9992191735000799
34955,0.996740708935816
68344,0.05022269900287024
56489,0.12728070886394677
10996,0.9876226546469203
24688,0.30062751686264066
26163,0.29267202459045405
50548,0.18052753918230344
31336,0.4571207177996528
48227,0.999256536604672
3890,0.19494427053221308
10867,0.20468293046422523
64275,0.39255422653283767
64667,0.3051648300046698
29428,0.9992789235835823
59221,0.9422499040345073
11056,0.8661473309267056
5640,0.0013701073804410174
65,0.9992623302479973
68759,0.032819039163828105
13673,0.9983574374890488
19417,0.1091563687224942
30756,0.14861807633007326
73827,0.8464948897444795
7971,0.1985006055065988
55236,0.18563394655457563
15592,0.9980913749154426
12662,0.999288612493783
59527,0.7539066692786145
39370,0.2542892734787806
48167,0.0028914827654938006
10224,0.11109109593945442
54650,0.12250327290240116
63925,0.13473069914598834
22223,0.3708455579123442
17869,0.2076249587424082
55241,0.32276111547298564
74468,0.754010342989316
51225,0.9992640791089957
70086,0.7718250629728468
52800,0.8319382835047033
54082,0.7586831976100056
16463,0.997964487663854
10111,0.02678016820339239
45435,0.8755046082976218
40726,0.8010614783294007
16944,0.4151828624246871
75562,0.1528684432000041
61405,0.999293156482766
72980,0.4035840126301717
48739,0.23461900989293047
9617,0.254335606207611
55843,0.32219568286680134
39824,0.7885986691645455
8661,0.1727065277811028
65564,0.7650872041913807
10968,0.21789463847979712
17190,0.41471808133383203
43061,0.3071568073778997
10535,0.9164476526649032
48409,0.7839011527770402
42104,0.3158512760170065
27314,0.11726076536091112
14240,0.6975375334849091
12878,0.038092748034817436
60253,0.8321149146505434
69163,0.1545256930989119
38060,0.5169434135167812
63173,0.9816504653246926
5303,0.44832519346146693
15798,0.20360748165409304
70647,0.9993524001161005
61087,0.6999620747619293
57428,0.3575335207378901
14777,0.010707178188443226
22788,0.7019640018048573
63529,0.41676850324980924
13687,0.7054471596465756
58793,0.2104652967866113
22464,0.7296271024203721
7751,0.08002740404642661
71240,0.12697487332136392
5350,0.820656266933494
50638,0.9990813939278491
60798,0.2478796532373103
3455,0.9992789235835823
65899,0.021947981099396732
47911,0.29548373483974655
69913,0.4581974785028361
13339,0.0019015395312891382
42408,0.2712623267072358
11168,0.04332917652599909
15803,0.005371950133842496
57798,0.602896883819094
36081,0.02679034628632215
72082,0.0030282173944861943
21826,0.4569705962910943
20558,0.2466469028480295
39951,0.20141954762319447
21726,0.16982351562586814
52883,0.20118763927183814
9809,0.9992640791089957
48930,0.8640755768034812
32323,0.44644486588047144
1129,0.8572899546423385
23,0.09627250864314656
948,0.26805204985655545
33263,0.014979842973786222
36182,0.8253296231443257
50878,0.8757760630229562
20887,0.3311395052722525
3981,0.18855036634905512
42312,0.24491875012000758
15458,0.03277670682600488
55780,0.2667194409854812
44529,0.1687811185509128
31818,0.9992789235835823
5311,0.2739324787546239
50273,0.17242107339291385
2926,0.8480878946404082
7451,0.3085987485904317
33056,0.30865360412039033
40884,0.4314278705602218
54480,0.24566287024964426
49617,0.025423063863111606
28606,0.47366063762285143
8051,0.9991835541109406
63764,0.05278562726295811
4370,0.1540897870354027
7249,0.0037777189789196604
13190,0.8491651144217085
72044,0.5859812704369665
73768,0.09860316434570428
69612,0.871968774091421
71953,0.3972035946041908
27033,0.05114314213755855
45314,0.0025686595091398545
40161,0.16020363932376142
47367,0.8145354871300816
66331,0.44644486588047144
11938,0.20314534157795047
27379,0.9651299122274681
18262,0.25525814948008557
43022,0.8941569300390794
16694,0.24143353494171715
15226,0.999288612493783
73170,0.20434503090527822
54775,0.02188430995423187
49967,0.10046986529287551
27202,0.13432805564815933
77322,0.6770791090625334
72552,0.9992168873607561
7387,0.047410711336677895
74830,0.13921554053254606
60722,0.36783915364397024
18229,0.8415272170016956
78090,0.22149561358386635
74312,0.2326830887499154
42841,0.6617444704938424
24465,0.8858391449676373
21410,0.17980906676168376
11574,0.6540196263407453
59120,0.1560253183861451
62078,0.3001361880017713
58746,0.7820020316209588
5272,0.20683902495241968
33044,0.8005195753357985
46903,0.25564103140349326
6612,0.2168076709748052
30544,0.18171838933202594
50809,0.3688345984628036
35844,0.3160380914299428
65843,0.05851586649737094
40668,0.4288534395788312
6830,0.7949448951462923
54851,0.8552454933334035
25921,0.20386443462920484
4177,0.7886810777114799
2854,0.8365317321431432
16109,0.03604092445260891
14036,0.20154187919948957
55905,0.15562068434488271
25157,0.476018096400213
10347,0.4381803249930244
45651,0.8388345985270972
16353,0.4733259600355981
60315,0.16662716962932486
35569,0.07463493026359751
10237,0.17764842470688738
67552,0.7842008511369077
28671,0.3497285309257692
4315,0.0829158348524256
15052,0.9292605763408824
18007,0.19414936530929333
8077,0.3019012731884222
29584,0.17764842470688738
73741,0.8458165385799058
59720,0.0008057821809586475
10248,0.8073813745494549
28391,0.6556481427360408
46490,0.08913625474623417
57738,0.8642705852763312
32789,0.17764842470688738
245,0.13455044056220855
61478,0.005215076256886541
68857,0.08817638294858651
21771,0.24521492475311135
64443,0.000987100073857955
62920,0.19406581327572905
45521,0.8005195753357985
75919,0.8262832273949716
40492,0.12306852838307208
34641,0.08948494826512832
68648,0.05080986439799919
21833,0.35347309188233217
38047,0.14256908291803216
2683,0.844585957803156
27685,0.8059163650935892
66400,0.07882166050503281
60599,0.8450013169468092
33640,0.34237898312148857
9405,0.8701340311206726
43833,0.17764842470688738
40889,0.1539756833662178
69842,0.7545289562767457
6929,0.8743728384645814
46972,0.15968074588081277
50118,0.14157494525233816
78185,0.1937990376695032
45098,0.8277450873130109
2467,0.3837166665819629
20601,0.3001361880017713
5376,0.9301418460369858
1440,0.05829212588673897
18096,0.2662284373702446
37011,0.1925740963503196
50065,0.7871880733012665
13223,0.8759483544917185
21174,0.13901806628908725
70304,0.7446739435428885
25047,0.9015612508325012
45951,0.02464925028163004
35798,0.03598351446612413
32501,0.653339440798549
20642,0.18546761790905483
13666,0.3001361880017713
72047,0.2338999474028679
50407,0.19018542695434199
23467,0.10634207898675185
34891,0.12394916041552526
2674,0.12862543083356115
38887,0.0018206400703730718
19996,0.9992677355230862
8984,0.8998863047198113
70108,0.1690144023502329
56966,0.6572405616663803
23451,0.18163874653929502
47025,0.23639632773932803
65874,0.9994137145527956
53741,0.6253116410212557
73009,0.8435478898115112
20389,0.9991103191121289
1943,0.3485947593805655
67450,0.9991103191121289
69327,0.030874295264504355
7772,0.5198052782617921
23402,0.9990995751967737
62234,0.3513621307471426
64559,0.9991103191121289
62874,0.035371548628817036
23646,0.056176937589198804
33903,0.9991103191121289
34610,0.12413129759044547
16418,0.0011885429742869962
74174,0.24235033865581143
66613,0.010078314832265465
41272,0.18198246457835168
63380,0.5785029304249416
65528,0.9992576958809428
59661,0.03649472003621159
14264,0.9992677355230862
77313,0.13837554471706504
16268,0.10981878550483087
33358,0.7566766447015449
45613,0.19516446077515312
71044,0.15478372044530414
8272,0.24012353406989256
14893,0.9992537941156886
64542,0.8917894484310327
7898,0.1350575375499813
55039,0.02950599092997866
38039,0.8560044681236836
50898,0.2616244404612413
3200,0.8324582509890428
50023,0.7833860880941435
61601,0.9882189865609481
69906,0.5803917003993152
24112,0.8642031986361145
51554,0.8578168709510657
48796,0.3482715654900391
41401,0.9993649606750377
10197,0.2472999283074813
30925,0.05632633982372968
3744,0.16629845926718348
40240,0.5395891500456714
24946,0.42036778018333265
4091,0.9992576958809428
27388,0.9978554009314202
61518,0.20598263205387443
55966,0.33171678602491333
11232,0.334755353320711
43770,0.34732202906259757
59331,0.9992642034947585
998,0.8555607394928357
45178,0.00197809327432916
18677,0.9624644882650005
64819,0.9992677355230862
7177,0.1641389250676438
38052,0.38111920190642673
2125,0.17064038225831257
36745,0.3642433430574663
17117,0.9991103191121289
18716,0.09691062350153021
11026,0.003386083080034602
49486,0.24613145927121516
12684,0.9990530954882331
29757,0.9989535855456457
65840,0.02076465929667088
56880,0.999116095270938
71224,0.7336070136855366
76194,0.9943416816699706
16168,0.4044158574169814
14038,0.06791128933493533
14975,0.00550822114065866
39016,0.20946582511005524
73436,0.9591981878170082
5401,0.9979115328161491
5581,0.9991103191121289
37570,0.9989278163154006
53206,0.2926657074447361
29606,0.9977374047735252
46010,0.2010243217893248
65643,0.9992598486141377
72577,0.1006709475535658
3405,0.9989080843941675
30216,0.2665400512282826
40485,0.9994377971145767
46117,0.0008352107895948407
39294,0.661296067036341
78984,0.1301386062597014
19456,0.04475748980638509
34297,0.1263207191103323
21349,0.0897177088158405
17350,0.6891849183951262
56951,0.997940653662926
69857,0.0029906907221775715
9855,0.7793084502250873
73628,0.0019693995614628017
23438,0.8917894484310327
7759,0.010003864244322761
46,0.33205051611515035
4748,0.8156146726382825
44789,0.029443021878552578
27290,0.9991103191121289
45753,0.8772454251072934
1779,0.2868732103050008
54912,0.7990740639702515
51049,0.8907292137527294
44113,0.3546928380813107
42817,0.18813445650994534
74142,0.9994318985736931
3647,0.21060795061719959
33269,0.12741879672992568
58986,0.13042133855493074
12212,0.012291781067873379
34867,0.11556239500791037
46112,0.0029696061526737955
18241,0.18995048300330677
13581,0.8216855701311674
16996,0.9982212082861056
76421,0.19148000413907104
10858,0.10106156111309508
54328,0.09761834689635375
78490,0.08411052863487455
44784,0.17404882187749438
69059,0.03923836912489217
9388,0.013114411213733811
42426,0.01964521736912174
60532,0.328515038157339
24221,0.013825026439058693
18415,0.47845157220529627
65808,0.018334861667479985
57590,0.8361005603710678
36821,0.021730496071567167
34020,0.08026923885909018
16474,0.003243676664156093
3737,0.8655001671561564
63594,0.549580640647352
640,0.1367779608431754
46816,0.31394883238778953
22008,0.7865790145565504
32676,0.025972660563187974
1081,0.21394275819188208
3213,0.13622042928025385
21495,0.020445488065827414
15331,0.13823997122699588
75833,0.16955609666338886
32964,0.3186825570846013
57988,0.15408022329263082
5966,0.3148470954577927
8255,0.04027147822249212
66556,0.038970201515495614
4097,0.23896813598708802
7712,0.01033507683621501
32578,0.14142230579471507
52704,0.0006161583497537377
26925,0.08994880783860457
9985,0.05850824510882339
7112,0.13509372099663614
29723,0.06888379198329536
15780,0.24447702589364695
2396,0.2277353033133153
43924,0.5753551975203843
59301,0.13179610027575084
42193,0.4055020493791082
69306,0.1344952965603311
1781,0.004627561351278398
50279,0.38965518380258624
26015,0.09482156116708845
37191,0.08191722837522751
54419,0.19490505574172037
35448,0.8082604744272051
19057,0.03843214425593205
17906,0.27079875603808096
2632,0.8776135882243685
16739,0.19967454195245948
54183,0.6656340273774759
73155,0.0297267979644799
3592,0.2277353033133153
73281,0.13695143174260113
8585,0.008487252592516988
66423,0.01659538983947292
71382,0.1359175744675519
9417,0.037747878335512984
67593,0.03474401812280141
28177,0.0032294191359492387
18689,0.6773164594724357
21310,0.2822480246115787
37322,0.8566195196866208
36819,0.03058434242056059
42854,0.028431693917027618
55747,0.045382943023388016
20012,0.08325644740748858
75513,0.08323206154556094
21731,0.08109846883021905
66178,0.070556280347478
25476,0.22438981349604195
40135,0.6116908291420031
4479,0.38972610960695947
4607,0.15740357284494844
4430,0.28540431206057904
28854,0.999461221731396
37696,0.0351007373642446
21802,0.999461221731396
27893,0.3797791854296164
16601,0.24642926120125652
38623,0.07145278953983723
73339,0.19230387868516619
28232,0.052328004215898595
20606,0.019430461417156337
5507,0.9992823999681274
43263,0.7535342015009895
61769,0.0482948233084606
62949,0.0394667288874872
26899,0.9986267709227296
36742,0.9993285207121685
24510,0.9993127684442631
74813,0.06413797387018057
58943,0.027381979110858018
74371,0.9994479674587878
50956,0.15235559490477613
73463,0.008346261274592481
75013,0.1847673736090848
50152,0.21117572939987173
59077,0.9934293846579391
78363,0.8480584839002754
57288,0.9993178400251453
17157,0.9993285207121685
63472,0.9995705307651641
26674,0.09366827307273115
62189,0.10934297666082804
36366,0.999337543640864
47404,0.9994132554428834
65931,0.05963613743065351
14663,0.16512564844456512
43556,0.9991470316907618
37171,0.043799534450564885
21510,0.9993127684442631
45925,0.04660891725777616
5005,0.9994541486496978
51898,0.9921937809223329
8832,0.2025117983530685
16102,0.006514787657574153
69976,0.2435626509563256
38486,0.9982426233970164
18414,0.9991767041366044
37437,0.9993127684442631
33432,0.9992157193553842
67594,0.9992936165714402
48366,0.998567689928388
71203,0.9993127684442631
64332,0.9995375056216457
70988,0.9993176962025687
7254,0.9992891694401098
31741,0.9992051108442159
23947,0.12946440999243297
79051,0.7888265732670376
38279,0.9994383405311464
6561,0.9993127684442631
16879,0.005771460757581944
58216,0.9995705307651641
25323,0.9992210088424712
18227,0.9991819438693658
11940,0.9991899998624432
7620,0.9537372601151518
65064,0.06583232205469766
78510,0.9993245462417183
58799,0.9980682862678182
50573,0.9993127684442631
1219,0.10441724983762277
42904,0.19153558980353436
1409,0.4128033217012606
61315,0.08707449923005585
20655,0.8247901897748083
33742,0.17694692444745477
48352,0.23190070277845307
11218,0.9981879393169575
61402,0.210885989177925
37891,0.009906259891193606
58236,0.9993292918151732
57620,0.9995401124357423
50062,0.9980755235701567
28153,0.999248606780933
77580,0.7803285370544113
46871,0.19456788646079498
5682,0.06487988384133048
37959,0.9993245462417183
3202,0.3280307109559696
50552,0.21937423759262592
31972,0.0036732195716610927
4890,0.19478561057487076
54605,0.9979221722498465
33363,0.9995705307651641
65517,0.044272526054812446
37318,0.9922979372177179
32211,0.6970119554916762
28716,0.999415218276928
8109,0.4692489907637712
2474,0.17231968203539144
22734,0.9988330825038294
77250,0.9993660409333253
11992,0.9993127684442631
31977,0.9980420094022823
1923,0.9993245462417183
32251,0.9992373513525359
17444,0.9992838571257101
56314,0.8553532248908338
26919,0.06974284915990618
60156,0.9993245462417183
4842,0.9993127684442631
24282,0.9993245462417183
24856,0.9995705307651641
39029,0.9993245462417183
40911,0.9993245462417183
11786,0.9993033457912395
30384,0.9994563061650905
28001,0.9993300204022826
31511,0.9995705307651641
69209,0.10376561375928232
67613,0.999447631105017
20515,0.9995377630145956
17602,0.7417151273719732
61190,0.9978442385647529
30615,0.16243783523109934
30922,0.25300481165039856
42001,0.27659080871205727
51544,0.9993488304624099
49432,0.9993127684442631
34723,0.13387888296705863
11219,0.0061315381957917124
30122,0.9991901564727229
1741,0.2950028780431689
63398,0.04608741624785544
52483,0.999167681604278
76138,0.9993285207121685
57802,0.9993245462417183
77378,0.999156271340699
20546,0.8258482752922187
50127,0.07171263585196032
48229,0.9993127684442631
16448,0.9993127684442631
30483,0.9991899998624432
12461,0.46760848711804265
27003,0.3844741422819893
52182,0.9992891694401098
36528,0.15176276730793148
10403,0.9991663914736522
55269,0.9993920409448785
3193,0.18032164566870373
38576,0.3432716049596861
17523,0.999167681604278
1455,0.005981186937482356
35422,0.015546147702783796
44412,0.9980755235701567
50970,0.999248606780933
69011,0.34902430461557715
8254,0.17732634546315396
76501,0.9993245462417183
3099,0.9992891694401098
5739,0.01951247634725592
63221,0.9991819438693658
62509,0.5429141617370451
25969,0.9995705307651641
70159,0.5727892670434369
66170,0.9993245462417183
31284,0.23154118589563444
40499,0.9993245462417183
37711,0.09676655023281434
44421,0.16018500810458905
56233,0.005897339216233385
52285,0.9993245462417183
68477,0.00487251384946107
71081,0.9993245462417183
27431,0.2710411295735805
68960,0.9993127684442631
33801,0.43525841868584153
77569,0.9993127684442631
14989,0.03806650821156193
12907,0.9993127684442631
62346,0.9993920409448785
69263,0.9404132345024903
55957,0.9993127684442631
63866,0.9993245462417183
44398,0.9995705307651641
78899,0.9993285207121685
65773,0.5400444611349674
29542,0.9993245462417183
29521,0.9993127684442631
38256,0.997711869324268
75597,0.04343176989395934
54381,0.4402179556633033
70838,0.9993245462417183
54262,0.9993127684442631
15862,0.6660403221189795
9746,0.3293590227439702
24525,0.023214855377448933
49323,0.15175548859775248
62249,0.04370932798099073
2883,0.11197459154150753
19590,0.48135604077882393
72844,0.8595644999814155
72692,0.7671995798002085
2787,0.03233862580776187
50186,0.04911006345206091
46366,0.02839016556386428
47250,0.614910947251333
17770,0.004704540940716325
16351,0.7980235071338021
55042,0.8403365624873397
75180,0.08348558609852944
9089,0.023471956286623897
19727,0.16100051650010166
71304,0.8686285182708612
17882,0.0031517069085336743
69170,0.23789688259344502
73415,0.15175548859775248
76408,0.06640991358851063
17132,0.48701859299103406
22107,0.005396408625133162
44990,0.8345396413570254
38750,0.2471879936583749
75840,0.9980936030048324
27916,0.0012752109965261827
26120,0.034199252068864205
56532,0.009467969977447303
66127,0.997522733671791
37178,0.004704540940716325
32178,0.7713537347976094
36997,0.34095420071012666
11882,0.09504397117426792
50644,0.004804361924018637
63329,0.7534988075116238
27741,0.6854294692904024
60482,0.1519179043427587
56242,0.7849011635120302
25539,0.14699762039330236
58415,0.05064850704327337
57875,0.009213256479023898
44840,0.24837420971314017
15978,0.004713314272571272
72979,0.04419547532418646
44407,0.0019931798177969346
23941,0.9990191793576226
72131,0.03763347185894537
22188,0.7709318118593997
60636,0.5034151844341092
31095,0.005101147359479454
48583,0.9180886348345937
9696,0.1542919839132685
14640,0.21129885605210671
26599,0.33862797937516725
9983,0.09134281355254048
56355,0.9990471978142987
16877,0.017353504216053108
21684,0.8443380217840889
11518,0.003299202512323701
72783,0.2270509588027708
13881,0.8240801492416604
825,0.16829904436592374
62821,0.8003735326799803
45212,0.039564800511064875
17997,0.012358910990374231
1754,0.1739868557565295
74236,0.16193216079779774
14326,0.20651403732859436
76831,0.15178035883174276
50604,0.4405502976140736
50666,0.7713537347976094
71392,0.005554067519590418
42486,0.029477163834530754
23581,0.05995110849578909
57866,0.7094917590758159
34513,0.17633996025193546
16255,0.9208689865216906
20562,0.9990191793576226
21247,0.8416320871188344
26399,0.007438029676942228
869,0.11371629802380766
16998,0.03220567651086508
48705,0.010714814773698303
8079,0.0136101468407831
73896,0.99914810957055
78136,0.07012887856023725
28526,0.39157657453709366
70011,0.02441571125810353
63227,0.0034838506499397823
7141,0.18012583906444382
48808,0.9990191793576226
57749,0.004704540940716325
13430,0.009876648739977774
51819,0.49429663815043784
36293,0.004564092594034684
42750,0.012742750350472343
25595,0.9151082347412378
47110,0.7783541640029874
25839,0.508467963047149
5080,0.02658719325237429
55060,0.9579781301227348
35327,0.22192424103742345
75167,0.007561273677114811
62964,0.7713537347976094
29895,0.9990206158579221
67310,0.06876584417422557
54639,0.015641317873548555
19799,0.9990191793576226
78673,0.03125798908472031
8521,0.2042599600213829
41436,0.033869763395589496
23491,0.28661684595810394
34130,0.999335265313964
73018,0.7524636378502221
20176,0.9991505439605466
15749,0.08899360357939842
7275,0.999230408263536
46310,0.251969967870864
2017,0.1536981017477088
67144,0.20611812535463298
36374,0.7407353681848787
49168,0.0527123948901325
17943,0.999230408263536
42221,0.9993177167195587
31347,0.2617926923350045
63473,0.478012214147242
46212,0.9992724522637616
74409,0.8912635426150654
32900,0.18589703776808153
61162,0.9993953392009689
66034,0.9991605082067098
28191,0.9916029301723638
10529,0.8866466617054354
3665,0.19848892425940065
37595,0.9992724522637616
30105,0.7981335651342067
28925,0.018576416534731615
62584,0.09928566079050735
72922,0.8886462519467845
46230,0.3512266794529719
59769,0.9994198337972158
9396,0.08916142859368059
28174,0.9992232413435698
55477,0.07132931077340336
75900,0.271520173012893
45216,0.09712888748344635
61743,0.4572911906763719
65364,0.23385189731701536
53951,0.2398650757329315
39942,0.03876451161295474
50030,0.9992776028306177
70150,0.0033585118973475966
66300,0.9992776028306177
55077,0.2779283065588312
2390,0.14847053896981813
35184,0.2521814043582204
31441,0.09608431422942512
65078,0.11952816186731129
6841,0.11644760945553893
45500,0.15585454126147996
51922,0.11894920069565176
57733,0.7812401287215062
13588,0.4743405991185801
7836,0.1750681357575518
4821,0.20761955580949829
21051,0.19297154484618628
8508,0.31923803485239555
20505,0.01929058522857913
57758,0.9992232413435698
6413,0.09938312450172045
48433,0.1456383293876012
9760,0.9992177034921426
14818,0.6237461020019974
47047,0.455669932012449
60728,0.18097982702235352
31877,0.11197822828576927
74099,0.999230408263536
25958,0.4716988476253463
49758,0.9993812890070416
16,0.99901883104429
31747,0.17737271808248922
22797,0.04463688209245294
78304,0.8070932569770672
52202,0.9986068026226225
56881,0.12139456193708928
3953,0.9333388239648291
65465,0.040100490428507066
42444,0.9992849345976967
58598,0.19615750193711703
51031,0.7185251177629451
27957,0.9992232413435698
46948,0.3312499661956722
46997,0.9992818533245842
71255,0.10217464298903804
17534,0.9916029301723638
35286,0.47861337234076634
67665,0.4057365858865744
49855,0.10499926772874894
31146,0.9992232413435698
66259,0.1428882791052053
36356,0.9992232413435698
17334,0.1588351549469392
24475,0.17181310665858482
42198,0.999230408263536
70810,0.4753308667682501
8889,0.020237977529492
67765,0.9993956700691335
40149,0.04525058909852547
46023,0.789495295045967
54922,0.17304027920369613
21997,0.02564669324734459
57411,0.9991256941211394
54608,0.9992776028306177
40648,0.9876505782949198
48116,0.7668227350355926
49223,0.42994030549734097
47607,0.009927399174474726
36979,0.0010376576944558494
49,0.9992722494206132
26468,0.1952742993766763
7378,0.2705048532321891
67547,0.33565130864586384
74427,0.8074976242979502
27691,0.8048176935674505
40844,0.02340991872004063
63770,0.7298247022059439
30541,0.31968916200071806
67439,0.03995254425373446
78199,0.029129986439053866
24103,0.2656780353904578
16348,0.22226046295429996
28768,0.00820089948333846
6048,0.31610866627315426
18997,0.19110324714152047
35726,0.999230408263536
50242,0.9990963116279601
25010,0.7346335113631417
28115,0.8401904140527545
6908,0.9991319189475679
32597,0.06311846866918636
39847,0.011667843189405207
9115,0.19930683855361933
945,0.3239145488772776
31482,0.7217239253322276
27400,0.7419886052874773
54934,0.8321263288378653
27580,0.4356102452225582
6985,0.041802577109375266
73559,0.14077816964584233
42549,0.7664497442846718
38746,0.9992776028306177
28215,0.3838999086842222
73906,0.9992776028306177
78271,0.9992336778673127
58549,0.040651495593949954
65593,0.9992249214685744
50305,0.03686378988545093
34987,0.8639878321624831
37082,0.9991719123971275
22659,0.09956765202298348
42121,0.9992810758567775
57945,0.16840373714376727
10205,0.3158228063764358
10808,0.9994999960105024
51627,0.05346248598282956
6766,0.7851721514935484
3189,0.7645574963443986
30437,0.5310067319015579
70048,0.99853244252176
64797,0.05302214927297959
36395,0.9994371593956763
28784,0.9991280458504119
26927,0.06551299977055167
53224,0.16131171145618242
13734,0.9995582007444435
13966,0.015430503219065094
9798,0.09225075495975855
56272,0.9994999960105024
41553,0.8527037007786186
69943,0.15917354875189615
57154,0.5944808575843173
8464,0.04465838245500429
3926,0.966551020107203
27739,0.999294317783272
22162,0.7999154681497262
47021,0.15716016224539386
21947,0.0006739764204647267
66897,0.0033869008392305956
72081,0.06525918564483807
55809,0.07847162330758334
76462,0.81029689280396
78072,0.026631626683003274
35110,0.9902246185751649
19749,0.8309846873734466
79197,0.9994736075830315
30315,0.2142219397385134
529,0.43803229409124056
2370,0.05638919572380859
12570,0.9991595493304964
44416,0.1240820712187936
57440,0.8509266460940517
35400,0.05302214927297959
31771,0.8735703321901824
78184,0.9991429867148938
61924,0.9994999960105024
33072,0.0683499757751684
49478,0.027106014608395138
65021,0.11740377097607342
30789,0.8971630773820497
4598,0.7446496472846145
21327,0.20093000354039858
72701,0.029296059005815236
44309,0.006272951084737167
61345,0.054801650005866676
9471,0.9991429867148938
58542,0.17492976048817843
55693,0.824396283843805
19172,0.5019248274594547
47672,0.19886936797767057
47148,0.17831555223461865
64974,0.09385987739274711
10653,0.9994876091258594
75157,0.29741157914787775
51433,0.12689322755050408
19466,0.999533661182196
64560,0.17091058684129373
65264,0.8249774291781515
16741,0.23127794098991308
47654,0.9988317485072419
59876,0.1253444849494116
79044,0.9987512712785782
78575,0.20093000354039858
18705,0.8808339808866608
2020,0.9994876091258594
75905,0.14184890334788874
69622,0.06164795465306632
568,0.42094217933031747
49998,0.14529213404895874
35199,0.16369723830880495
14405,0.8608969059783456
30280,0.770471023540853
51098,0.1067581076377331
62514,0.11919371722240166
33093,0.7645574963443986
56965,0.2638278083507226
74526,0.04040478532626064
25299,0.15265752840585387
54400,0.05029869576162072
54161,0.6660297088825969
55416,0.5351385621433256
70286,0.08798338508568859
64266,0.10768038432387685
51459,0.6104461625360069
11279,0.003101598027138841
50909,0.20114757833114888
78101,0.06290262620636912
28134,0.010794314156214908
15910,0.9987280836733989
36052,0.9990784462920838
76719,0.30088349471123643
72558,0.9975826473612058
6575,0.9991429867148938
24687,0.9994876091258594
2527,0.7628450248292494
63292,0.17474881430742764
28392,0.002774855445045264
31705,0.10286381400886503
40725,0.037284168391227716
69713,0.025253124118279457
37998,0.7645574963443986
32927,0.1883493273118596
48622,0.8791609696812223
39471,0.03064329710071499
47446,0.20093000354039858
33650,0.05029869576162072
66203,0.9975405710557314
15740,0.5578736735767499
23435,0.9994876091258594
74636,0.9990099532254892
6616,0.09175164475111107
37571,0.8562067819246829
41369,0.026058410649853835
1833,0.9994999960105024
69180,0.7645574963443986
31116,0.3789650904359271
11520,0.39002107933103924
56902,0.998760682187469
67595,0.0015647804623979973
56235,0.9991130340449144
36534,0.9991280458504119
56228,0.6724231607266807
74859,0.032112440824194684
73342,0.6283029574231024
39108,0.9994876091258594
14691,0.0005284039624483457
54974,0.45776677920761355
57772,0.08126816363178273
64326,0.9991280458504119
29987,0.881012677971017
12824,0.1737276837476378
27622,0.050155364316234574
42608,0.9991280458504119
60288,0.7542750723842964
55201,0.0006836678819838806
23017,0.7623878927046981
54597,0.08035386526070883
69548,0.728921091778356
46540,0.765984597802235
47843,0.0021249499378181826
25363,0.7728849392940914
7550,0.7645574963443986
52803,0.16376253707367106
44654,0.9992847065219885
18933,0.025167148635776782
78779,0.24983033323779133
66179,0.9985678871663113
17102,0.023169305560540525
69358,0.13505708731485178
73501,0.04440934677583482
51551,0.004847680126794694
20449,0.024699000199019744
4782,0.870864526740699
36492,0.15063621199295305
61688,0.10423576517294136
19740,0.01047593479767737
33290,0.13491727577612472
4031,0.998541008674898
49924,0.7654455890419252
79006,0.1323346210781414
10061,0.18417182110351837
36777,0.9899506227936141
30014,0.2882729276962936
45705,0.006044790746360727
42018,0.16651378803134959
78310,0.2867358531630944
49818,0.2248891992659216
17257,0.007268703939014781
6337,0.9993812409303088
39427,0.6652809787730388
75490,0.3616183646068378
307,0.008669990042802183
50063,0.021751778985931877
57347,0.9899506227936141
76364,0.0062969477798485015
54334,0.6179586137484926
1925,0.03734388849236852
20103,0.006387499912282413
54069,0.12160519143687386
60523,0.7138241948488488
24017,0.0006564742387881092
27921,0.7176816598441056
7208,0.20270217260510712
20755,0.19955580530813652
48582,0.33399672440479145
63689,0.18228643809306277
42146,0.6932794869076494
22321,0.007497578070440263
261,0.007152219470183487
53807,0.15741428161778084
59005,0.999408598267738
28491,0.024643101631368902
16364,0.0053875985515564545
25773,0.72854059694477
66628,0.999603034963929
52577,0.05594539339397617
55153,0.8455267705276434
78466,0.62802044112853
72049,0.5965786540809953
40936,0.0712801824557086
25475,0.9995205829523155
13464,0.5662401815404661
49685,0.014798404418009508
4677,0.010476314254061977
2922,0.006584434437188652
35578,0.8834823758535821
15420,0.0028444792958318066
38248,0.0882898379059584
60818,0.06041556347844572
78248,0.2814437069542253
50871,0.007233178590008267
63147,0.0070651842391953506
28769,0.32438511058548736
2460,0.6805542534929547
10548,0.1582416716079379
11159,0.7537793412245207
9916,0.8556958771868124
72530,0.05859430390932541
36283,0.8295767387331481
5488,0.8988414944587951
62602,0.08313072870564843
3339,0.02803249091373266
4301,0.0745092330493897
27585,0.636909082179196
17777,0.14003446048421592
55774,0.2643974846570198
78238,0.5057802312972753
3842,0.09604860924835265
7471,0.060625001458855916
3692,0.9995342152218327
65079,0.5671639219708224
15291,0.999542784236253
4396,0.02038483640490455
52056,0.3293454267201936
34608,0.8101723391052873
78663,0.05994751625830732
19395,0.009095228850424733
56239,0.9995342152218327
3340,0.12784182553839224
5213,0.7992299290384501
70539,0.7993045405524805
247,0.8387555838447684
77432,0.935407307528146
18041,0.02246109314262761
5446,0.8485153537389037
52801,0.00718146745594191
76662,0.16680301161775693
2000,0.9403331253546418
53062,0.3788240817312055
59031,0.9995419695566133
36650,0.7262045271057748
71324,0.22970408846952609
14435,0.999560344906553
48479,0.03151605855380926
47004,0.21850043491209797
62614,0.09014556507265929
50071,0.8018205495666644
70102,0.5177197436039832
27899,0.0022990549968086686
38516,0.16661866997773883
22489,0.9995419695566133
54741,0.17044031359366713
25199,0.022188724123213984
51560,0.2304328825574544
78176,0.0018789691180377177
3466,0.6794331714034658
43666,0.9992163780012709
69495,0.007580630985533281
28181,0.29078884597081356
444,0.5263061323718988
53366,0.9899506227936141
72021,0.4452197862640128
33594,0.006644418820018341
64815,0.12188696265867975
7395,0.007497578070440263
55666,0.6278493343422723
12205,0.04034412913307456
62822,0.16998798672817172
63117,0.9995342152218327
25977,0.16208195104577328
46799,0.04127210161763998
73216,0.20878187718335783
17676,0.8678278244524913
32176,0.13490554373062974
10530,0.23835453332455495
16192,0.9996058729810816
54699,0.3238686496484157
2461,0.9994790440193507
74423,0.012390835854788921
21257,0.1412781143046195
68603,0.9991651635316091
40751,0.0009216508025299049
33388,0.16509869189524767
45762,0.004156271997509386
20294,0.21711547086713562
29159,0.0865509100890711
48488,0.08934942122973222
18908,0.8264391612247534
49087,0.33246070740196954
49856,0.9936388328160571
71831,0.11719614682299574
21557,0.9992215501002986
67471,0.1797293484580521
58151,0.22312235724242818
4695,0.2632057824734205
69357,0.12411271967003584
38295,0.2820820287800224
57184,0.0830895724034894
8273,0.03914732819764786
27279,0.20961785666606722
36008,0.31906006766840256
25038,0.08603302462579475
53814,0.9934671076976636
73228,0.08441032705486426
36535,0.9994378734148109
66352,0.758570126448469
66698,0.05599189380802444
43272,0.0035757567879229706
53282,0.6915750863507636
1050,0.30910749837337376
57820,0.9833773817865381
1886,0.9994445829823316
30165,0.20162370825795414
46106,0.6879292563482255
45321,0.19452006489563012
49324,0.8515222849851438
35080,0.004283640748356225
909,0.9994445829823316
18678,0.004010173565169982
3536,0.3912791067659519
64237,0.19384704005787454
7274,0.06140579877153928
44349,0.9993000041777825
33526,0.0946501007266286
6554,0.6589556314853461
20506,0.7822089772533056
66484,0.08339827294282154
50439,0.796095471287535
56382,0.9994445829823316
1702,0.08987331847855566
55032,0.17388048086346042
2244,0.8779179520293406
31458,0.9994445829823316
57,0.19691556300799407
66267,0.12315641343427884
33747,0.8756276983707441
16980,0.002016845701544157
56388,0.0015548061167013104
29783,0.1251301561755489
74415,0.0006252036451641724
22579,0.002111090257639548
31127,0.2628965355354518
18782,0.13253142032646578
4961,0.159778053874466
64187,0.22186672736322832
17862,0.3143614638786705
37133,0.018959822777287538
69668,0.12521196680967264
3217,0.09727358976411422
62158,0.9994445829823316
70336,0.0031255834450530126
38502,0.8600502172061685
32471,0.9992716113326322
29765,0.07407920214442716
31689,0.004078555372590585
56852,0.9994478515289874
49649,0.43069580301600546
52806,0.0006335704118721966
23247,0.20343805732457942
56441,0.3995767972714697
79004,0.9590670643992387
20940,0.14946662911914693
1615,0.9994445829823316
16293,0.17182660763154284
75017,0.9992128545630327
61837,0.914708951785196
6765,0.999306009028771
59317,0.008782840960611483
27468,0.0008215216407281421
2367,0.058188843565201494
62224,0.0425037988742923
14236,0.5632453031551459
74469,0.30159381576127636
58500,0.1971405749413857
74685,0.8554757274338377
53939,0.1013584080172183
65409,0.24606125753528324
39843,0.4947167276555104
40309,0.06014460906883151
3680,0.07299233931068594
57004,0.1311663330621922
17998,0.17981253250482865
53215,0.6619563759409046
19324,0.12420437588060852
64524,0.22149560619912448
28416,0.0012086466314380248
57561,0.28279145124646426
9863,0.06815121912275283
22486,0.16448191884942698
55548,0.18054629397330899
45668,0.9668109584234965
5609,0.19228268268932774
29204,0.813958479683592
76252,0.2219835045082364
54031,0.5090910102512062
36573,0.16557406049488627
57924,0.23236847717927606
35691,0.7212404065076996
56816,0.1416787044138826
55031,0.6903782289143481
64649,0.08686158689940393
67697,0.09441330469736126
62041,0.1525677315292312
78221,0.26919433882964783
78462,0.9457576903173792
4831,0.8375772735235153
41724,0.0036137307067369037
70378,0.26197935224709357
7146,0.03973810832446961
15026,0.06965488537749247
57989,0.24176328404254688
598,0.12652122076765926
38058,0.0889581771440563
2341,0.1540720443436805
25766,0.1334064316474284
68450,0.08742683619684197
60696,0.050960113988232456
27454,0.10999231061952446
36304,0.19428624444359593
70737,0.13510207493076123
9395,0.3131343546396219
58807,0.019542419033844214
62637,0.1477943683529652
69945,0.6650716046877624
77874,0.0955870107019214
55097,0.020437501772671358
64034,0.02207001406664417
7905,0.1685254827928896
72133,0.16841947713386027
75983,0.08831496550009231
44733,0.22921698272718846
50356,0.13120467650400325
39808,0.009923130612436753
6022,0.16785960780864365
76164,0.05435328979176993
40077,0.09927655200299863
51084,0.8239443143328855
55787,0.21720527332365255
77837,0.29930253976837873
1670,0.03412867248881133
12942,0.18726607935626677
56407,0.24657907589905584
33530,0.855306040827834
8177,0.20826657286659397
42256,0.7254746544342848
72280,0.22210013280111116
47397,0.9457576903173792
55897,0.8891980339250642
7920,0.2518945926870222
42924,0.1438445503562575
34365,0.05016354154949191
51929,0.03990081632382641
63583,0.8563844803554675
4862,0.16833961952623464
75312,0.07370720682076748
10986,0.06452732743414526
46054,0.3034928033042016
43148,0.09315962997552328
11806,0.8253993540989074
41038,0.7494393303769935
59259,0.23565770359449253
9650,0.4211737548988202
22100,0.6154277263953986
16260,0.08585958304484474
18171,0.25202147499617455
64386,0.18295398236065663
8121,0.21012413994115825
64076,0.3373313089412834
75569,0.0008794822814976184
15009,0.06014460906883151
74508,0.22921698272718846
9416,0.23754116027117025
71767,0.16975283090374405
32748,0.07140085974745813
49696,0.012097266962309897
25144,0.1619048896388506
8799,0.22921698272718846
11742,0.21569879020694888
76788,0.22165851133531062
15620,0.24369798331263642
25817,0.8637681580077698
41336,0.4391284731625772
18362,0.0008466401159984698
43564,0.39236006457077544
78015,0.3049135541143848
16207,0.14144342727958864
47038,0.04888318535011214
10337,0.9487657674739208
30553,0.02927118802375629
53610,0.07527506124916379
34929,0.027026304310323154
24205,0.2890314937031153
33759,0.839608666874262
2655,0.029682491074969765
55599,0.8876517380300846
43247,0.12420725217060825
21819,0.6457012359359341
66674,0.08718531298706554
12975,0.10855956739626663
65356,0.4401478272840379
11597,0.010872594015872764
66047,0.06108159155015079
63395,0.1122781658235783
10130,0.010141100022342423
57501,0.16367393629325352
77067,0.29710294919707503
78003,0.2670312522325879
47701,0.10610709648127174
37390,0.24744547839922984
30667,0.26326440873398094
558,0.5191804840665843
62510,0.19310459461107252
21447,0.9996301846553453
18014,0.15120391773476433
59100,0.19886750297807276
30227,0.35095530679144826
33911,0.3140556355173027
63576,0.0014911836309455238
7433,0.9975679483271286
11921,0.22119243705263192
71271,0.9996301846553453
9229,0.06239589092403872
24241,0.2583135238978165
37925,0.00858045454666441
14457,0.022276142505194416
6930,0.2394616140213178
33299,0.0967465941228169
9618,0.14196768151696149
42596,0.4593383017876362
1920,0.19767876299274684
45593,0.10739621988067759
74706,0.26038796355346366
74318,0.0069610347387647304
73512,0.24472185246630154
72278,0.14628144606908197
31913,0.13987730188228475
49397,0.1622194957561781
1950,0.049899491296662664
76879,0.26620741493942157
44135,0.07014084529700479
43373,0.999616129832218
2366,0.2606375440175306
11699,0.3357598222162775
50392,0.1201760529404908
22726,0.11221411827630659
27453,0.06893902774071448
62752,0.9996351554880732
33616,0.07886153079480533
67914,0.03360338912068058
15142,0.1480190290806207
24279,0.2758823916270111
14552,0.9996540952762127
67440,0.9996304115080378
22598,0.013359501598263823
26326,0.9996301846553453
49117,0.11463560797891745
47043,0.2549822025478043
72024,0.09061660663485768
72987,0.9759666917258518
3061,0.04697782159069404
70686,0.39822610777848994
58446,0.12094142963970259
48283,0.21732059921139796
66119,0.25133216195407304
21072,0.6323570943580392
70431,0.9960764537595386
72483,0.15044415859619228
53032,0.009899029272672692
34949,0.6268672621826005
59406,0.11690513308299118
40392,0.23270423211707225
21102,0.17594924687803518
26998,0.6068520337353098
49714,0.18338359315378178
52588,0.14367927741075986
20230,0.056256044150659934
19155,0.05378134729434228
48349,0.07079415290269225
16066,0.10416428745453353
62072,0.0032687716989221517
63088,0.00997074616527354
6164,0.4589028660352631
9472,0.8422130382974714
26784,0.1276019006729418
16570,0.25817655109227017
3811,0.6398483780845106
18741,0.23813440676984446
43626,0.6069653538611174
1653,0.1512300874608269
66952,0.8689534224988218
17199,0.025121010770848873
69854,0.23438778672183455
49005,0.7899536897983486
48693,0.24099623438940473
10356,0.25624535399113024
41012,0.0006370213871189041
71205,0.29983299841226296
64362,0.17939696121785476
48044,0.01671894975301909
73674,0.7547618755490056
15022,0.20441673136853175
42245,0.16471251700528794
40439,0.7317618556386442
21184,0.36131839108299973
74515,0.20740157013202798
69536,0.15077990345754905
6631,0.0041073860023387075
52105,0.6332985177432267
74690,0.1344393780795288
62029,0.008000779229208665
6806,0.013099553649046315
13471,0.9991628686585967
51358,0.06167770294264974
50709,0.8838455446143285
37086,0.9990955530569986
71399,0.8750818591819146
62143,0.16110411213838588
74073,0.04290119378974108
63043,0.47472793508806727
13770,0.1673935674709102
45531,0.0142942402294002
10524,0.0009433936472317796
55249,0.9988961742889759
15296,0.2549885482758762
78038,0.4304818650439703
64687,0.14362932531779318
76345,0.2549885482758762
29251,0.8268908990259034
45381,0.07969042290517549
45988,0.21236417194002832
56628,0.9990871314282528
2553,0.04077226064177591
39744,0.7761790208890063
57804,0.07334500104749254
25715,0.252144175106216
15933,0.9663359059542534
34434,0.22012814970062808
25103,0.9990806240826868
49955,0.00792471264232559
53768,0.6039277368349621
40732,0.9987829678986961
9033,0.023954735824802724
34580,0.006803231283270675
20928,0.9971555888578734
27210,0.28294933721160426
33371,0.01739287807395583
12301,0.4815259252856671
68796,0.9256863518174518
69759,0.8843087879745837
48792,0.4755762970422321
21425,0.9990806240826868
10361,0.3769411124584325
33587,0.0018167080861257693
31404,0.9989699124675403
19660,0.1828674039924185
26910,0.5342395079721379
50913,0.10762359755509004
17183,0.44142486132277503
73351,0.9990955530569986
17301,0.9991628686585967
3440,0.9971555888578734
75807,0.044697573553358225
16428,0.7715544392992816
46625,0.8761290265257621
46024,0.9971555888578734
15251,0.2116187798909302
65251,0.9971555888578734
66096,0.9990871314282528
73354,0.41435593613230826
34876,0.17153541295373276
43372,0.12041093073973286
3810,0.9991597170492387
32357,0.07942479595478907
38312,0.23488974715786368
33643,0.2530486522905768
63823,0.6006839140852708
1627,0.23999957792085003
32876,0.183552384821008
61921,0.6054867839893626
46009,0.050514000370991775
63590,0.25012437906015134
48128,0.2942940107349389
15958,0.23036522786697206
76450,0.9990871314282528
58716,0.797336170907388
29411,0.10206633375623685
50132,0.07231522144121073
44611,0.9989644962753107
48218,0.0037150340572521218
69073,0.9971555888578734
15702,0.062289503718906576
17564,0.9989740481074642
66555,0.013473073076348497
52108,0.2815988113850888
22186,0.054583096504745056
74599,0.997092307748381
67937,0.3749310750260472
39714,0.0945525865922716
4647,0.9847698615718254
63351,0.9990871314282528
44292,0.02555239875563781
26652,0.039336540432677355
33718,0.9991008737451033
29073,0.9974084804255444
66447,0.13566305945889987
5675,0.006222716826847727
55895,0.11680075879069757
21989,0.9990249911582969
30867,0.9246290266032279
15004,0.006803231283270675
11420,0.48110609192346454
32275,0.13307922508452405
46666,0.006803231283270675
46623,0.012501554123552836
12240,0.9992256400988274
62599,0.9990955530569986
16706,0.22803410238675254
73225,0.9990955530569986
32010,0.9991533916823631
40986,0.08635208196813066
44499,0.9586888985516194
75661,0.9992162089086587
38429,0.23550220419593695
75566,0.8701305722877288
12810,0.20529299750298619
4360,0.6620790472111908
76729,0.8701305722877288
63366,0.944267766694866
33827,0.343342073585456
69386,0.9991982982319708
59255,0.9990415260906148
1817,0.06455988644865202
14498,0.9686698174674939
31970,0.545826910389977
77114,0.8775801040072103
18106,0.1326025229921174
78571,0.19661774228213294
27196,0.9994289505671978
50887,0.12856471187665536
5240,0.9990741987562115
40160,0.9992537714308879
62797,0.9993670100324784
46360,0.9992341727543249
41723,0.9980707072868168
49263,0.6747809713276703
25231,0.22189942765112458
43715,0.872363952084189
44160,0.11035381338570815
36846,0.8767798229716596
71483,0.9992019996435881
27302,0.009313948606082478
39329,0.9992162089086587
24029,0.2896523344236803
12522,0.9992537714308879
54216,0.9741180068990786
59623,0.08705376194059329
75702,0.9975846250523867
22076,0.12507879872552663
68148,0.9993955014625274
65170,0.9992537714308879
60163,0.026606532938218228
62905,0.9993019257272285
29803,0.9975425830856967
36924,0.20067584855308318
45441,0.9992162089086587
60078,0.9991728944797692
61711,0.8938125857869973
27677,0.9373349035048276
76176,0.9992637980548227
5704,0.9994738680012673
61902,0.9982537249359564
60563,0.9992296402709749
78994,0.8666794062174656
50946,0.999339967265662
21301,0.9992296402709749
78942,0.9897341557372593
61033,0.9992341727543249
70598,0.7036697273471102
4792,0.9736782828453217
320,0.1253696811829058
38380,0.9993049474692597
10568,0.9992251274079775
5914,0.9749671791880127
72863,0.3340228780589649
54767,0.05833845263558944
7233,0.10328437161159622
54646,0.22189862206416497
64913,0.9992045709144859
25793,0.9992162089086587
51365,0.13657266475697932
9005,0.9990741987562115
32600,0.8662015504557038
56732,0.9992341727543249
73108,0.08099985663946267
5807,0.955551923820582
67397,0.9429353205914198
52329,0.8899619568151365
27426,0.9992296402709749
41367,0.2163018540417982
65425,0.9987336305709413
70821,0.9991849955566716
69903,0.545660057973722
23881,0.6567070616150629
73967,0.14797518730677278
65050,0.8579907948579154
62108,0.9992881646477171
69001,0.4262338568545318
76994,0.9992380298573259
79158,0.06879986805279849
30869,0.08848489032580842
40643,0.9992296402709749
38894,0.860647640039438
50431,0.0313756504523087
7044,0.14979780460656358
34294,0.9992296402709749
53584,0.9684887025565442
23260,0.838603441937746
43979,0.2112996028902555
27269,0.33246989187240555
30917,0.9203826245420258
6058,0.21525290970139777
45703,0.9989169150342427
22073,0.3373364866582202
65588,0.3226969347327775
13783,0.9338344322190746
69135,0.043648839083429786
10538,0.9992162089086587
44046,0.17510954871591805
10511,0.2157794992402455
28209,0.9980921931886441
67966,0.34029167217870904
10221,0.9992296402709749
3933,0.9991591007693167
13455,0.9992162089086587
3824,0.2903623647862842
38109,0.9992380298573259
23447,0.9920599871223184
56975,0.9992537714308879
71241,0.0065946700678777
7972,0.22803410238675254
60423,0.9754120056481405
62696,0.22135300637073868
27371,0.03523747493524222
3870,0.005450557866769009
55782,0.9743268130084035
78548,0.21097929613532554
26520,0.06531708736601856
47969,0.15111057097846037
10316,0.9992162089086587
35362,0.9736562627758132
31324,0.02615289662152612
53679,0.1558286187437156
59946,0.9457943057012625
62649,0.9990882176662446
8485,0.9992384060557555
43953,0.19323803950654356
6051,0.018961932072711157
40935,0.9785738822334795
46105,0.9990415260906148
55829,0.19448475762479947
62980,0.9992296402709749
62472,0.18779951079518248
55280,0.1187217875918584
9706,0.005250718184317983
10266,0.10547172843278296
76622,0.9992296402709749
62086,0.9983569474444717
59941,0.10809264329818494
49726,0.9438273606590211
10565,0.18090643972900786
3599,0.7994606089106828
45972,0.999246821919363
22064,0.9992341727543249
49221,0.9993565588932589
50346,0.7312183699539727
65351,0.004883108983652946
68536,0.9990900614460358
4747,0.06303014279633727
76236,0.9990582218256666
49715,0.33473511118703053
41301,0.9992162089086587
71620,0.45600075331482764
31128,0.9983536237798242
79020,0.2015844157946986
58269,0.9992162089086587
50950,0.6182066243690661
60125,0.987217269390578
3018,0.9987926485464597
49411,0.9992162089086587
16361,0.9987843133475217
31111,0.9994182699042099
62113,0.9992162089086587
78884,0.9990248181241421
6488,0.9906339879453173
57601,0.9992162089086587
45211,0.9184537868441318
63870,0.9991707864515706
79052,0.7817518990398605
70345,0.19987100378578582
56893,0.9990765521028889
2420,0.16153145224892218
20044,0.9992296402709749
67022,0.2427977819640291
79134,0.997671922219205
23053,0.06127779075637813
17060,0.1135071321244113
21519,0.9992341727543249
32845,0.9991471823703991
60205,0.8215721720822923
16925,0.9991678986097415
59695,0.10285778294859825
35815,0.9338344322190746
2037,0.10650177118558551
3066,0.24713489280067316
30049,0.9992296402709749
55262,0.9992162089086587
75650,0.08767393321886018
23483,0.24736615278274235
40640,0.9185394920013813
75929,0.936516312965186
66578,0.7470499327090905
25569,0.3963045315191687
25990,0.1594839410050404
16499,0.04967223597405123
39760,0.8635688951517311
37019,0.03294319740693748
40319,0.7530522728591951
41191,0.31163996240445413
61749,0.9058626156683119
34270,0.9990167640442226
51445,0.9992162089086587
59895,0.09749671884469005
5814,0.9993091569666686
78223,0.3024081459887454
40413,0.9992162089086587
43664,0.9992162089086587
40762,0.12624535719222024
47801,0.07397032354556743
42040,0.1526398653667716
31160,0.9990741987562115
34249,0.7883164016828405
48269,0.2923925592783825
7411,0.9975425830856967
59022,0.5710732001659874
22704,0.9982626545982058
13454,0.9972418213028629
37806,0.5908427457619667
27361,0.19298769772297986
56364,0.9992162089086587
9917,0.99812915420589
3689,0.9870864357495128
27181,0.8666794062174656
70707,0.998301130832095
36158,0.999086635984625
28879,0.9992296402709749
69359,0.8359370870754951
28372,0.999086635984625
72129,0.7167346394941851
39552,0.9994160179973107
58596,0.9992581620417127
11245,0.23972477422867347
54990,0.9992162089086587
55256,0.0034176320796334802
43040,0.999246821919363
76675,0.9995917977595428
44441,0.9992162089086587
70035,0.936516312965186
69375,0.9992537714308879
62669,0.9992341727543249
59649,0.9992636764529378
36000,0.9991170207784306
18299,0.8557705456330329
12772,0.8880679545394575
635,0.999438738349848
71654,0.4000397462897534
16992,0.9989293953496341
76668,0.17495675104449704
76422,0.9990604541301478
52137,0.9990975508472112
9067,0.14979498122796414
19200,0.17937506134938558
48136,0.9992296402709749
62772,0.29046430992863503
51802,0.21428654992085416
4924,0.9991831833211074
62171,0.937491874539611
17111,0.9985282432008541
47651,0.8416254715286263
2348,0.03596221037622336
32443,0.9993674245346748
69158,0.14074894900199122
74890,0.9993524339209116
46629,0.04563679187317081
78079,0.1564012155049638
41629,0.8634505066123355
64231,0.0966529842048928
55310,0.2294727280589128
18813,0.04793089591210923
51575,0.7504848303559754
63926,0.002300844504142119
54709,0.042411510174524825
23448,0.9993524339209116
26845,0.9991578984026044
31590,0.7785292077921211
12027,0.2831356219871374
55049,0.9993446119011412
8563,0.9927449609991438
34387,0.477809918415524
29715,0.6396021756842605
57624,0.5768254782643543
7046,0.36523146685723884
52077,0.16503829731247469
35054,0.28279897131932097
69811,0.8015550646058036
78235,0.5527924272931224
62745,0.9993587507921129
46157,0.9398845818777644
10412,0.03820076313413033
1951,0.16511387735783198
21214,0.7969386503090039
74102,0.6776613577001845
72208,0.3822752364502582
21976,0.3421752829219821
20045,0.9908149826030614
18962,0.9993563361594268
31816,0.9993650425423337
2275,0.02061523093447208
12939,0.20957700886794864
61994,0.8341429566571652
45214,0.10316608511017218
34034,0.24093272549066092
60111,0.22284528297052322
57017,0.7020963941245217
35614,0.3047894478299769
19423,0.11531147753369106
77555,0.4174355287972232
74146,0.7584188519537161
41543,0.10035597749526494
37212,0.14930656945334575
24742,0.04085222515334151
65884,0.6396021756842605
2261,0.240333831102948
61861,0.6499295342604183
6278,0.6396021756842605
592,0.130488943466405
62864,0.15360105249956546
79193,0.9825027841307908
46104,0.7402646045650977
42688,0.799094267333497
55033,0.4516216150534936
25147,0.19012041683970765
61597,0.14899039472562792
24757,0.8143490362027237
8745,0.9993868771119527
35051,0.9993524339209116
19347,0.34012782888542753
15488,0.9993446119011412
256,0.6396021756842605
7284,0.9993221282735688
66958,0.9992909274514102
63084,0.0205042342241049
20898,0.13817723988454583
27208,0.6396021756842605
23087,0.9993563939187922
61808,0.22589848901267703
73536,0.9993524339209116
65783,0.9993674245346748
71625,0.9993524339209116
48813,0.19700833249557617
65452,0.9976025612762014
60011,0.017828279122146375
43226,0.6427167916654619
30777,0.1028499696390281
14194,0.9993221282735688
47633,0.0050574354221986076
57803,0.060835899261085735
29656,0.9993524339209116
48818,0.2723792321818492
51370,0.844099883786684
51053,0.1736505568274947
16117,0.001316836153542693
23950,0.9993625241262855
64069,0.2512316665359015
59966,0.9993562444018155
10223,0.03785188732326512
58727,0.2062649236791584
14180,0.9354887218085758
21144,0.32564434946205184
28085,0.2978431660685383
52133,0.5674818286854001
28014,0.4475136112749176
46567,0.06382502782893214
34284,0.25617251617789866
37339,0.9993308302993384
28547,0.9993480480187864
61763,0.7577950370017373
11930,0.11042556803143457
61010,0.9992662081947273
35498,0.07929257487736235
73375,0.21960800405194378
7888,0.9221133942988966
42771,0.20102920967218663
40742,0.9991773144114778
17046,0.023818816866018385
11269,0.7235465881732298
46639,0.25435015093737995
6334,0.8242500433060204
75501,0.3421752829219821
65130,0.9993524339209116
26471,0.9993488184424562
36649,0.9989075910490868
29874,0.6396021756842605
60072,0.118856871870773
39052,0.13651276427553527
37,0.6460814359959509
24152,0.46853547601197076
11826,0.8867486099261683
17940,0.8564526296293353
28556,0.7472077447364536
30506,0.9990636860282164
58106,0.26180596528911754
48701,0.6712038303079907
20093,0.6396021756842605
74992,0.17882682853072027
15859,0.2362492764401045
79203,0.9993673677646073
72330,0.9993508435526512
29961,0.14002462679081734
23458,0.8856951151130394
12013,0.055699454981420086
68233,0.0701617737636214
1747,0.02295060462931265
73465,0.28954875071920166
73016,0.11032781024580869
33482,0.5520984618600651
9245,0.9993718690450494
20423,0.36896953733036325
75255,0.03682530144961899
75243,0.03417959189234503
36724,0.9993562444018155
60720,0.7098353552715273
52116,0.039344733366936994
18892,0.9993563939187922
61607,0.9993711468616353
37450,0.9296690217848915
10687,0.042942889243312125
76357,0.2609738583384276
47007,0.6396021756842605
59568,0.631580457594041
48698,0.9993524339209116
32315,0.22235560982531652
31358,0.9993833052770202
5493,0.8364268667446277
49064,0.2429876410741521
60840,0.9993563939187922
64304,0.25880551815895525
77518,0.14283238515719127
64378,0.7103931928491675
42876,0.8813381225036222
50868,0.29905024059296403
25379,0.16331563029520105
32643,0.5674538514612888
44325,0.15344926056836394
38597,0.05093234932976867
10639,0.10441061655147016
14902,0.4073917976183786
62782,0.0004522101791913369
19341,0.3078133269125388
25922,0.18326449917284696
55064,0.6616696796890862
18034,0.23510876213301174
24562,0.23153749489190095
17635,0.5328529241586507
39698,0.19708622580579616
76241,0.002554714971502485
40005,0.1492717012131215
73807,0.11949466596029418
73260,0.04551745030893821
51456,0.02825733878454392
10845,0.13659354091294035
6909,0.34329039694381047
49273,0.008440354762564448
56152,0.07169012101741415
28758,0.003283720836690501
63311,0.2781955002133016
38139,0.8748688082487127
66794,0.8753057154926133
49089,0.380665885289744
33039,0.38004928154230566
67510,0.20641827736205864
59901,0.4006729145486321
570,0.0030075032822286644
14634,0.15344926056836394
49045,0.23081809633675576
16652,0.01477266759943071
56698,0.3298527854247292
68307,0.9245355306252279
67866,0.17348482519772634
72340,0.4274994397181099
27660,0.47373165748986273
42236,0.009070404677273852
15440,0.20760282267599978
28288,0.7571274462984244
30986,0.23594854316227287
1895,0.31690321835434226
16703,0.0692714101326343
17921,0.07215209986953636
50522,0.8393693635293986
49893,0.09195022728552099
17275,0.06148811338646219
21382,0.19559459920752212
20235,0.756995461855468
19872,0.0529733725255666
6045,0.25372343251739954
15053,0.007851823326002778
60104,0.29902120915291724
72949,0.7550527925255169
30654,0.16592483285376108
50386,0.8093789681471433
25906,0.13467212069345177
5393,0.38004928154230566
38204,0.8320094343124603
76659,0.04127373471939322
47114,0.8610239392100472
73084,0.9991984905990203
42941,0.2183686223575922
73106,0.23888296021386862
53880,0.9992979827172611
76351,0.5878165532695487
59253,0.6525175238501209
9309,0.7178622833964138
49387,0.6645783355604107
28352,0.9896235783105938
57015,0.8002320825084316
46767,0.2606823278719755
75081,0.024099651684182925
20952,0.14496020064065082
49493,0.14942838575622133
66099,0.4490349290966805
10209,0.24544871342504934
66568,0.006179969668598789
22150,0.600048464367391
2940,0.1793964023169867
10600,0.26405415956289546
37146,0.00489597083177458
40722,0.4225529469442089
443,0.1288018624111498
10589,0.0354551534527888
64830,0.9994088242076735
43871,0.1529647202147057
8246,0.24604585217262873
17630,0.9991909635768477
64809,0.8047689669915143
27743,0.12844288046982066
56793,0.27472821001298425
34018,0.9977636346223607
69813,0.008996199114357404
11323,0.445792046718027
78024,0.9994596817237407
51371,0.6369161852755381
21062,0.05322492099656413
42916,0.37348118547984277
10058,0.9978295511303061
27747,0.17724009089404139
27316,0.04918998330116672
29363,0.9992877350147861
32544,0.02308288709644028
51332,0.7638334345012792
78423,0.7052748308398009
43827,0.4472646423838398
58735,0.454200792942789
54079,0.9991909635768477
29883,0.9993037348277591
55163,0.13672992534385836
55487,0.017402316020148956
7045,0.606514392347491
58481,0.9992962353789232
29318,0.1496935631274006
57610,0.010082675306152795
70993,0.1433072493231376
28394,0.20931446690893823
5098,0.6916445432540661
21712,0.12674266166846826
30858,0.594160876173478
17819,0.31889130237818647
42646,0.26825576465717577
12381,0.17031709117839933
76672,0.1317769948660856
14589,0.2098724838286269
30532,0.041082499244047804
13312,0.08998518086039656
62644,0.27546803751199117
74168,0.004081533421699369
70078,0.007713966300525896
46434,0.9993002203163803
22116,0.11126855142889085
62525,0.1728148102593571
27259,0.6451990362455744
57773,0.40471042790093725
17822,0.3616095934087817
22463,0.2573380870251815
7961,0.011080429559726785
14441,0.2070658925230994
40210,0.1218689493093143
39024,0.009237291015055982
57142,0.9993037348277591
32834,0.16554689290000893
73150,0.7789503461734726
16662,0.8776897594144177
75267,0.03833237857267179
8657,0.8589743069013668
62390,0.2473907879476422
35344,0.14518961905362396
62458,0.5354210407384443
65038,0.09381730501617178
75380,0.027539209052925284
77420,0.13960562332794027
45511,0.9993111045617682
48890,0.21632414358153804
13274,0.002168583057244579
20203,0.6851882819673603
25396,0.21199320806206495
40769,0.9896235783105938
16060,0.06894735780417802
50813,0.05411272006780707
65610,0.2191033022166666
1844,0.23004402781231945
17670,0.3776877313155346
9437,0.004403675180178406
70609,0.7870989184053617
18326,0.022355451080427243
57418,0.009278984109775752
19782,0.5059320341889587
13407,0.1550996273789733
12151,0.8078796353210411
61537,0.2382319527517188
28452,0.09117265761328473
61732,0.4022191998735883
5746,0.3159422475045211
4028,0.021505782876720465
65019,0.10963471481394335
78128,0.4175751684528157
17501,0.8098858640470785
38666,0.00315623561120495
36732,0.059876170696960364
3938,0.12630602343561279
62138,0.4420064938788845
4415,0.6405201960717274
54177,0.40448373037031143
68683,0.4588373643967395
50530,0.6646898011851756
12119,0.9410956743444294
7508,0.02807862421160643
69051,0.1642064612671873
73334,0.8364224707835601
19477,0.008007816870224883
72611,0.10816386929893103
33972,0.9994710994297508
36164,0.9994615156703799
42460,0.056542719743452256
53334,0.20541166855325696
53381,0.6241277353881303
5256,0.9992962353789232
38726,0.16269134574189106
44877,0.0036706662703692365
1056,0.43851827363661616
46649,0.024473104601153376
74049,0.14171062446911487
16979,0.41179338784512554
67062,0.9993111045617682
47995,0.182921772687756
14127,0.15934420253752268
28901,0.9990963026270956
61502,0.010917643518006758
67343,0.9991031672414612
49178,0.9990909549134602
2971,0.6795872780084528
13834,0.6420655570570121
29551,0.8829366190450172
39768,0.6364856812819507
56195,0.9990262534628968
494,0.07144890049766367
50111,0.23294544616457816
48889,0.15537528726105534
10483,0.2018726645794495
28524,0.7225103921845463
6027,0.25395268357520717
23366,0.8085358619029983
30845,0.8554998365097742
8253,0.9991490094475681
64357,0.9988482515826587
22690,0.023873474665936825
65454,0.48263830917956924
53556,0.1999240895180326
66921,0.03089684535691828
55325,0.18917310644988514
62410,0.01845843489443277
20896,0.0689540675508975
75076,0.1873451123628852
27415,0.9990824905090753
23242,0.09085688586450384
53740,0.791344540852121
43910,0.06436701694817361
32706,0.9985602179277763
54472,0.8791986911098992
46070,0.7739625011441519
76166,0.6730203266362629
68259,0.32546264293378013
20109,0.23054654999901858
14926,0.9094695814887224
33691,0.742301082401797
46061,0.6486535247948585
12564,0.0023068799719177975
33584,0.26552003071717106
36788,0.2983353811205786
53527,0.8206970766870725
30347,0.9991076593176813
63986,0.29284971400082843
9047,0.9977039644779443
74252,0.8110805940241949
68944,0.0007082596891933913
69507,0.25857399321851066
57257,0.20926528574302447
44722,0.05895088353160957
6923,0.751167809930855
661,0.22144095295987495
7638,0.0935134076704133
31646,0.18693213258877212
17672,0.005809206820040765
74855,0.3292275422461643
75345,0.5862978181162514
63139,0.8938202876579057
53085,0.14454011452082147
51469,0.12760682040594665
51668,0.20202401869637018
27168,0.6522631048873356
39323,0.9990909549134602
35037,0.0795843734208314
53445,0.9990824905090753
34230,0.24012674573315607
56783,0.17896553081366876
59981,0.24991243871268556
67946,0.9990824905090753
297,0.9991421392368212
51017,0.27926504421547604
18297,0.07806995483727684
7549,0.1327306012329366
7943,0.020203045972842053
53547,0.08370386738913846
17530,0.38156732945642513
72735,0.9989768106775748
29406,0.9990909549134602
75386,0.165267025672914
29182,0.08270536348628732
20535,0.11018665356577213
26412,0.17260346023447384
38493,0.07239184600824976
42624,0.48263830917956924
9639,0.02387284071035777
49908,0.8190912821744195
63000,0.24369798331263642
13796,0.001643213098512127
23239,0.3851328231235626
8382,0.9990963026270956
64171,0.9990824905090753
49630,0.22154027737160403
68423,0.8513660201886442
1884,0.26712247604533307
69727,0.022690148670074822
27074,0.021197796027506707
32976,0.010276236124579938
30566,0.9990909549134602
25219,0.17397962264401345
16376,0.008273547608811865
4762,0.5564273553799322
75449,0.10935456766162573
68260,0.9992336173762694
9885,0.10524590264384834
45228,0.8770649467371758
20638,0.08959106748397253
23213,0.8129647510365864
497,0.19321741938828468
44465,0.10243129157541814
4009,0.07701375729103999
60521,0.07442778253123288
73421,0.013175375685307042
64792,0.19921376919565306
31251,0.9990779074540216
8631,0.7764499519983252
33441,0.25050192371419155
57208,0.3247832957926749
25596,0.9370288808374608
54893,0.045280670160672956
34263,0.9551096427619745
71751,0.9992264803184352
57812,0.0433768106528962
44513,0.8715557742844945
36520,0.19863019444257585
2671,0.2689617916121288
17141,0.1944352251516143
60033,0.6311364570603003
46147,0.9989983990821761
67620,0.05281338992736608
67446,0.4196036322212898
61856,0.7144484263236438
22924,0.11099229195885185
42465,0.07997506244126457
63334,0.15177881862778955
46836,0.06067465319046725
45469,0.16266068899310063
33415,0.04242024623080482
59137,0.014458961560086322
35878,0.10756297864822828
20715,0.9996304115080378
48592,0.11099229195885185
24400,0.051772381918966756
47704,0.0985546012629208
60097,0.7509121764632921
30847,0.28679389574457514
8525,0.06819750195249981
67639,0.005127099355837464
42323,0.02731779537652116
15523,0.13048604063013852
36660,0.9995711964773837
13845,0.9753410595829105
22415,0.19521625610631171
1996,0.8916152874683961
27529,0.18151240146210026
60262,0.11233893583648795
77334,0.05555743098129705
54556,0.569533869414862
43555,0.004941156869123962
55798,0.2906817874352249
24436,0.18553685595741137
28835,0.18188969420277337
78076,0.8927708933318109
57200,0.6546809258707885
37744,0.07403190026055362
56175,0.828210008140562
43627,0.9912704222454035
9423,0.39830255312383805
2979,0.25418580001367874
69110,0.15305151930934485
68127,0.9996301846553453
70115,0.9996304115080378
1116,0.22357096086622621
45784,0.23986469496165255
3089,0.9996301846553453
46554,0.04031436429983904
69003,0.8426991482377372
4262,0.0022385094302439608
19334,0.9995715896868801
23556,0.20938959099459029
18800,0.12388461666242703
23773,0.1350867225098044
64515,0.24897421413214346
70561,0.036201910594062074
76083,0.03458136253406631
51691,0.09998190123914565
21768,0.019198472980668457
14962,0.0760350324630531
25412,0.17876869462082817
14482,0.3724688701050248
7026,0.26734699891279284
55660,0.25572123677909525
800,0.8935642697952744
66268,0.09039168640737635
428,0.23533716124160267
42680,0.004810646750782525
74548,0.9996301846553453
71551,0.09348951528249665
17274,0.16934001908845334
11883,0.01608470286087839
27115,0.02311210496798186
75442,0.19009796479853944
75282,0.32626706170712205
1392,0.9700149188265599
33002,0.037081906184596836
71674,0.053797909861078776
7635,0.10671656345149673
29992,0.006165938622065855
19516,0.8317188395303947
30991,0.14782228909202444
31018,0.664288737191071
64681,0.005050030181043564
28461,0.10099850754924078
71360,0.010010463465888308
39219,0.999261599135449
77088,0.10602634413599271
4024,0.023439646848486553
44707,0.01879663762320177
54797,0.9992526807331045
71305,0.005443533682986836
61822,0.8224774875875984
54673,0.23219723600050152
46979,0.033643512907139815
12289,0.16667787255278577
56495,0.8104111868603405
17574,0.0330834831292789
58482,0.9985941737613454
23124,0.999261599135449
73892,0.049345577706643565
3884,0.02797844040146962
37181,0.28037807621108074
67851,0.2218267736815586
12835,0.0038568059939822308
42846,0.9780861390381025
18403,0.8221281494404978
40181,0.053667050684237126
566,0.7735252761198387
41834,0.23219723600050152
4834,0.16435024353877348
70977,0.005459824403871787
13419,0.8939085796074253
68961,0.38134130817639483
58242,0.2904562813072119
63356,0.04640072150504978
29755,0.999261599135449
67429,0.062257840375175864
5948,0.9991448917217678
79076,0.014931411707130606
78538,0.7701214752481452
21347,0.08220547835328458
49307,0.9550922010041365
66334,0.8278901762473495
34652,0.9669948141065481
18757,0.22816259125393326
24396,0.004138352494972871
73332,0.9992526807331045
35562,0.034011681915036826
48069,0.23046927738331227
22552,0.00693133059707267
20479,0.03994839933692287
38032,0.9992563345499309
49633,0.0047617132931041944
65278,0.0709071521525885
75368,0.038487751666222626
21943,0.9992570777565343
56092,0.01685815592140441
64227,0.9992659437239707
57321,0.999261599135449
50691,0.23304187338091792
19690,0.999261599135449
70618,0.07288635728179124
17153,0.041672765221069885
29205,0.022799003075978107
31997,0.026816289599271462
57646,0.03234484854334675
66771,0.999261599135449
77382,0.22948364995706846
49583,0.012008940346509045
41788,0.01929109587421159
78468,0.7624201864833817
685,0.12505695094025376
21605,0.02975781526385129
59859,0.6051773015130797
20170,0.03287504390887343
70780,0.06502022151509526
38563,0.999261599135449
74606,0.00519226133016156
25136,0.9992563345499309
49985,0.24962429704147296
29718,0.21693438548206415
33206,0.005459824403871787
56126,0.8097792094718518
74921,0.0057783071737694675
44473,0.999261599135449
31219,0.999261599135449
15927,0.9619345372028284
39200,0.01375487719854187
8626,0.34675821274665886
25105,0.07226197234810876
19143,0.9991448917217678
16572,0.8148301027992249
75960,0.0073344365373978464
66063,0.9986629467211473
33360,0.011807136936251855
21574,0.1881976694827803
37906,0.07828651558985171
14781,0.22816259125393326
47574,0.999261599135449
26798,0.0058491104684309046
58785,0.5999957517849637
10716,0.2598294787912977
25855,0.048813638697650735
61161,0.010803010056218457
31369,0.999261599135449
36428,0.20268740825091947
9002,0.9992526807331045
1213,0.006682301559279157
70516,0.004252328887280554
37657,0.013699984183857641
18345,0.40855000884332304
31154,0.22192614910225705
52000,0.019794166596163624
45279,0.37579404776064235
66616,0.8898240482061169
14124,0.19230029558912692
40984,0.09928100863712079
1096,0.10461745766800325
13883,0.13424491746089065
19925,0.21514313394648132
70901,0.17520599582292584
1161,0.10048981802380837
55108,0.9996350391597134
33980,0.4514921467305433
78512,0.2375852661075373
68305,0.9997010436562291
51787,0.26687646770993095
64183,0.19775603150394624
34342,0.0008070736278882444
47656,0.37421189208198735
21469,0.9996350391597134
69488,0.8640749198651306
71741,0.24783597264656376
36136,0.291389503929897
46337,0.8310593611809988
69651,0.10386264237875359
13436,0.8149025638893209
50482,0.6920998720260264
20157,0.0006196521776913396
72314,0.2931262299733949
29766,0.13568822964824728
31542,0.9996350391597134
42300,0.9970364162863473
33271,0.03728576534748808
42037,0.9995860650519209
19465,0.27417100038506426
64095,0.7539998364991259
37764,0.04460664663465864
53935,0.8021718883140962
78811,0.07626504865509366
44519,0.10263173593680898
14440,0.24660107548264
17166,0.23747987980872112
20055,0.13135801913155243
24155,0.16570498049617347
30286,0.02791790074367397
41477,0.8718953565439074
41633,0.12747505157714362
26708,0.3764004042468723
4577,0.003235186527162358
68772,0.20120547874570663
41680,0.3321931707999695
77574,0.7202167844360634
4723,0.2473187616115395
47851,0.11099622138878432
55265,0.37205539184165515
38035,0.999640333302095
48095,0.2060466786292732
7033,0.6193362441083958
38620,0.1081398795094299
330,0.5198151837619895
9629,0.6595557453377605
50625,0.27929055385490725
7499,0.17387173763397473
33618,0.29357321739342845
25118,0.022037394215153563
7400,0.26687646770993095
76713,0.9298231924621931
18595,0.8172940356444093
51940,0.8067779219940259
5608,0.05051170319384408
68685,0.0662074229259915
19978,0.9946574819427516
79099,0.27951436068269836
210,0.09617997219037265
45483,0.8373257309263984
3272,0.7048478314186356
66541,0.04459956698545874
10533,0.3003219775438915
44240,0.7346993037566278
55187,0.9995841648454644
75444,0.0006235567902777926
6213,0.3280435329259482
65093,0.9995841648454644
73111,0.9996350391597134
4103,0.8486810696867089
74467,0.016534430876967317
9341,0.36913340144632123
18527,0.8709972211425442
55245,0.29861974825301285
15733,0.9995701137787554
12044,0.015404371433452291
67265,0.500031598623633
1869,0.35154704221015276
72661,0.0059122227864729345
14678,0.9996350391597134
11442,0.06617792830503637
75392,0.8198308289258547
47362,0.44835088642934173
67508,0.13044691937955527
40137,0.3693208187872963
6705,0.20480196852037275
64374,0.4923036693219609
61143,0.9996350391597134
64086,0.021645417183227728
79273,0.5005599121139539
15589,0.9995364071243809
695,0.12166047918625235
22114,0.4029445952371435
63309,0.281487428511843
51673,0.2360546990774714
22258,0.9971817730442586
56517,0.10051516964609762
67651,0.7692125478007723
69166,0.46688322282046263
27704,0.21200838550420387
77908,0.7714937969139416
40795,0.3805261548177229
11293,0.47903402578722054
53970,0.011094684569497144
71891,0.17539783403514034
36332,0.3996826514151573
54712,0.11791178699094139
71698,0.8700338548138319
29049,0.0017174241932072947
42723,0.0007102761430817963
39081,0.8320656897791651
61708,0.9994740068767117
26373,0.8511028060585136
44872,0.8481153976976596
27917,0.28984778744724854
63833,0.20310299697891146
44773,0.8207455287109687
17041,0.1903407351002293
43152,0.08116563586601938
76355,0.06252542933501168
77162,0.9991166477512436
40955,0.0012505618539940906
40598,0.7742127120979669
76712,0.1191698783545258
34623,0.03325456657505642
68021,0.9993986792490313
45803,0.08077772817869552
76705,0.9994820059598477
38736,0.8605152729853077
29456,0.9993153727967653
62695,0.1870965527034981
55919,0.022677718441932494
54817,0.010312454817766888
56415,0.4841639702405514
68946,0.7039254611002855
61395,0.052454564940451545
42679,0.8506426256140858
30021,0.6625376310202501
387,0.5284410189933355
33928,0.9993763706676484
50614,0.34856035657083184
41793,0.0016854482559406187
15186,0.030336842154649917
56912,0.0006279941868141857
8119,0.06767944564954127
69836,0.06731856187180396
54305,0.2346476238537066
50299,0.9994058563617194
46717,0.0010230003185248574
24784,0.9994740068767117
12077,0.7593365066175467
11180,0.012468910908900333
37137,0.9994058563617194
5915,0.028796740811724533
49609,0.6451208021742147
11529,0.9994058563617194
38166,0.002383483500849783
53011,0.7574759349818891
68667,0.6799947208787877
27051,0.006984338995174934
6781,0.4612750856123905
44892,0.9456188479527318
20048,0.11075418474513932
27658,0.08531595109419984
9400,0.9666787733047691
11220,0.20033748586807276
46708,0.999469593482726
54291,0.0013380803402268766
19938,0.7876616336738483
35158,0.8085017093983928
48672,0.13094106491771687
43352,0.19938389309102564
52235,0.9994058563617194
41341,0.9994740068767117
33823,0.9994740068767117
20257,0.23692980199568006
27207,0.14633065601376696
61408,0.3832418350827647
16227,0.053250816691036554
27758,0.7676480980874063
76272,0.8395526229427258
53252,0.08485622947039638
14747,0.8160610643938919
13281,0.9994459939035729
66169,0.0020914221669646334
59885,0.9828853713656199
59813,0.0038402526221206967
73981,0.3495959422820047
47368,0.7256640261346377
56036,0.05030504109903961
4536,0.59897845669017
43095,0.14794476201619022
64596,0.20067248302291413
58052,0.21158918207919114
68113,0.9994708930795853
1757,0.18615903896760155
74355,0.17076644029654825
79127,0.10028753437278581
22025,0.006099531436868728
27008,0.9994708930795853
37031,0.032146823354271714
36949,0.04093241713359913
75014,0.03626818743428614
63691,0.10804736356849767
54166,0.8785172907415768
15151,0.3351184825531636
38547,0.9994058563617194
23573,0.999189393877101
66434,0.3719867831809578
78817,0.7101379749297064
37272,0.8477006354894133
25826,0.15086420952299767
57731,0.6923807508940834
50045,0.9994058563617194
34264,0.9994708930795853
25104,0.7653210237356008
66227,0.9993121321433038
55402,0.18684021161138895
46729,0.19465420382695425
75222,0.9312284326828165
37697,0.08901872275843214
61452,0.18904883112784102
56362,0.0013313303337177311
49951,0.00036078350916947133
5207,0.13184377483048917
17791,0.061346612663257145
69111,0.21522353951141937
78195,0.9991517595678864
917,0.13029977272429533
16912,0.9994058563617194
59156,0.35051897326834025
66721,0.5314044503320069
23040,0.24191900796930108
31286,0.06581468755807632
62503,0.8605152729853077
11137,0.172308680222461
7974,0.0743693524942497
33698,0.999529465300498
12420,0.4422993594669574
4020,0.05857204719492678
58831,0.1373660023047759
24189,0.7435350578333596
62577,0.0791877887955081
27589,0.011244820946499217
17159,0.997585347822943
72179,0.08646957146020033
40892,0.9991315941115273
6807,0.997585347822943
57814,0.12067406980277602
35519,0.3543171538793787
49048,0.00467330476619766
44359,0.08430268854235155
57276,0.08393474257774777
75302,0.9975299579708685
16451,0.999049263151828
23672,0.08567141475804581
39160,0.9845459679066295
43745,0.8812032232117477
66135,0.6648275694878761
20947,0.6863752399664247
52636,0.25377526799733024
60849,0.18607144349294322
4002,0.7887963148886147
53812,0.9990772808345246
42866,0.9990653012275719
3771,0.7407008860475675
53837,0.020971207828404923
1503,0.09577387429274437
38986,0.9975593848893266
63028,0.8815028534979862
23245,0.08312479713754567
50017,0.008994243234599852
36944,0.9978365286932284
14022,0.09211208885385942
73195,0.05726268783656522
11037,0.06699485898873689
11937,0.9853336298262647
26017,0.9990706148446273
11110,0.519727557900882
75126,0.9991494363615001
48625,0.9403880926871406
29670,0.9976614244985008
73958,0.9991696163139444
40078,0.9059400550980972
2838,0.999060606828657
68755,0.8576924255428833
52673,0.817508319924556
22332,0.05863392592111343
50935,0.9058404626049864
14319,0.9990661329065686
4696,0.997585347822943
73253,0.05409482670484549
5242,0.007961319692600046
61481,0.3875153928935517
11546,0.04015741513891033
12501,0.9028171044437845
42719,0.06914506031440185
7339,0.599785933962507
43285,0.08530703755636054
39575,0.9990706148446273
4483,0.9990706148446273
51617,0.6996163464462312
73905,0.7576163726676972
38898,0.355643940096251
37252,0.9992037230617022
10074,0.4971091391667397
47994,0.004943101219657749
49753,0.17757167790224443
6611,0.999060606828657
75170,0.999059391906182
40003,0.3460215218451797
27116,0.9990661329065686
61919,0.6096313196592374
74580,0.9990706148446273
78634,0.24521189026765405
76045,0.007707544316017287
72870,0.9990661329065686
72993,0.19325068928186254
15121,0.9990882299806358
9476,0.983524902271993
42677,0.9975579338670368
1075,0.9991222421694095
65140,0.9980692591890583
14261,0.999060606828657
73110,0.20895453421787172
72529,0.7607806265102282
26856,0.9990706148446273
54080,0.7331096692094713
33546,0.9992915423911862
77253,0.999060606828657
14636,0.9994017251342975
65533,0.1469935199811119
19523,0.5847704818845986
53172,0.9990661329065686
9387,0.999060606828657
42322,0.0494372402236917
57396,0.23143094629696415
2581,0.8283805248506011
12599,0.9673950842111396
6084,0.8678223200616858
52135,0.9990706148446273
41617,0.9990706148446273
56889,0.17282712922326254
4312,0.9990706148446273
38774,0.9991494363615001
66102,0.999060606828657
5900,0.9988914755120806
10847,0.998712971289269
31569,0.9988836229968112
841,0.008230673221797455
9835,0.03337413845260316
40410,0.9202219165438409
61563,0.5518764532952919
38737,0.08729251892290743
26549,0.904514447349409
12976,0.34249129356225233
36861,0.007130129148553928
48927,0.9994017251342975
45440,0.9194785376881097
766,0.999059391906182
17825,0.9226613607863249
72401,0.999060606828657
44112,0.592708466826455
72161,0.017630313604434594
53025,0.29395572511955503
40139,0.9990451018875808
77633,0.6022968395053736
2621,0.9990706148446273
73877,0.5625531902584032
53864,0.4286101137873636
39478,0.9990706148446273
59373,0.04528187728035618
35795,0.008795346718962758
17683,0.5696429325970938
45709,0.8082302317651119
62452,0.3204426453727564
20126,0.0068611601438506266
15832,0.00503620050663283
38315,0.04258931693918271
47483,0.8842848298921807
13909,0.6242851216226791
33958,0.9990661329065686
8081,0.7210275330208101
44459,0.2821409678365373
69036,0.9861694444347054
49820,0.8576990237129187
72172,0.999017269413178
77784,0.9990882299806358
19117,0.8449146685176524
20602,0.15050964538080022
69779,0.07188912863063487
20345,0.9977051183836781
60314,0.0562761979639161
1360,0.005480651017687226
31534,0.007627501154146608
26149,0.9990706148446273
46875,0.876045781347251
34347,0.17375499350653692
1510,0.18995402357480862
56222,0.999060606828657
48459,0.9990548558969676
12781,0.002525679116693925
73893,0.883128918204481
46711,0.10515080446927365
67382,0.999060606828657
61366,0.999060606828657
27940,0.9990706148446273
45168,0.8481515274103373
65227,0.7880385494218992
27611,0.8248898055365587
29319,0.05293822285833485
62544,0.003349646925182582
15701,0.999129378445052
59950,0.3952714937584018
12003,0.007299656392044617
69869,0.012990524184494113
14368,0.9990706148446273
23342,0.9990661329065686
36383,0.8169010929506785
2109,0.9990459438777612
12502,0.351857727653872
10779,0.7698172261307226
69181,0.63895869069437
55185,0.002098672765969664
11352,0.16734650547154567
64592,0.2284308384745085
78126,0.40460097880141677
73855,0.13294617713275914
637,0.27611317830853976
16631,0.03365526512400119
22667,0.06742932325125489
4513,0.8903026022045385
72813,0.13261029501079327
66730,0.2321571500730953
32814,0.8376923375029047
62404,0.23860773853561887
32306,0.31882075880633604
13867,0.2631399703527207
2964,0.06919025594541296
22077,0.6966739343338229
70052,0.8601436543289294
68753,0.852677698884533
34744,0.1281921039238789
61257,0.19261945278822862
54274,0.6481723551371428
37298,0.046216393341470284
67997,0.287944840844346
45372,0.8916766084079789
51249,0.046784205679105156
44675,0.49132182836997096
33258,0.09899434513647314
33440,0.3791018481387304
71281,0.0015108740340058738
60185,0.2794832946481727
56769,0.6677040259785476
54150,0.880122769884468
50904,0.028212770588814412
69688,0.07746851736941668
433,0.7294165825398082
5168,0.23872143765848988
74519,0.05114453447255072
78232,0.2150066430821668
34601,0.15147735342780863
41421,0.24955786415845813
43033,0.3572434897828529
38,0.11097574617699275
32545,0.9313811075760178
57921,0.02118529975328283
55356,0.014390295212233289
20373,0.1281921039238789
15262,0.13164007714961115
37362,0.24496363608369015
66250,0.11852285686708451
560,0.7769152680638374
52138,0.2999657119096807
37090,0.03228173799820316
12613,0.04788787881572042
61306,0.041822912058324974
73775,0.8876105237558267
25458,0.0007729659316528974
39771,0.17965291306040812
13093,0.17971393067832428
57912,0.27665300337232573
20685,0.3347242049738759
43206,0.0782073008206427
71285,0.3374722295244134
61825,0.14553911932892835
61510,0.9040634257495186
18891,0.8340583379028264
24715,0.4414472090779383
24816,0.898975753448708
3748,0.8522189187598314
11601,0.24790151043210315
1598,0.15634002552530518
62538,0.15147735342780863
20875,0.12632058457456155
14081,0.2067571341337574
24313,0.03750182778444227
9373,0.1066082260814937
78920,0.0014494682522078251
22392,0.0008766587794308163
4303,0.18153238702167784
35775,0.047471608880912966
22695,0.028448184572171964
10974,0.17596048768925407
13286,0.784101920776682
28440,0.898975753448708
49778,0.16765472606391113
7524,0.353554486955046
38599,0.1289992063588561
15168,0.10333675241981657
50894,0.02108753636600556
1560,0.06139952906813534
13314,0.10437405072711761
25018,0.9781016598713914
48003,0.13559855437715426
7929,0.25919521090968317
67644,0.0036938566090072575
19643,0.33078810589043955
46941,0.7624683251731633
10448,0.006529017726597138
15864,0.05670060161285379
42030,0.21213551857705723
7940,0.07427015945833505
16106,0.11813546394027645
47177,0.9980051999641326
46301,0.0805130531458569
32536,0.03843570032883193
19798,0.7560270570181874
56922,0.39706204682805785
71190,0.9986612081319121
71036,0.16508706339573576
17291,0.11176269850620275
24143,0.0013034328547732908
761,0.2870903480258662
45383,0.15279210685283756
76102,0.06037234867242885
53451,0.2006335930691287
43014,0.2813853333704058
30178,0.0009528347302061784
45799,0.9990345095701488
67322,0.3434446896677447
63156,0.12798464769631876
69919,0.9994302429629763
55007,0.9994302429629763
9477,0.9994161290556672
70430,0.5697347845213754
58707,0.3663307671577338
59057,0.9994161290556672
22118,0.1799123941751311
61359,0.09778215546309524
46194,0.11919543423003626
57894,0.9994224300757665
42504,0.1776456888443372
57139,0.05410824075816395
47781,0.15353266815851255
29481,0.24499943650002196
22212,0.0396174855879294
52727,0.21690150071007444
45313,0.9994302429629763
40082,0.8936099738439421
68185,0.8276734891689702
68123,0.9994081227437958
64611,0.346642489172363
25288,0.03580537263639403
29382,0.18278503923758213
55729,0.14806716705177003
19545,0.6682219232985496
47097,0.02831438937051339
11010,0.2181674949718739
35951,0.004556197371083884
76217,0.08501255307241284
11673,0.05054265053941101
51530,0.16798783351519767
64861,0.020263678834457007
69755,0.16065864668716504
52205,0.10764981045558956
64556,0.15141060849405025
9796,0.011946565635406128
54545,0.7515506493702427
30698,0.7729116579911186
31076,0.9994302429629763
61522,0.7433561078686705
60654,0.1943244375402064
20141,0.8743153219025459
55834,0.3377369310454017
77745,0.04050473862129179
1755,0.0006352600841543685
149,0.9848822213644468
58419,0.24931163471561912
43307,0.8816737593204216
53261,0.7345720986272612
75149,0.24954292821730223
34382,0.31693034345378795
5830,0.9994302429629763
69307,0.30327218524573596
28344,0.6058929109300096
77845,0.050301574380534744
2016,0.0017189759325623325
5193,0.051687403074635284
78439,0.009657422086650413
78643,0.16443201153724482
33372,0.8761746880211295
38098,0.006805693057610427
58906,0.9584101637303528
11174,0.13513278902989362
866,0.7176350782434804
12756,0.1874017035221197
23397,0.14465733095367844
49396,0.5793403654211676
74286,0.011253756454038932
62223,0.8466806317017487
4478,0.813222811126656
57451,0.8791315660041373
55955,0.3773976336723585
77461,0.9580774737774278
16866,0.8362176204419606
43989,0.012762929681559858
4508,0.9994452654564453
70881,0.22959598983785756
64948,0.12746690517518763
56096,0.9991745600053978
65889,0.30205416358952725
69997,0.3383853275352723
45566,0.27223072403609766
17158,0.1447628335810045
69410,0.9570829658693046
65716,0.1603902636459603
12639,0.2705062901572642
63296,0.14033356470490888
60181,0.43513182187432087
24545,0.9994302429629763
60195,0.7983985211100407
26755,0.7953727250633975
7437,0.9800449986289959
34569,0.0199154570348378
365,0.9994412107906984
14649,0.9982297489332852
15083,0.9994302429629763
58602,0.11334962427351095
55382,0.33789742522613536
55655,0.9994335958506912
78605,0.9994161290556672
2802,0.9993065615387773
58183,0.06362577960524507
72333,0.36002490617932004
70642,0.9989655984538018
56894,0.12542947971132515
12857,0.33190822095242245
78375,0.1505746629775053
24854,0.2039678208709174
1246,0.9994302429629763
22746,0.13194127350143045
13747,0.032878369841046425
30616,0.2528658706055591
36822,0.8932433494611193
38700,0.09017726070454384
68776,0.7776649989922751
61757,0.8056272985278077
72631,0.15593429833798242
14729,0.11384372712883549
6476,0.10233726389052998
11320,0.01329271577089571
22229,0.6425442155086081
69931,0.07737416555546224
47735,0.3578228134964623
77733,0.9994298012015114
69104,0.1509567807109176
7690,0.2528658706055591
32873,0.7604046049281165
21535,0.8025847786419653
76644,0.9312213084389059
38263,0.02418142143864478
39852,0.07257991595076685
17358,0.9995916099420452
58421,0.3531577080784881
37068,0.14592354921193512
71484,0.9996443511251804
38641,0.17457238133611713
37607,0.06199329482928138
19421,0.8774830017643457
1790,0.2308595268396501
48357,0.8413251249769422
63295,0.035185733379684885
13740,0.21868037141042973
55873,0.2194640559452464
39964,0.29940191521728454
25652,0.38915302205331836
40233,0.9996094343519994
51978,0.2518637437161457
9231,0.11083683690849884
47830,0.25210471740504165
65547,0.18693590710183036
10840,0.039362634119065605
38637,0.030656155301993348
1404,0.8393809685414659
44226,0.5200508284627854
49933,0.02110222803141201
1696,0.028747109693930184
31959,0.0024472719888139695
61265,0.2528658706055591
71873,0.0023149634375396817
62176,0.9798713014098618
2432,0.2759881357120468
34113,0.26351943028133545
22621,0.31139499953712213
65909,0.17484741044762747
910,0.011908548777912796
14916,0.2398014210506331
28183,0.09620721258670928
72507,0.12457737549851357
52552,0.9996212895097509
63191,0.9996301846553453
2403,0.1156468739295695
72515,0.05882271389228357
32162,0.8192018492221331
28744,0.4390509968955099
21687,0.21403987364831412
39535,0.43851269293885176
11416,0.7892476833785229
34013,0.01133698632969828
53518,0.999591046735815
1196,0.8023610086549593
29903,0.0034362647441062194
50576,0.943801839896179
15705,0.7446172074931482
64858,0.2528977598565678
65793,0.9007979226876445
16366,0.8268885717409107
66946,0.6840828821151889
57633,0.8352060541866845
4726,0.2338962327629642
7447,0.06528108943699693
24723,0.19111026250157773
25193,0.17829576429953098
78055,0.1137319418068373
70321,0.0668466022214037
13664,0.297572240378386
9305,0.22837228150988248
1726,0.8307569326964502
73840,0.13502044313768705
28798,0.8046594347113989
57033,0.2904944433425296
21515,0.002842350273342694
5913,0.22554340342151125
24844,0.3337009423853474
12517,0.2528658706055591
51806,0.45985226742113855
57746,0.1600288010190957
76863,0.04004486427986774
1380,0.14929575654120705
69225,0.7261886265594475
28068,0.1920341451706684
53912,0.1528971695283252
10436,0.997034650371576
34414,0.16716021745745904
15660,0.3367028052048393
36559,0.8317990199758882
54952,0.8178913172587764
66189,0.13900140144924905
44434,0.010097955789896182
3622,0.201437950811262
70865,0.9994298012015114
7220,0.25515774003250313
11163,0.8362745385046254
62364,0.36207275550781576
65549,0.2893410948707325
59861,0.1365931984314873
2811,0.35496232526028665
11162,0.35046851785291433
46247,0.2528658706055591
69673,0.07264997427254105
30629,0.5968383911080285
44564,0.8657972545084193
12364,0.2463193524167049
51311,0.11917427457562159
67043,0.23746085962690489
37135,0.2973516285062361
43357,0.0365572249221194
29048,0.1700533129906376
60999,0.0762977566145657
34417,0.001124180096018855
21275,0.7324549769874849
15929,0.9990057837741431
49883,0.9987522786468498
62785,0.0033894366054476053
38375,0.02925619175146095
36913,0.9987624965490012
40970,0.16080603222326284
60777,0.006491443619663382
47599,0.0020890456409873148
46372,0.9647877347649362
78112,0.1309600092037368
21606,0.4360137745121623
27329,0.3248993783646795
14964,0.1792516926964803
20461,0.2023878629757152
5296,0.017584133692919536
12121,0.9990315335335713
19511,0.972207898477734
68951,0.23393297620285539
47929,0.9967776029531421
22370,0.21440387758231744
32584,0.8673409842828758
27714,0.9976593608298464
46931,0.9248700005611322
12214,0.25147201223346466
58329,0.28694021691482496
74267,0.2851372760971613
64223,0.3245438905135784
50763,0.6238737310429276
17324,0.369059105903786
62710,0.1846102717864812
53176,0.2089042482160681
60646,0.19308243281515033
30784,0.10987766915127065
8750,0.9988462037997482
33514,0.15255103072867235
69620,0.7751793493834338
35646,0.21617124264840964
68188,0.9988599675060277
21330,0.9987624965490012
11596,0.33700169528087737
18206,0.0030744826117452655
1313,0.22897179406665635
56566,0.6411558680557811
561,0.8857449202899348
33726,0.6202238140049562
39995,0.8925775814412134
5388,0.9987624965490012
9853,0.07213203639884769
70659,0.6878280866805305
41003,0.09264671980662555
47554,0.005128758676173249
41616,0.9987624965490012
45680,0.13959422796371582
36143,0.22980197425133306
10893,0.9987624965490012
50622,0.15700198475551808
10392,0.2597717318361991
35168,0.07114909068876957
7311,0.1563669853671562
54640,0.9137165709079591
17277,0.9958279158533621
64205,0.28269096117525705
25558,0.3864858034153674
35394,0.9989622182552975
33013,0.9987624965490012
11341,0.8728016205111833
52301,0.881372831618973
56177,0.9987624965490012
3347,0.18518851702082212
61261,0.00477534065769032
28262,0.016813964396469573
49229,0.9974538109327966
77032,0.41249164211611433
19972,0.3122333000404412
28877,0.9987624965490012
56132,0.998734290750806
39420,0.9985358300703884
4948,0.032298978328580204
43221,0.22673255069785644
9968,0.23053628613045987
65630,0.9987624965490012
51884,0.12179883677414735
28315,0.1895096326761666
6792,0.0933451255122947
72059,0.040854156466475486
13451,0.10516132586363584
40613,0.8979005693302976
67422,0.9987522786468498
77706,0.13780240827792842
51721,0.50550675539414
71310,0.9987624965490012
71449,0.7790467308628
20708,0.05438128869094457
40959,0.9039927379640155
50412,0.03603320834956844
3,0.9987624965490012
16092,0.9988504260748755
68296,0.05041606173430496
44991,0.781383000005119
9426,0.998959039911238
68712,0.19360590321321342
26426,0.7465430299033708
11295,0.1629085376141375
16305,0.28279534418321045
35234,0.9987624965490012
54546,0.998734290750806
14275,0.1309600092037368
7849,0.2855883011607873
48381,0.8354119145697061
25026,0.21882328084330913
77353,0.13137733208253602
68048,0.9987624965490012
15249,0.7511514361247877
75051,0.006280410759042889
70028,0.028181010078965552
67854,0.20501556830423087
7087,0.04427043263341658
10083,0.9987624965490012
66692,0.21904783972851005
2487,0.2262074905989149
72446,0.3750439603216931
59073,0.0011227281199670573
22949,0.02414970876482773
55674,0.17663615916437095
19382,0.21996248082919026
19552,0.7089900493586925
13542,0.007345347155260677
73917,0.4029592679547546
69929,0.8534266453139513
73920,0.014657863239887166
55990,0.3143069889603473
18848,0.05097774418676618
72001,0.3882248095025857
8860,0.29505295325898834
32329,0.21550626381208618
34960,0.3366432866875569
9922,0.5975091302269168
45785,0.6466625854392937
40932,0.656508602974914
49833,0.2798128985918657
23978,0.831587934330683
63002,0.28610305677621445
12819,0.8064058361490845
38678,0.08263447723275365
71590,0.6025600688253282
31386,0.02553827723285027
38016,0.9066842018741419
72373,0.3518842579047841
40089,0.02713925529809254
56734,0.07963130831011207
20432,0.7149493432773861
46911,0.63192795287178
34630,0.12190440775397164
75609,0.7553051916386551
18707,0.15188036691559972
10096,0.7368863670977828
13935,0.8898996429582041
55898,0.8362075419027175
27332,0.21996248082919026
32070,0.19288466066485013
51645,0.41409842935920826
7613,0.9288399680661643
76410,0.11068596198777508
2890,0.7185448375438509
54098,0.8924544548168131
66325,0.1898770388966304
10132,0.04490927546873635
19732,0.7260311147075128
74080,0.08589451730253585
25739,0.0408523933123996
71892,0.16336956559142182
54438,0.10359781914769699
19570,0.422133379963727
46405,0.19707293619101865
36170,0.01340354156112481
14856,0.286951170169975
56236,0.15764164228410507
36146,0.05711644576113728
33352,0.7305274650923683
9973,0.1844748219769109
30721,0.7904564786392125
28364,0.7190609628469541
60304,0.26239024338644706
25706,0.16392843925638512
32450,0.02057365171642891
35970,0.8245542322570392
72524,0.21679577981294362
47966,0.895849470124153
802,0.8481538690455365
52684,0.22447287453610512
41942,0.02361852564068558
30985,0.2798128985918657
25369,0.8219056367105745
37942,0.19149534217793004
39268,0.30616520957413557
73470,0.12023123123172944
17353,0.3380492410988233
45616,0.02629648082634323
52244,0.4030625216591766
18321,0.0011482466280076128
32223,0.9187157954619325
40478,0.7649535207812894
6854,0.8089991240273787
35525,0.37128501184041823
6459,0.19071007024694267
13807,0.02553827723285027
39711,0.7873855301861202
78471,0.21040998276994452
75402,0.422133379963727
36491,0.2239545835395561
8078,0.8934340149637889
2957,0.598083951658269
38384,0.8578351641788104
10975,0.7408127122098618
45648,0.7726691965536004
13445,0.11439540022807981
61773,0.1824524252200854
46145,0.20071859338497766
28342,0.6324811850362778
42250,0.003602908327271504
62183,0.14540380923807938
35170,0.5894164252341602
57889,0.2345206086919334
12398,0.004987552133600066
39292,0.12716996415769305
77311,0.2846967022112675
26383,0.2553709109632888
61717,0.8578243934323326
23297,0.021373087116976986
18386,0.9993780492919145
34471,0.7189430846010691
38410,0.9994435997252819
75277,0.07104156739180732
33893,0.22039871049448684
37290,0.9993930443188126
66355,0.8707985901185592
45772,0.00084516272006236
63172,0.7111721086459655
42532,0.10318237230816274
34458,0.07929060291935189
46927,0.7990342316920287
60149,0.4986559646382764
18596,0.9995441657696311
73652,0.9995430460634854
4678,0.8087655936609781
53473,0.999541467111649
51260,0.9991954036931526
75079,0.16459132287129818
25762,0.16929466247929986
28550,0.908442519190216
44649,0.5851475394029411
52187,0.002465909428384428
4332,0.9994851007374244
70200,0.999541467111649
5191,0.9987608882104417
27863,0.5330273769401352
35136,0.32726043257727816
71493,0.9994740068767117
16143,0.11881269942158809
34415,0.3947495153221954
37564,0.07509362811388702
12885,0.9991844463397376
15402,0.007463366323873297
31114,0.04939632619430845
47079,0.9408505459687591
56867,0.18025407772811106
18977,0.9375702447510966
6850,0.37222596739730707
57176,0.784332440187576
60157,0.09429378173063252
66962,0.999142827034147
72727,0.11001615791099503
42488,0.9995282277131688
43210,0.2510336297319171
59897,0.9938468979428781
1106,0.24831412230055658
32276,0.08345029614567409
49391,0.7349234627384139
45854,0.19271100134628052
28226,0.9735571221141596
8573,0.7242111679654566
41917,0.9993296588725236
64840,0.22241445373438817
3197,0.07618792144854925
26614,0.8216340107917675
77068,0.07639966357216489
487,0.8737528648097783
371,0.09612760210400817
18896,0.21685978327224803
76982,0.8187376451456171
15408,0.004175755406122798
64211,0.2795565221507271
8838,0.2607257085933516
30409,0.1679422997936191
19623,0.1694627694118201
16683,0.20253034355836655
60108,0.9994788803786537
49298,0.9289820844875779
30870,0.7294022496559034
34816,0.9995441657696311
24004,0.9444487342751023
16941,0.8254199506566606
75117,0.01898818457836815
13267,0.7105736997600253
38453,0.13570346409859446
61780,0.1347176990332631
3633,0.16480454834930974
16494,0.0008068207190319625
15894,0.1114758348711348
11657,0.07639966357216489
18523,0.15272580009423975
33735,0.07235494643473124
25319,0.8820487283945074
66206,0.8565565056731055
32874,0.614747574107627
78586,0.9991672946156899
53633,0.8134343460596133
74820,0.9995376202028877
34208,0.04458407485615813
15776,0.9995359273836334
39466,0.9990632483183854
22959,0.9991719601315623
37580,0.8267310434918417
72680,0.16393282664420844
3259,0.9994851007374244
55284,0.17707470432819078
29991,0.7737832936620362
13878,0.9991539344871857
48826,0.07509362811388702
4945,0.12412924094401194
40101,0.07509362811388702
34333,0.0026838643192792565
50987,0.9994851007374244
25763,0.07201586902945145
11761,0.46968040484899065
42734,0.07509362811388702
49574,0.878381852520148
29378,0.06807591913533528
78711,0.9995441657696311
57655,0.999154390617018
35772,0.1755708330654611
44485,0.13865007846316083
12056,0.18668170968356612
66401,0.7130579831590542
34078,0.04504301625448852
11346,0.8203327437210445
61528,0.9991623666515703
2197,0.233475630363266
70103,0.14010624194466742
24125,0.2749136874113939
36738,0.10318237230816274
35283,0.7028416453082831
15755,0.7003644360740031
77951,0.999521741722608
47014,0.8728893402885982
7834,0.9990129473465249
76783,0.777414431418939
12882,0.9926145103856336
20370,0.39979326539720056
21391,0.9995632509506847
11250,0.12356869913884584
9778,0.21382771351611085
76132,0.8182026137559099
73433,0.9952608149687193
70794,0.34405322615354317
72768,0.038716544106928
65295,0.8637364107624708
5323,0.23915402657869594
50232,0.8722270043663451
11587,0.1440251130384212
26371,0.9394865346970396
36070,0.8307828963067359
35202,0.999541467111649
23228,0.018032164300465177
12042,0.015391084074100102
61417,0.0812050403444082
72041,0.9995441657696311
38175,0.05284952141777845
26752,0.6625479349118204
71320,0.2580527665216339
4410,0.02561632893493584
60562,0.14955416289124981
54413,0.24656293511568764
42783,0.0412346297364567
74849,0.0007457682782053724
38180,0.20045746799279135
5575,0.2756446851780698
16935,0.16387398165039996
35826,0.6420610901222554
63756,0.9992908675581202
31499,0.9993178475894203
74945,0.8868979743505936
75435,0.9130374657808105
77724,0.16517386302262427
8494,0.00487811717225248
5436,0.9992787577270897
74889,0.2121704219414856
54214,0.29583454878672777
47280,0.18034433316007759
32472,0.23460877186175444
18483,0.9993114677141036
45000,0.10893064473056215
75672,0.6770907580127113
78863,0.031418050261308936
37910,0.8781536314210003
43398,0.35410766770410934
20801,0.9491185432811358
41709,0.23404010595275396
26873,0.026904290355244713
16407,0.0007457682782053724
68471,0.9994808363532786
10795,0.9993234370435553
48076,0.9928671351540345
69848,0.8679366493274848
14692,0.7974224248546575
26987,0.06102292696125577
1354,0.9116976356114691
5753,0.8723615715392897
37067,0.8475072428288563
1876,0.3927839148946406
24407,0.8868979743505936
3413,0.9993234370435553
10417,0.3961161551219561
19240,0.7489418787002018
65937,0.8649653324813814
45533,0.025895076145439715
16044,0.09884494979380744
62620,0.8387970991500073
43020,0.9992259924375194
39374,0.005034836646827143
21183,0.11594504906556302
30256,0.25918151680662543
25571,0.32185930771172777
26206,0.9993061963839275
70383,0.999302089868574
42368,0.005034836646827143
41549,0.11949951331872719
64801,0.8109048904468962
77022,0.9993114677141036
46716,0.9990514663278814
66134,0.9829626283953553
1103,0.4519394175458168
7234,0.8795947440250659
47457,0.9992446659122661
10515,0.8597019950746211
77821,0.06586401944051162
66056,0.8109342682644052
34524,0.012078312554383222
37277,0.26194369464371864
45688,0.32037832215764206
48878,0.10339177843432149
70800,0.6461603102324375
33838,0.17828795122878816
47953,0.2582131108538208
8420,0.45411278410867634
22996,0.5145071178020268
32695,0.8652464764170256
66202,0.01528958678082832
74068,0.05413307547332641
57858,0.5536922659343361
23705,0.999302089868574
58877,0.8868979743505936
76911,0.009706406817694193
37685,0.9282231938955654
7066,0.9993061963839275
78695,0.9991788987927952
68516,0.8690540407058263
61294,0.9044636208378475
77907,0.23182496401207958
61915,0.2028527096563991
6862,0.863818519533903
32451,0.9991151220584956
72621,0.8649653324813814
43877,0.031204745011491578
46413,0.836273249618787
48138,0.0038400716769809466
27251,0.7142707229548313
41153,0.0027826390944580373
52961,0.0019463687894540384
65481,0.20271170581314302
59847,0.20271170581314302
39710,0.1060223450333089
58972,0.0021294399639327347
53413,0.7767569713070352
20081,0.1000180535112962
17734,0.08936341010771721
38675,0.0011868692603207473
49511,0.44273712895780426
15211,0.027425741404631946
74456,0.23415147440238596
69587,0.5775331342323993
13895,0.414427381936146
40474,0.54259322292356
16957,0.1296799092974339
64472,0.0023951092603559064
6373,0.823363729217946
7245,0.001929859945558644
44646,0.8444130318446535
5063,0.23156178710029762
36371,0.041703518077316815
27564,0.8232142212565264
15765,0.001929859945558644
23333,0.38159342752848263
40525,0.22713423526050686
42407,0.003797725404950475
25597,0.0041546827475615255
26443,0.10665136026211913
26146,0.352618834828578
19769,0.01743915299319264
25959,0.19025907419789795
56863,0.0032065415973140414
7870,0.08045955839480892
42439,0.06288673713838545
5410,0.032518471234410075
50256,0.0037141094394397556
37208,0.001841095761666449
73390,0.3429635593491181
38890,0.001929859945558644
35257,0.2840284497480045
68828,0.08693874652696025
37311,0.001841095761666449
57379,0.10906812737235595
68937,0.23224485896353744
53016,0.1261142924260726
67809,0.07435603018239846
14430,0.41305951608978575
27229,0.8505032166104254
62673,0.007920369350855884
35455,0.0018537153533700569
61751,0.001929859945558644
45592,0.0018663324911823722
27413,0.001929859945558644
12337,0.05343563628029679
27786,0.0018448824325962123
9965,0.006169238067434639
10636,0.00328596297403682
32625,0.22831328798744932
21169,0.001841095761666449
42496,0.7795478624773156
13232,0.09546091181067526
2740,0.1577870050826937
13202,0.09557062410666368
48368,0.19522528254705152
69894,0.001929859945558644
43311,0.1516516090576934
28755,0.6772508453513366
73680,0.0023792889788778653
48341,0.38123087364055863
47308,0.10107959588985399
75044,0.0018448824325962123
41832,0.2313428929071633
49509,0.11456236182715271
62436,0.20271170581314302
27938,0.0016353735493591871
20969,0.32489140741342787
48507,0.0018227317566230855
17222,0.23156178710029762
57226,0.001929859945558644
71328,0.0022274952905718052
67263,0.19487707715242453
18609,0.0018448824325962123
51515,0.13463677034558932
61246,0.0011872412489075373
47323,0.2482936974523318
19564,0.8517230652408477
43053,0.0028614014999001863
3986,0.014699774600142799
78667,0.021232656594545332
48522,0.8786936347801229
61598,0.91472407167784
20608,0.18463962931148517
1068,0.001929859945558644
24486,0.001841095761666449
59011,0.38893709785143005
10941,0.16174374250988485
73830,0.20162454181509756
44150,0.38204452085896373
28206,0.028404698365852424
63601,0.001929859945558644
66426,0.001563342843102637
10482,0.1759425134242292
5154,0.8374194086070689
34732,0.04601212951618111
12063,0.20271170581314302
1910,0.0025998810124565745
15691,0.0018606656978502735
39602,0.0018448824325962123
4135,0.10226351425903277
68275,0.40600758970427026
68372,0.001841095761666449
44224,0.2203883796835261
7214,0.08594491200780419
36539,0.12233529858561705
68922,0.037637789333536
78968,0.9164667226440737
133,0.2801102899368116
47099,0.2764915994837834
33350,0.9985160165856424
9717,0.220781549167127
55992,0.07395732110367338
33162,0.04457808453639585
58454,0.3503432082234986
63322,0.9994121104448755
29566,0.9036374384073738
30816,0.9923221821999368
53081,0.7869592262635627
13704,0.9993712641233657
36496,0.8881691364612934
50494,0.040796082334685006
20662,0.999330038005751
26854,0.06571857690689034
79064,0.999318355902138
44195,0.7848718975310642
20596,0.7295806145715844
28075,0.7055441726594454
37382,0.7499201614964307
17359,0.08444778129333186
8594,0.11143808177146741
46937,0.019693103161754932
10151,0.04540305349315632
22607,0.9988289061555248
20983,0.18248759223166935
19788,0.999318355902138
70249,0.24158103980515333
74346,0.6816454488226443
75621,0.3067147526412662
78642,0.08465892163167257
8072,0.6385461661909423
11768,0.06608299221336864
18808,0.7754563016500171
38033,0.04557314543250958
55824,0.43222520970418116
38932,0.3753333056288276
54848,0.9993075742162522
21361,0.0017695010793603164
23933,0.8272374729840521
71018,0.05365332750679712
78572,0.3967806721933201
50312,0.02305665575206562
6896,0.8579806787752479
61083,0.9992947187298306
27886,0.999318355902138
49962,0.23831023215235594
18769,0.33389278701691905
47086,0.029555326908959244
35419,0.9521261076569539
17460,0.21558095712980108
32126,0.15036995957509852
8790,0.1963488011061945
48114,0.9987730421844463
3191,0.7051879393511555
52773,0.999318355902138
45118,0.05572106673413203
3651,0.10232836340091726
57443,0.8862961061181948
38745,0.9574947750355091
68907,0.8856998077669583
42373,0.7997286920563914
60214,0.999318355902138
20843,0.02229216024883386
74737,0.763352894555494
67301,0.0466237890113283
76457,0.021218637168909097
10861,0.8973971494249654
26709,0.2652647307572381
58009,0.10364769578354582
15630,0.08141887323659926
28528,0.17823390277142334
7904,0.9992804923984809
28616,0.15359819229373203
13335,0.01692814416572816
14693,0.41476621517011086
46220,0.6434885489814484
46762,0.8070802195624434
11540,0.035268518127834596
17128,0.999318355902138
50831,0.14605087316200593
71821,0.9993152431730058
6274,0.9993390405594665
45713,0.998709430926545
56748,0.02676548570841099
8537,0.0683818323903746
54647,0.06989218712598327
30029,0.07453353553967505
41965,0.9993108844360715
59625,0.5543254558643621
77304,0.04682120893014241
20720,0.9994073584037056
75417,0.8078092066504171
70199,0.8256381424390686
21499,0.08418186550810872
56327,0.999318355902138
46183,0.3423322486410011
13307,0.7906564009428576
32960,0.8818994010957903
3642,0.106931327448582
26337,0.5769618526553294
34269,0.9923221821999368
65558,0.09974332899199999
36487,0.3618458831907061
62148,0.999330038005751
35671,0.15377916144084067
5535,0.7998837252364912
19277,0.912484442339003
56573,0.5087186234201558
22913,0.0032971504926176684
17208,0.21209634846962336
76686,0.09628909380433648
10293,0.2261420885524715
36391,0.7300353899222543
69796,0.9992474154920745
37494,0.6383444579810359
67006,0.03291574906784919
30937,0.833725760126568
25497,0.2854205135097855
77079,0.05762142849195871
54155,0.9994248060118415
35011,0.13628558541583446
369,0.0007377781232301426
969,0.05780981980185112
44554,0.3079021668216584
58760,0.07377209177710316
9492,0.002217237049271025
16449,0.08031760835225005
30349,0.29906897040556596
36614,0.08677125217831586
11018,0.14026987091957055
64341,0.2318355098885883
33173,0.6786446187031632
79167,0.19951854010232797
10684,0.17472400446540592
51508,0.16518404809045703
3233,0.04946154605401522
76390,0.08766197677488573
18303,0.07409480064733871
28512,0.2540433518589618
50722,0.24262746225778767
1832,0.09637080807498581
1243,0.002160835021373074
74540,0.0964242763522502
52022,0.7441707969702338
72393,0.03650058217311429
50478,0.17893698635334557
70193,0.2607556186395128
28907,0.999296309265343
8999,0.6837847701055423
59056,0.2631657814709838
58646,0.13503477481322132
41112,0.11418906883431179
35758,0.0827849449977546
73140,0.22094275842766423
7491,0.06709104448985645
18162,0.1300935313586221
46390,0.0937214330008039
73052,0.2829839581745874
50375,0.654193342894171
67314,0.38108959823529703
24162,0.09637080807498581
32313,0.23749747373367122
15112,0.999296309265343
67360,0.7320261084996385
57854,0.20024604843862553
23028,0.13687059798100448
63723,0.999296309265343
22785,0.7320261084996385
47259,0.20184065368321782
19936,0.07266844182885857
12179,0.999296309265343
21631,0.08746622294646102
56326,0.9993827778052811
51041,0.9993369050948677
14780,0.11169751669455827
16620,0.07340902613324868
66274,0.6584199110610164
16609,0.07899387751359865
57090,0.5398293308941595
3294,0.9993208047306912
44253,0.122668690308366
73578,0.006565658881348202
23291,0.049811795575240216
3846,0.8382715028720572
28470,0.02256428581531641
47820,0.2358032706559951
54704,0.29815376708388375
74691,0.999296309265343
13778,0.13543195857091006
75842,0.7577401550173485
22302,0.8377918073605053
45808,0.05306936706249832
37793,0.005613517925464906
67195,0.19026937801722868
32981,0.8143886127880122
78277,0.19630055269818067
48115,0.7138432191669833
1215,0.0013502460492993175
21578,0.20873895780684237
63080,0.33127639350487914
58704,0.02509214658672321
15763,0.9994084768342579
64281,0.25583817485885785
65132,0.15009329487084994
37680,0.696080905741937
58409,0.9992039159129422
68105,0.7462607258917786
2106,0.9992670537348803
9506,0.0032971504926176684
2414,0.9993004497700562
32215,0.31888166907083937
835,0.999296309265343
42579,0.09637080807498581
22420,0.8449877850196055
12538,0.06266802885008595
46058,0.14085588249738798
59759,0.999296309265343
13164,0.40401124786749065
50183,0.999296309265343
22937,0.998077915261539
44144,0.7602581846297787
50540,0.02327505250300295
51154,0.9990998718800734
5610,0.5836346918252482
11908,0.9423831797210079
4582,0.19706885568465884
15090,0.9992759964562239
9678,0.31863266159913306
60927,0.7337910396411004
2524,0.1569746482525078
46951,0.07983758217676896
55207,0.052860906191036436
56412,0.9986442519276637
68520,0.07993619883720568
75620,0.999296309265343
19463,0.33815621626542536
54713,0.884546772763724
4783,0.7942636130396151
30783,0.33913403321303126
19559,0.9982205169598874
4382,0.14676253528090205
38193,0.12866746814790347
33761,0.9992818783950035
55557,0.29906897040556596
7643,0.11034468759842855
39221,0.8083059784044847
79151,0.10743367169718454
20188,0.24721780555056905
35282,0.1625701646565559
7374,0.05419380968949861
53020,0.19755874434349888
47709,0.16276830024927913
26740,0.9761914428235251
75558,0.9423831797210079
59275,0.19696184877214754
10620,0.30345409662712153
53916,0.08380616672833083
66923,0.31196504710728556
76928,0.1352689346997539
21324,0.2924476522519746
556,0.24900328915328956
18706,0.18458157571534273
16705,0.842057343862255
35864,0.2255453867920907
3286,0.7956401689369204
9931,0.04135435621443757
50223,0.33306919226855447
7848,0.998742240073127
1314,0.29566333090961355
26470,0.12991074758857896
63768,0.35323236969707533
57573,0.2849164348316192
27910,0.12335055096985183
38232,0.20400503344284288
14707,0.057584044754022796
44014,0.8838151639996532
42400,0.06770961406120551
25758,0.07110465930487443
39340,0.998322281080992
18654,0.9994362637896029
18257,0.8476560386541386
2973,0.999058218667143
17807,0.0021720701125265826
79318,0.008686061943162418
29284,0.22631853502625968
43075,0.017177146168115748
2766,0.2703239552906867
1542,0.02153799278562942
26850,0.29467922519433826
59947,0.7939205387066
27473,0.9983091255896551
20992,0.9991534952744312
51953,0.0039593092732078455
76539,0.9994344897094513
29333,0.9984402354216857
32377,0.26001509896450004
58437,0.3210590414751371
73986,0.8237075462178145
62258,0.16869581970464398
56800,0.8491647771594507
3772,0.018345566150920242
46229,0.9994344897094513
4656,0.0052598869501281394
38099,0.2703239552906867
58383,0.002825867994883104
11435,0.15585253593072199
78656,0.0022355103516013817
295,0.9991629098806255
41035,0.07239705026964914
56248,0.9960460635895126
46158,0.0574420224824853
27500,0.0009689001844202253
1738,0.9991915304701074
39030,0.9991703717909838
20366,0.9991867458174309
15358,0.06617999022854046
36114,0.09725041537482956
8315,0.003850937524259341
9720,0.2796123159608579
74701,0.3058170737392219
21323,0.2703239552906867
43891,0.07938296591836104
30298,0.3765109015922204
32827,0.32955155742160497
53015,0.9610239180839281
76156,0.9989265902440034
57558,0.11130032245077
29060,0.07409978228282149
59636,0.02181642909563556
28943,0.03701900274594372
77865,0.30360928033902823
3436,0.3101899292285474
17323,0.02713730564245622
73881,0.8896022331119166
55699,0.2046231756437007
74156,0.9994344897094513
44528,0.0960320859879244
16139,0.07553379648569489
42943,0.08262792035030794
52067,0.21853163215521512
5994,0.22878761569230252
9108,0.6668401464691811
57481,0.6606517454381715
26394,0.23221491970224503
56948,0.0008685104913410269
77444,0.9991867458174309
34841,0.9994344897094513
44141,0.31261869227460626
13336,0.999302443854044
3514,0.9994344897094513
49038,0.027709569340473954
42720,0.9991660564324772
49112,0.21853163215521512
3783,0.08294055248975334
76413,0.9991867458174309
31226,0.2483091307135816
65422,0.06600793964133032
9337,0.004044134780988739
15386,0.9843859320007355
10703,0.2136876004182622
70401,0.752494452357561
71622,0.9991629098806255
48038,0.28994787425193425
4925,0.045255755002419566
4533,0.9722938314255891
78973,0.9552008268258624
38171,0.3672675639403843
4056,0.3477442185282964
23536,0.9991383526837829
11954,0.9991915304701074
28401,0.07144209041978604
2851,0.004438749310915309
43006,0.10996634040163837
75136,0.8006595216928312
46074,0.9990312038547251
73941,0.716840286019286
12880,0.08209205223850177
44913,0.9984517668950639
42749,0.853216205151201
25021,0.0017006380367934803
23770,0.9994456255109259
71056,0.0902632001944683
66395,0.12374569617437013
15883,0.29204458298892333
5973,0.008960549777900043
20824,0.3156065065172151
62666,0.8836959678472102
40644,0.9994344897094513
79012,0.05330960388561684
596,0.7820168941495867
8805,0.9991867458174309
41955,0.9628985161935527
65213,0.9882141830297106
1952,0.9992058579048851
74936,0.05395813640387392
71186,0.20481912355346377
7911,0.12535231910977718
56097,0.9564823413810295
59118,0.228444416896459
68050,0.018578929330331895
39501,0.9991867458174309
7527,0.9994105586489563
63646,0.20526900808169632
4701,0.9991769240817204
59790,0.29578637763213
27627,0.2300654740767035
24977,0.0029197073676640478
48929,0.14565189030003792
25009,0.3300143199613305
73242,0.004265510627369826
9216,0.31608488155657655
56631,0.9994344897094513
20540,0.07734427305451991
61893,0.2689210067575625
73670,0.9990357493420855
29188,0.044022661889409204
20626,0.05557976673117456
5425,0.1739365656858927
13266,0.16579821355490404
28841,0.9960460635895126
47935,0.9991629098806255
34319,0.786236547747632
17394,0.16615064869477186
23520,0.9994448923491974
60092,0.9991867458174309
10930,0.9994620147816508
43823,0.7126496198913324
21360,0.856604220328106
728,0.9995452423616605
48894,0.10946078905510391
14592,0.04577882823155885
57895,0.9990321703508745
73611,0.9994344897094513
65868,0.18209294049532257
55312,0.12042083847852382
57852,0.9994344897094513
65748,0.13571440176628696
78502,0.9987074608879011
35032,0.012692821305646907
44136,0.2402347171627095
3544,0.9991867458174309
34207,0.9984897610744721
10708,0.9993715350305465
19253,0.06320382945488624
51587,0.9988918207348233
13238,0.18299630584353216
55983,0.09195160740033125
4793,0.46737688911354386
7958,0.819195253867025
2018,0.0011966812214631469
33689,0.645962366171058
70405,0.11740312307369255
10977,0.3250542268358045
454,0.9994627213808358
52128,0.057645048640766514
42617,0.18171759225121198
68994,0.9991485625241778
76790,0.9991769240817204
17044,0.9994396121579354
36902,0.9993906380399513
23807,0.004209159313826557
35508,0.08891901027471617
25989,0.526275234448755
56322,0.9991440272595475
68323,0.13895378357224483
36840,0.25908773873729557
29826,0.8883126704775317
24075,0.99947260496914
8223,0.06600793964133032
8124,0.36455192669223674
39132,0.9659719306467633
47219,0.24013188329428783
5797,0.7623124366568305
36446,0.8429065661970283
76901,0.9086314263526578
60120,0.7226119407667227
29681,0.157945289437129
5189,0.18780985403048112
19614,0.6301544020029584
35031,0.20840713057429042
19158,0.20947782344060972
18734,0.7942305084655044
60664,0.0410174860809112
5058,0.47207599777673515
74666,0.0061256635124285015
13187,0.8803160461028928
1780,0.8504621158671468
35322,0.9320422813600621
62120,0.7953244338282409
79242,0.3285908099222629
68223,0.8079626713390258
66577,0.21791437811685813
44461,0.0078091283702014175
50716,0.33078641857287083
16940,0.08219603320592406
68608,0.2367293975911794
40298,0.8649465190502464
37147,0.3245332238167252
29505,0.8369916060362474
50569,0.231839006615698
28562,0.05258697937400987
58702,0.23414561305281145
74269,0.20548946457726083
7962,0.21394704609927556
40168,0.07213189305877324
1907,0.04448289352372912
65055,0.7259666125349281
59558,0.10682198939336118
50391,0.6255265163813692
25346,0.21386110365871494
54944,0.22083800305971538
13504,0.03593114256741355
67561,0.18916066539130386
47658,0.24773592039506548
45407,0.8509748516896553
17398,0.4792095721609552
47600,0.0011902788512844755
62371,0.18016746189840083
29,0.06553877121715078
62638,0.03719446307893548
9719,0.0019026439100883743
33124,0.7735889472259844
58774,0.21956377125390697
68707,0.8704798509894107
31664,0.031397303954165345
32464,0.3748533573158478
50469,0.8493077056577666
54402,0.1334587251825415
11561,0.8545065718511154
57677,0.3953156787548208
56018,0.6251206859027169
69212,0.7918958899253182
20609,0.08232810188649008
46532,0.7678036813819488
6750,0.8358040126982843
32889,0.012235696664776826
6795,0.8184551665161213
45891,0.8824163182044858
46452,0.4578836334866916
65865,0.05987480141031593
70247,0.2935034726781617
19666,0.6343464610545541
67907,0.009713480676559515
58048,0.8035148921085598
15792,0.18673318060651545
75617,0.10920094658206796
64511,0.01964298097887177
18563,0.21937611598809403
70435,0.2215316852697998
37922,0.8687712954036754
66746,0.8657839268266057
13363,0.10918270965615805
45837,0.5400861331723147
39833,0.20652889237009314
35892,0.5943027161007273
65615,0.052572625432141355
49403,0.28188712288423157
78161,0.09536620859764662
22761,0.1142021271330011
78459,0.8685656039918274
71319,0.8182499272910823
71219,0.1691234801983348
9494,0.8134717076060077
3982,0.6036374373297827
58467,0.8369359339195978
20391,0.802818209428623
50714,0.8251696163874319
15606,0.016705702163042045
71750,0.11770884407804538
19642,0.9171711778213634
53694,0.6868887246851141
34551,0.823635882835589
63249,0.031252976462087405
13276,0.26023323155812844
5545,0.06712884863492895
78581,0.20188199657733277
77777,0.1192540194429423
14386,0.7904578703626582
27182,0.044268386206390474
6790,0.11219329302475198
34161,0.8837984097400253
61314,0.8129089359289204
65473,0.033653853038667636
26288,0.2838077397578936
19361,0.13817993382826319
39463,0.7059642506177795
35984,0.06834856800719837
65306,0.6727178147229218
8990,0.03599492754413031
12405,0.21056897291617072
9970,0.8365022336673323
12306,0.8533348545744505
67307,0.8563336417610254
75595,0.12840192984399718
30989,0.111575357555567
35791,0.14619445478350288
28805,0.05877159140096538
38170,0.9993015789819061
7857,0.6356496380169544
60357,0.0025011032377746903
10101,0.846180984202401
39644,0.06663822740590203
21576,0.9993153652010595
37388,0.7105694771217962
75353,0.2800317966922372
47059,0.16030982514702038
24531,0.8283025100792608
40737,0.33781786391139657
72362,0.07089692538147999
57266,0.26992508820958677
42880,0.5450508749861049
31827,0.9993222750644335
49854,0.582761541784326
40928,0.9996612787230227
61992,0.7194212580342809
56023,0.999221567020289
10451,0.8377507351852879
69960,0.1478357379246529
6863,0.7436639379687432
21253,0.0015365564730728924
9491,0.6954191812176514
35695,0.18133191724704997
21305,0.4647279475095662
9480,0.9993222750644335
8734,0.07031372760687885
37756,0.0027875474563289204
53503,0.9993222750644335
2014,0.770042063369298
61109,0.6956684173312098
53804,0.8269843372117499
38446,0.8614133997426916
2148,0.025787419404777388
59239,0.9993245647860003
43724,0.9991968640089423
72378,0.02824411209479482
26812,0.13062862442568565
17195,0.03103260147785991
54470,0.4274007186719164
64920,0.846137388242486
71806,0.08908208374361093
49465,0.4770538010595945
67610,0.8198563293625266
42499,0.0205239677705508
37261,0.2010602798718212
76314,0.99907900032067
40503,0.8482375733262172
18175,0.9283682864231951
14622,0.3246450713282132
15333,0.9993372960403409
40098,0.06406383218241817
42969,0.031115678470734195
58027,0.19235390519215217
3896,0.8693678915670918
768,0.6030097195416189
50282,0.9993245647860003
46661,0.2731196091416103
78877,0.16408025676431523
28719,0.5382881031663045
74345,0.8323106232874797
66345,0.15492771125227278
24310,0.15610964617199266
1469,0.11972437498253367
30338,0.8877615700719435
58761,0.7325562184757849
35491,0.04504342474697732
5420,0.879254363004291
76981,0.03424266088860627
17549,0.684650758996526
44723,0.2309231312307659
21060,0.8119936593827126
61870,0.9854400366283211
61955,0.795961831209445
6042,0.3408927100924467
47357,0.6547114106176167
31363,0.07614455439345878
34930,0.26111947787055517
21059,0.795836335073926
75169,0.7534411406725996
23841,0.15492771125227278
9248,0.903469449172635
37421,0.2902953268044631
15734,0.19299511664600244
22764,0.9993222750644335
7266,0.07228503837180666
29484,0.0021541191402955034
76547,0.17308785634845428
78378,0.9990085512301216
50228,0.2914730875648301
77881,0.8522891350804509
15044,0.9178144079503676
77113,0.002955943365052283
23526,0.01631692804320129
64825,0.0029579533342498163
23098,0.031969890899923976
58900,0.3971873498360708
30975,0.42718775386169217
31674,0.9229244983492619
29546,0.1241402827750525
26029,0.4539847123772576
45930,0.006465801642719517
20542,0.23936960108360794
65523,0.20116976797965827
26499,0.07764700549187352
75,0.07329979348438674
66256,0.12266044209435234
60647,0.9993153652010595
23724,0.7948572650698091
36785,0.806229438056106
38329,0.055951823334974615
45810,0.9993153652010595
59474,0.6257152108621893
69469,0.9993158658968937
63645,0.8420126329183119
49834,0.12625131564609
72070,0.07288672394042037
48271,0.0012605324685413847
21401,0.008652168945692554
68046,0.5055130914540891
42013,0.43449997209035723
31417,0.8698267549131077
32318,0.853047632459071
59026,0.889020031407923
69604,0.053987371432649776
20105,0.21430505434348518
57706,0.7709771430373219
74018,0.8031974267704318
30545,0.037722868971323924
27819,0.3280576782602188
68682,0.007446911113236524
60753,0.16135713721568803
72855,0.4985371617771346
30563,0.8377690691908672
24846,0.7581069884286652
49693,0.21030999780685838
54660,0.010838173067415514
40165,0.10808201992777598
46203,0.46167307267749463
44329,0.8106027829731811
17139,0.04340791305584533
1538,0.7929585294334052
10196,0.0075363677776126
6074,0.8311783559177784
11111,0.8663045968849724
21603,0.2729505118822394
57185,0.009874528637205258
23611,0.016703396653923598
31630,0.880561244421711
33006,0.3062396927756258
20656,0.7722400785029113
22260,0.8465930690796529
55810,0.8569863886661022
49253,0.8555960734808005
55857,0.12872200301612635
71630,0.8113657061888755
39391,0.8320708488241702
37535,0.06029955109054109
56656,0.8542018893374244
62225,0.03664617003378635
1621,0.283447708303543
21302,0.803186519603526
66845,0.19071728750625633
1583,0.02844223317397301
46695,0.29978670442684835
24364,0.06178755248719147
46692,0.06336428520447089
1045,0.0075363677776126
58902,0.2933969669509523
50640,0.0103245718033546
10932,0.0075363677776126
38564,0.013876676805084233
63669,0.007465136821451285
38260,0.0075363677776126
1133,0.8419608408702097
20184,0.036949608118341574
44566,0.15050024214339305
60741,0.31230006015279166
67137,0.17221959283216362
68179,0.14597237873952532
1850,0.20969907497646312
58960,0.9139805699644695
67289,0.3030333841265036
34809,0.030033753150286342
40734,0.011133803594696495
38968,0.0075363677776126
19644,0.2730000772944331
78783,0.03782939643862378
50509,0.9129078629336869
5148,0.025755673337700246
77877,0.8252397987164276
25252,0.7728208656255752
65141,0.02543811859234076
10738,0.7685223941834833
61716,0.13138208519955197
18052,0.008235101124128437
12192,0.1913378381293084
22399,0.8317557518179416
13289,0.24093452626513767
32335,0.30008004350807843
16560,0.20148477474584958
51361,0.052572945409145116
11802,0.01213952726569405
28931,0.225631101607938
46119,0.02300872092610785
14651,0.7955689278062819
41257,0.7605881667759868
58850,0.1903690330254363
54226,0.7691180725251328
77879,0.004241743298383004
63885,0.8830478618836409
64995,0.8790991375763842
22341,0.6586589084946165
17707,0.6800240822418111
50756,0.07809882096311448
61555,0.9253953230278665
24399,0.0281632912340275
36834,0.02536457366033311
66831,0.0668690385883097
34832,0.279661762188503
28648,0.8416498921598249
49104,0.05179312280272311
39452,0.9006350451803031
50712,0.2382271848127861
20003,0.8328486844246905
5578,0.19402481084725956
59903,0.12530732873000786
59841,0.017411985122611467
40858,0.14659750160698057
59181,0.8495306375667566
71148,0.1890996105747426
73235,0.7576756499748118
5078,0.1824957878751692
70872,0.054043104495340465
23351,0.02536457366033311
4142,0.7395897725981346
79102,0.2720653047808645
56059,0.4540889203961208
60625,0.8738298271885987
12225,0.2717391718253775
23105,0.4511553938267394
50388,0.3125240968095686
9584,0.03519473569440116
27028,0.12035115109040873
45718,0.09025294047495601
2252,0.6555904830513108
69207,0.815291580516254
72908,0.184541689071715
65603,0.25666451567897614
37529,0.12971572670478584
20270,0.2580320357291292
78965,0.7742971577756503
49435,0.2618218058514774
64361,0.013185661347482459
12964,0.6964050409672521
44679,0.28508751762928597
72234,0.8416498921598249
76544,0.3214926355948838
60232,0.4246173681387108
27868,0.034353446995677536
38827,0.0030763970890302084
17949,0.23495813132095913
26573,0.8417362369437152
53464,0.7565579852739451
10751,0.01353890056229821
3321,0.39878681384080933
21577,0.8416498921598249
48633,0.8643947565292762
30734,0.8690171487288801
12447,0.7556844507550561
70310,0.16440301236053725
50000,0.8380583902093128
73248,0.7604195881563982
62889,0.4017820005457411
49991,0.8416498921598249
60278,0.8788103540165336
24144,0.6342632070941638
20982,0.8337708012482052
30493,0.8610612737741841
25994,0.1423425968317214
48734,0.2918684448414486
75651,0.31733369321316623
61193,0.20673289895049068
49757,0.759569058422528
58866,0.017839560831396872
44334,0.32737695302011566
39994,0.06766374883008736
67848,0.18809312727052452
51135,0.19464511023411474
29686,0.05249883626258724
47637,0.8668717062054131
41446,0.4535126059093662
12917,0.11278446369263287
54881,0.2893162758053016
68360,0.8996825331062599
4552,0.8828501857176126
76806,0.0007474969188578012
38105,0.49327345057016986
11438,0.2812163948076673
24571,0.2010604279195078
28478,0.17051475546543773
11354,0.07442965326941071
3750,0.030843328859688886
43163,0.8858670307627154
16533,0.817163320727728
60727,0.1369753739034489
8400,0.2590930995015196
9080,0.6403462378186332
66061,0.04785836808606856
30767,0.428423381505241
25524,0.3933200554455868
57603,0.19287021127408252
69264,0.10750787103286845
9473,0.741746848848702
20751,0.25221719379558405
30462,0.023507870993424235
15621,0.1207021783631928
67820,0.6482871175688205
67839,0.5848648016802638
44378,0.7357301330097722
3053,0.8714783952148186
14293,0.16873157690537977
71357,0.20971772822756363
28037,0.3309345731853817
58033,0.3300942654415254
15174,0.16081603754335583
19951,0.7142542870480354
65585,0.6309321574695944
47780,0.03638444431146807
31820,0.4275596007174576
14346,0.28558824994442034
48543,0.44822666575166564
230,0.4053966342565201
1212,0.15782690117276832
63746,0.17717192866781437
60925,0.04342203143301659
20690,0.24031212928603735
78900,0.45149512259779195
1987,0.17003730586467186
56806,0.17253682463763467
61721,0.09886826326542443
43679,0.09419777422232108
27939,0.04423370307682945
25023,0.5009624066535874
14017,0.12113087059887856
37202,0.7905789136886403
62575,0.3514002126414109
74439,0.30616840102867277
74361,0.048497135239518464
36930,0.3699539862143215
68654,0.3819873082681331
17510,0.44873365504617574
56031,0.11646885841734042
59413,0.09376389011432769
64923,0.11296933917288882
38091,0.07837272789105179
13754,0.1411507035093361
74381,0.1223165331435863
71777,0.24256647012414304
65035,0.29939716789346094
35188,0.4766120972539587
71744,0.3857986565202413
13304,0.058213661919904534
7171,0.14781156730782838
47998,0.1841283891479089
33786,0.24256647012414304
37501,0.26551410890149196
57693,0.38291387887038664
24128,0.03544735661285938
65887,0.37396458885670686
47664,0.7312225336127691
32992,0.36562321109488677
55183,0.8685594311286565
36405,0.02813020541525477
25564,0.8577025202500254
35269,0.01192689857750854
33333,0.3292486788930972
46506,0.26416123405303227
65031,0.821809660133515
10368,0.019275961675399928
57242,0.06751142599637334
3386,0.8609194590439448
36702,0.0011158030719790957
31933,0.4956753864596464
79002,0.8672381580428324
27305,0.8974263671180457
18317,0.7637013156605444
32931,0.1669987408354441
56678,0.49047116555869963
17206,0.05036292413278197
26640,0.010616387396375665
15995,0.34906001986660184
30287,0.8036348181308093
44787,0.7001375205335436
14117,0.05504507466760758
9590,0.27068202002795816
75656,0.21437343608016543
68370,0.4238831742226746
60391,0.6938321670090409
26757,0.20446391518366966
46706,0.07447995396853806
62516,0.7238205964175418
24625,0.15698206313393392
73076,0.171140218826689
74870,0.8715738570839032
56921,0.7430459345557212
14550,0.2374166377592683
19074,0.5741374308055985
50342,0.6648087573613137
53998,0.07028609822016238
54363,0.07212551847293987
69527,0.0038206211649042927
40829,0.9908537164247606
43334,0.008867787023215808
48785,0.24589369889108398
50727,0.05630027312459057
60103,0.22519808901762825
14800,0.35915425869187023
68322,0.0028603082609276642
43540,0.03021479056931828
55712,0.002152951776869103
43455,0.03783069811761172
3881,0.577444033909706
40523,0.0020218369604732946
51743,0.14204199215498148
74535,0.2608610018152377
54388,0.40048187158643145
36714,0.07901533173570503
26506,0.5804992816849588
25093,0.252770285383463
37123,0.002182811807255713
5667,0.002033661536475473
32941,0.0016687257631356294
3408,0.7421011068036601
70602,0.10182796153833083
67085,0.388977063892406
7436,0.4580247841558079
57837,0.11013698010252346
63289,0.11899519202335603
10025,0.0018742397050469002
11815,0.012489317754430613
61031,0.9995093182738816
63045,0.026153987103728658
29114,0.008669882378878994
8419,0.01594499826699121
51639,0.040489467883329064
75437,0.0020218369604732946
43482,0.17130001831477018
13108,0.0008339500044960305
41026,0.016766204122936407
12468,0.1560984407800889
32333,0.002033661536475473
75868,0.3848671946884747
51025,0.002152951776869103
54513,0.0012428194853820814
13732,0.002075991124050075
38673,0.00501690518810975
63750,0.4955736907194027
66382,0.1564149615491793
68932,0.010066753433925591
45529,0.0021240640378008485
23148,0.0021240640378008485
3128,0.46635423335481124
42463,0.0020613223213785067
41270,0.013431320292746546
58536,0.07599593708020154
46563,0.0021240640378008485
66491,0.0020218369604732946
16536,0.0021240640378008485
69124,0.002033661536475473
69094,0.0012513204043786178
28949,0.008904549968492046
43731,0.0021240640378008485
45773,0.10370430453269548
65243,0.9994636725074576
28553,0.06704425373991141
49477,0.023433275223990285
57043,0.006434697153287055
48774,0.0020218369604732946
54801,0.9995093182738816
6744,0.0021240640378008485
11268,0.0012667749608116445
28482,0.07986804046899403
5496,0.0020639209347744305
58032,0.8568118089073691
13891,0.9995093182738816
11827,0.08769585365342675
77209,0.002174282998233519
8178,0.11831640754011036
11621,0.003106870547067867
7858,0.002033661536475473
20806,0.9995523107519537
35372,0.03401553555965547
8610,0.0021240640378008485
8062,0.0021434708746971816
36019,0.06965362695725516
28717,0.9995093182738816
52710,0.3472511591993976
33478,0.0021240640378008485
65186,0.002400026781320008
42983,0.10509556005955309
70135,0.0021240640378008485
2043,0.11348687630964654
6131,0.5741374308055985
50655,0.003172795112092519
33086,0.03323469358709173
67601,0.18444660526488618
14458,0.03630196366922262
13420,0.01322902159665511
29662,0.02109221931571456
22991,0.438941868147043
45642,0.4725218797348042
31170,0.09779793461331521
47762,0.01573769514199219
57191,0.32402176909744285
6524,0.04624899655575778
38508,0.016726837903935993
14954,0.37713226231057323
5471,0.0029780633349638787
74259,0.050740096532977154
24015,0.0639428915999429
36932,0.0021240640378008485
13181,0.04646990738032397
27927,0.9213006878744825
6379,0.773547020073683
56524,0.003237874243967669
19868,0.018252225248658487
36308,0.8426279445157805
71847,0.6519536342572281
38286,0.03972970984235876
51589,0.5786479895230369
35363,0.14204199215498148
7368,0.9432242499360372
31214,0.002621775535341661
35209,0.04414514547267624
39423,0.9994888215415998
14267,0.8921301381631538
62502,0.0032025467266958924
15868,0.008787010765135602
50578,0.004344927643943394
21412,0.9994993113807084
16199,0.009502881185819052
67039,0.0021240640378008485
27446,0.0020218369604732946
26184,0.8082321497010638
29778,0.0032875897570939588
66215,0.04231534713819356
71388,0.9820839013340115
7195,0.26272618821184734
65440,0.002005233665082248
42864,0.0021240640378008485
64342,0.02936675773058888
68476,0.06889913097681835
54206,0.019268714200126692
74549,0.17125746322678548
66607,0.4368741732227915
17930,0.057047755281964894
72321,0.23370487386961428
19157,0.013686707675614713
36161,0.7899050795380552
65172,0.5303818441389077
50252,0.12124084632495212
60187,0.06214573618861614
50902,0.031271266414100815
49571,0.009494375960885417
74908,0.002210557049836199
50072,0.213273744485654
42908,0.259188935062401
47375,0.18292651211985234
59644,0.8288122844898503
58656,0.14846587506324566
19791,0.287785644692217
21121,0.9139000756095157
37662,0.18292651211985234
8721,0.3835271938179299
58124,0.17513087488595172
17107,0.8264024383379786
59306,0.15255736716373403
51013,0.236870868549189
19160,0.4323537525869546
76939,0.6506301322394572
49356,0.5464611242445965
7838,0.6386703837288431
65221,0.9090473098833041
53145,0.5502713036386012
38886,0.9071307749008225
52612,0.41435619006115604
12717,0.23370487386961428
24100,0.8313265518997175
71207,0.0010594953643145479
51963,0.07588341473318638
8950,0.8851966762202467
21877,0.17944761829052
31557,0.23997378142865686
26129,0.7480886440160637
46099,0.18328687170560276
31332,0.14095571784643351
62014,0.4345762990447925
11183,0.02727310473998506
25617,0.49770005389245825
15124,0.8662008670623732
41663,0.03480969440194641
22739,0.8722131914225143
62786,0.05093472127363778
10749,0.867367451163006
77524,0.777149411393222
78299,0.8465976118843234
22487,0.1741860042852066
24503,0.18292651211985234
27308,0.12148366341397546
14391,0.25295385107295126
44355,0.16598376266819712
49704,0.024076825644076927
19882,0.25885522069166056
17795,0.21410338461381387
47341,0.23927943263555576
73184,0.3954084976416704
1408,0.06785753806249971
28691,0.8498868052034907
77667,0.015174118156159804
41116,0.056742745696534584
33462,0.08807151340943596
10726,0.5286041196008643
21396,0.003913239354434135
3444,0.4233583453972909
69712,0.774267672642446
43227,0.027464346821425303
4026,0.13615097972499907
13383,0.07089351801330467
54145,0.8181416657429218
16646,0.4053207280916565
55391,0.05028069354011345
3627,0.0029363443608304866
39133,0.2341366006341853
49598,0.3358806650238264
37880,0.39999635086159435
65185,0.4385475113695773
64818,0.8656545374952977
10387,0.8671507400487061
30271,0.3814506721342638
76512,0.8761765116377744
19752,0.3422296421275888
3517,0.20081420061682467
43828,0.23370487386961428
35295,0.0006435608572789418
52798,0.4938224108799472
15033,0.036844447405988946
73704,0.6419051964822132
45125,0.7846243929954204
1169,0.22320927968661006
24661,0.37232250903012554
68686,0.08205113043597934
58561,0.8077594541469901
63880,0.08610213941623324
23957,0.4927145210893175
19123,0.24803127426145105
34236,0.11213695876971025
66918,0.6579643295700496
44922,0.2211242226381756
29993,0.11910392450263568
4138,0.3576603312051061
19424,0.23318550785928688
4151,0.14725290006918482
39237,0.88120906354513
57890,0.2560718649523322
62581,0.2384309141563897
72108,0.8536747451334764
15367,0.23541087267930963
33133,0.7157584177175619
33636,0.25028291072661174
27044,0.7385147509109106
53310,0.08345862623063512
55502,0.3786393961557509
57389,0.42609082784257
76280,0.18364745377571284
65939,0.020660964014014727
37197,0.9983320564840499
77914,0.3061501249767185
68594,0.35161017087963836
15505,0.3435758069261296
59343,0.8341116282498547
49317,0.19334850169854337
47632,0.22735217505922006
55964,0.1375162788015402
43159,0.03100052450580772
61647,0.3461353733757655
44116,0.5026586061870234
44981,0.784357427843223
3318,0.0057286988578089185
40634,0.928724182870097
64927,0.655068923499965
12127,0.867827607986227
39620,0.8538189403701808
17719,0.8800279715226161
25164,0.1710943010899413
38524,0.35590255065048376
58098,0.7506336443249723
60409,0.8223667778574558
6998,0.8385567818573685
15729,0.3015236547119433
707,0.16053358236890605
3492,0.8864898589731794
15340,0.8572665169145239
46016,0.13748413016108307
15824,0.005945844832901135
75678,0.825581970787403
72591,0.29929688039764946
71117,0.11806676452275705
60783,0.7457351624401873
35920,0.5108434333031537
39386,0.02871112830992621
31100,0.22386645858955156
68144,0.21294786920669442
60655,0.24803127426145105
41951,0.19359470788647026
2430,0.23959783563426604
69352,0.001707289848540763
37336,0.24050625467841807
18647,0.5956900154682877
836,0.2952021298010265
25495,0.9975958871013081
22822,0.3520928583027563
71102,0.22167612653063334
40871,0.7605291142096657
21674,0.05670961379319325
28334,0.6624810565992891
4952,0.0414268208433052
57105,0.0010062635866356503
68448,0.20028450292728162
19178,0.2194171375816001
11333,0.10991794443058214
40564,0.8257230588092306
78825,0.7658111241502852
27676,0.832151162382569
56575,0.6357388967275636
34766,0.22997117808424108
8418,0.09389362526507908
5630,0.23244971381084018
42293,0.24803127426145105
3682,0.9257850359821985
19404,0.20114984810625242
29476,0.874921500707477
69522,0.15518894654769141
15199,0.7951579811815022
74578,0.33583216325670867
71052,0.24803127426145105
37046,0.047476818823837676
69203,0.8066098561848871
55045,0.7184065537981222
18831,0.14403610463560973
46763,0.16330480336923844
11832,0.02225835970261388
28743,0.10422218195590315
42026,0.07342389261562786
72779,0.8746291755826651
2638,0.4001860953303106
57914,0.11354300276349422
73618,0.009888909588384958
48354,0.0033536857237894085
878,0.1785573528639783
27106,0.4893641175021627
27960,0.7962158509784284
4380,0.4780848630080185
11958,0.18004131170082494
19188,0.18150652676969717
69445,0.9273535656743594
10764,0.011778282447424742
26332,0.19234976836531506
55649,0.3333654371537098
66544,0.2686583408645833
20837,0.36591847295170093
32153,0.30457906393031947
13162,0.26253643944149213
56117,0.2854306226213893
31391,0.31092136520349384
72016,0.03581922814139505
70248,0.2831128560264134
33758,0.8325074765968635
56464,0.21695145824522832
35451,0.15762958526136464
53911,0.13600100097568332
51661,0.06193680502258973
42471,0.03122455453688743
20699,0.26376403169748697
39149,0.8905389158672894
61466,0.3266794952342596
27201,0.24803127426145105
60102,0.260895421904868
51029,0.12429426553017102
48868,0.24928483139865532
8447,0.05168104201918817
74308,0.3689301243517989
29088,0.7285383496981679
67335,0.22117140093887605
55935,0.10078996127994515
17144,0.8578579346401363
54634,0.4218356035757928
655,0.004681337966327569
5813,0.5155002359128888
21673,0.19420663255910556
2893,0.1924299297799047
5637,0.36045646689007216
68581,0.20503381549319363
43791,0.06140000792881575
59936,0.6622604331207813
24905,0.1487364628738482
71696,0.2807961047396384
13516,0.8045340484719236
52312,0.218633824410472
45338,0.8433417120240597
71559,0.9132541525197139
37861,0.02206606997182086
13570,0.45742913624386916
11212,0.8715926351802346
11222,0.29545119343627835
47589,0.41198396810188503
10829,0.13110707075634515
4764,0.09074460209011052
27595,0.8898309093908671
60290,0.7084182625899124
3660,0.2475303543210642
3327,0.9370496590684183
9466,0.43593865476997207
47802,0.24184164986501036
60283,0.24161266704194923
68200,0.9013137449101437
54531,0.15153827055300473
59165,0.21421488820138926
25939,0.28836127050463617
27830,0.2760859112916741
49157,0.18116778434298542
30226,0.6759144187650943
34696,0.2281949412706874
46901,0.8780572723244272
33314,0.2631595556358143
68417,0.7337703131087212
46331,0.2837708881281015
21342,0.8728377253642445
11155,0.5339384197073719
27690,0.8985997902652204
77609,0.2648774879585502
52410,0.05642692659397293
41137,0.2108311723183393
24919,0.32408892550393015
31626,0.02966769117945892
16693,0.259502303194431
32428,0.287766372735757
50718,0.2168123177448279
6728,0.15531220282890584
51288,0.17239848053336093
40702,0.10657531734363777
78098,0.4537757497014353
63222,0.20537752331271472
23549,0.869617340246442
29554,0.08915960634073172
53027,0.8575059510141197
57940,0.17676358134459225
23778,0.13708487262494684
51429,0.8832156106441449
31407,0.22148233084441168
76508,0.0022619151373351964
13544,0.2837708881281015
8647,0.34739466503172944
68160,0.4714649678746425
41303,0.2607937953762115
41140,0.8130361694557621
19223,0.26877809665217733
37707,0.1436519256852052
24601,0.3215645184947331
46826,0.02949828459282123
14250,0.5340637930470533
40116,0.16560542987013757
17401,0.18252447610399256
54858,0.8714624357259696
51483,0.029586311723852673
42282,0.2108311723183393
55088,0.32524722135063955
39264,0.526158615335463
756,0.03442907952767517
2780,0.7655488448192375
24504,0.6881232374703059
46098,0.12022731254261411
48571,0.47951550411723287
58145,0.2837708881281015
34776,0.1916828928000666
30078,0.5847570702848817
38969,0.0035240956068779503
16454,0.3797750410738957
21752,0.20548930758202508
63754,0.20635016361887595
78522,0.29037631974427336
8434,0.4603039564233543
62515,0.8894887684964526
40326,0.45107972115557365
41338,0.2788612942279292
42430,0.07410627615166285
15735,0.17056864151334716
38730,0.1663433690930165
30252,0.21330103126928826
7869,0.8997643843747712
1270,0.3519932408043063
46502,0.010714672031124277
13441,0.18826334086286883
31625,0.07222189427759743
72535,0.26439638076485006
30936,0.4107128881858822
11284,0.31009939721336943
27303,0.3824209180815623
18668,0.4282502861447826
20117,0.1517299380227302
9046,0.7528198367878357
63218,0.18033561176440152
13750,0.08824337685325949
58096,0.8153847075436053
54798,0.01660907976803727
79038,0.11943478535754597
23005,0.2837708881281015
23332,0.8167492919666219
70664,0.8401468248063092
9328,0.8879644881089575
29141,0.16173712276617777
67082,0.41066428441318326
66276,0.7895129490535248
1675,0.2711102996209615
16122,0.6371116571463259
2568,0.2602143575777471
39753,0.26439638076485006
39564,0.002312966171883642
64953,0.8962529499604606
70269,0.17261911392242046
75325,0.051191253241085324
33542,0.7294745313712386
50018,0.17031586445054162
8522,0.46328794841227167
21585,0.7958211873864267
77404,0.17025209328334184
2245,0.04373387116973761
60242,0.14456999419890246
3204,0.053845291493118064
40057,0.4522121317131793
28886,0.2724172476807879
70741,0.2178302156878497
30826,0.42088567032484453
20225,0.5198498898141057
883,0.31515480051165007
43966,0.02996795974547477
1937,0.06374300059051777
45690,0.16367904324354998
72202,0.5046597332412687
3241,0.08434742190758084
10359,0.04394442177698475
364,0.8803497602391199
74152,0.25265768421290724
24055,0.011073395427357208
8739,0.16026967012602628
19325,0.3777364944665513
34410,0.10568090084795755
58233,0.1368771298346204
66709,0.5929422390508874
46234,0.4891046146604613
64017,0.7880357142484647
22470,0.7643910262930236
63581,0.17467528559202616
58755,0.17708095175996458
36111,0.3234570919993806
36133,0.2629104475182277
535,0.13773374834650032
12666,0.2860715263718203
34179,0.21171946272312725
49295,0.16155832302539205
57787,0.3163398379629097
60039,0.20288928699509073
17200,0.7412990425212802
22885,0.11568212690816401
34566,0.27985059256149786
70112,0.6689101228231549
70727,0.030419204369257255
45179,0.46468034001646813
20660,0.04780281928284578
3090,0.19449987291261683
44388,0.20455729085881502
1997,0.19378089980197588
68368,0.20022908178064228
32356,0.1559183940945842
7490,0.05013242219973752
75448,0.8656458877317137
1300,0.7006374615535605
31316,0.7651637087956918
39042,0.19753606767379295
5500,0.044954700422321345
6448,0.319574410614625
47895,0.1905507339994877
76069,0.27202664321013076
58447,0.9172663839768412
42920,0.26104612528372706
72604,0.02981404824529921
64149,0.004525152775759221
26906,0.2910660995196851
60140,0.8578111960164044
43618,0.03353916969675406
35710,0.7376249674231868
26328,0.14944462330190028
20046,0.9629954727782973
15117,0.30712565907273304
21210,0.3209883863444083
25740,0.36985442616851044
71217,0.2443605262336818
11550,0.3563660469901573
49550,0.6451186963579948
51659,0.12528092905365568
28413,0.013602210254231936
65604,0.05701351608945084
71092,0.30683751662395614
68547,0.15200027079310002
52345,0.1687192129154629
53786,0.870835661106305
40097,0.3666477211641579
45255,0.46468034001646813
47915,0.00769149985543286
42318,0.15700107165162214
44265,0.26012839721722947
37012,0.20515612591757512
38800,0.0018194049083072666
11398,0.326043898096057
4583,0.2225444045349917
3229,0.044143698074621464
72904,0.7494200122466999
10682,0.20387380907379013
65680,0.08008930852076586
29814,0.00999441582640923
78123,0.36308852126721225
9345,0.1573554303101014
14142,0.17891948534189742
56118,0.863895164918885
33981,0.9150036227498651
56208,0.014555873399728874
76123,0.8228462054312339
46855,0.25374976443809116
20086,0.7765699008659179
57205,0.30211286535755255
76277,0.24018694334009064
23601,0.1954124443666957
38763,0.31926274445561353
57987,0.9382596321555199
37041,0.18407505591299053
47692,0.2398752794559336
30700,0.8518961248995203
69905,0.6848496917003901
787,0.0029887311796746277
11050,0.1925365710168936
63457,0.036409534828490214
18101,0.8538810666739595
74370,0.5960465450358879
15793,0.2027219344112375
12380,0.8162307693823283
7854,0.9994701342443462
154,0.1128816634240306
75675,0.17490006075054715
13017,0.13511064780743423
52058,0.18393068345282862
37395,0.005546509419794853
26871,0.7083336495522711
76752,0.1994255724073587
56399,0.18961575637473294
63753,0.005817572219619898
32364,0.02582359461075756
22635,0.9794128007909355
70191,0.2563358735292758
73592,0.09514682033697248
54676,0.08460450606884416
23890,0.042650816536301
32925,0.003252583273239724
35854,0.9994161266437498
51273,0.004791431679123113
1553,0.7062970926027783
33325,0.3318244085405141
67685,0.2488966875409723
44756,0.9986772934723365
496,0.3586366689122906
57197,0.99210191364617
32920,0.917154168350924
65426,0.04040088381945704
78356,0.27351016266532685
66901,0.7399653728271409
19386,0.7694003279456324
61608,0.024759884407885874
51568,0.02832848141887837
23346,0.9994800397310993
53365,0.9994732525048687
29969,0.3488405716995587
15697,0.26222109138639893
19268,0.004599367409828295
3721,0.9520186107038863
39896,0.6028388343286581
26620,0.9993935650408546
17273,0.016776970717355722
19586,0.35084197210431384
70457,0.9994701342443462
4824,0.15156791874056255
31377,0.10307978804841256
15480,0.9994050043075644
32168,0.2373973019916246
61869,0.04932583140212376
4137,0.1756977330804029
19573,0.9228498027300863
51376,0.05302896477010322
45157,0.9994050043075644
27161,0.09182876935075217
67658,0.26781840118030775
72395,0.7548338224864887
993,0.059560729538533495
46042,0.16877708926447563
59839,0.480441786282877
48640,0.23282563553165297
55740,0.7067205998297631
7383,0.2283537320754138
78960,0.9994050087370462
15631,0.9994050043075644
72903,0.2587730753666448
57474,0.5599219609829045
50618,0.041806529701659975
20978,0.12129513997252415
69102,0.05235627717631278
61248,0.8657253558074653
71377,0.005322359656454712
12862,0.8278268284440595
60943,0.27464043684792944
18985,0.9992929101680482
16076,0.17215187915138386
14272,0.13459702586210603
14131,0.0056696269998821386
79016,0.1872731680466001
10314,0.05471239731192759
11361,0.9990164389451898
23761,0.08077836419659637
72636,0.16455172017121417
55422,0.19972434962746316
4322,0.6234579012361139
35930,0.12525672954026015
35399,0.009244936812654814
3175,0.3238594967399503
35334,0.12000519168127506
55566,0.34938745916149433
20029,0.23273911459187827
48129,0.1969710470757251
49769,0.07551621426697035
26503,0.9994050043075644
3115,0.16887324674662746
43602,0.9993910135700449
26656,0.13465417488934486
56634,0.14391240944336448
74145,0.2138762594963743
51881,0.2929381684483533
63657,0.00496104284223509
59471,0.2957288336271388
3226,0.9994050043075644
40861,0.15788139241153917
8998,0.999220809389512
40545,0.005682819725922839
38107,0.055265880743731136
76985,0.9994463980631844
49700,0.30136357054781265
39887,0.9994701342443462
6938,0.08218832485280882
49179,0.03429034523465402
5530,0.02638795059477321
55831,0.3359789748327397
70935,0.47201639739528106
14381,0.4204337260237605
57234,0.24987439161321695
76781,0.1662656742735275
58566,0.2356921943765998
35898,0.9990535871549919
49590,0.023989563976314736
8321,0.07313448777507069
43881,0.5833298334845944
5270,0.1653570512866858
24701,0.0972233457469821
32770,0.30369833818100544
43460,0.1828651682749938
9197,0.9994050043075644
39726,0.10542879566743249
67692,0.3109640436438992
19783,0.29453571985133375
4012,0.41355896701711564
33303,0.881843823239788
11963,0.0028263205588624153
61305,0.3422774763866843
32017,0.6990989285711467
49738,0.2378022373526348
12353,0.16815701242362396
2896,0.267447051557323
23066,0.1877976672905937
63144,0.38867508389496125
9270,0.157250041151545
78155,0.25018623744448093
32635,0.784345359404081
55515,0.150551510644796
16563,0.13843387221763204
6465,0.15081044986154002
26533,0.013123883778945326
76996,0.060393417781272676
60893,0.28988904888308764
64385,0.03549302504800432
18301,0.012945145152088866
78151,0.3463909079031508
26082,0.4246024787981795
40876,0.024093691975209074
78850,0.024135265452897445
34679,0.7766310735030003
28611,0.02399412726266173
1302,0.15439565699676822
23992,0.6720115795071813
66767,0.4797235022462813
46041,0.22050764794472075
27095,0.17559885016148666
4369,0.827606118715187
41082,0.2177850966837579
52983,0.022017069749101545
27026,0.9397001548170152
77084,0.3418106170560307
13855,0.2506781544999369
6081,0.20788567621360798
72105,0.5301626233819318
58867,0.34993919148976316
28061,0.030300848761280044
18558,0.24761192672899715
22814,0.11760875908040964
25187,0.24395356881576666
73532,0.08138011382479547
41911,0.3275528065303691
32575,0.10280972216822945
61383,0.27661880311535775
44463,0.7214097953359213
70168,0.07282175740862745
65777,0.28803853315649375
48822,0.08178049273531075
29512,0.8710166263971567
62875,0.07303029611035769
38872,0.06516028883935379
56755,0.037304053965367324
7466,0.26596438677326556
34636,0.04640566242349445
62895,0.7205643070527111
52117,0.8075048130805751
67357,0.2870052030369999
67947,0.2565260860580179
31602,0.640322540610772
73780,0.12029023099640959
39406,0.7979614535964605
16577,0.02546542209241641
37334,0.0970772001354244
77478,0.6413169159488483
71928,0.10955556100376222
42819,0.32912529002836083
36548,0.0712316181762103
41786,0.9227745665269181
2810,0.16116879717212687
63262,0.012714079843870104
33687,0.3384828234810699
46033,0.24005163136756014
57770,0.030708013281506328
37053,0.18051819683304696
229,0.8791393782530754
71793,0.11197747437392373
13330,0.052604731365721004
74948,0.29819305618821174
71538,0.20334295912249198
4898,0.615100470850692
5584,0.7159215098831713
28230,0.8373903278575048
28900,0.7439214991582921
33897,0.0030555217025996636
75124,0.38178877457446697
10401,0.011654649837055853
43067,0.892053605832374
34475,0.6208704406584089
23835,0.8251726910297966
68690,0.1399366511621966
11524,0.10127277590175188
216,0.0016014491808493357
23489,0.3640974255500814
26951,0.7701362463209016
9825,0.9278154227427489
35694,0.07283854413801831
43259,0.1994061956822722
9638,0.802311196074807
45213,0.1840710485799411
56598,0.0529357048822874
79300,0.8062521283454072
40278,0.6468727618880442
74238,0.01799340993681423
66986,0.0030555217025996636
26313,0.7833565146142344
63081,0.29394283908690655
47923,0.12143137190911388
75626,0.22100947918120287
28308,0.5104722893809076
49113,0.09432943025030333
29671,0.2736580609397673
48518,0.7278401310549206
6055,0.7566547172600688
31876,0.8294783600776029
36994,0.10411618048530273
51703,0.16043631812105164
62288,0.9995556624379144
9131,0.18947553971161576
78813,0.3704657674234281
6450,0.09467030166864863
7952,0.1707417233467743
28133,0.7915336237660945
14627,0.0375053095177435
15805,0.2984515529474541
51797,0.09911576608075018
64605,0.09565310812809195
11358,0.08101106350286046
74449,0.021833231847570297
13669,0.07830187272122519
31106,0.2290633096895321
14646,0.03720143721089138
53640,0.18791477576650195
21030,0.1814450618705378
27389,0.015236241427555383
3776,0.1595998495257499
16375,0.08703116179809432
5597,0.19234839877363322
34759,0.8034741971087652
42066,0.08870082162478163
23650,0.3623505145343175
74897,0.8941271686762922
26958,0.00565946386415697
62700,0.9991499049687069
41506,0.031057795316372278
41985,0.06122968739014207
29425,0.16868799715283728
67444,0.5534503595138589
15582,0.10264141947042155
10144,0.08101229613913945
47663,0.02139337663689004
53635,0.13870207974739598
43255,0.05964341017842647
37426,0.1334891704311836
15387,0.08708942949218658
70991,0.2430572403458492
9266,0.04705672781552457
38738,0.18558251460978392
47767,0.31983348154270597
52092,0.11352223028447717
30481,0.21943467144620235
29087,0.7868593902417749
50493,0.24870132892572044
11517,0.0013647029791512728
34160,0.9004470436268023
40206,0.2761558295091211
73844,0.33372270284953515
8803,0.09497641139980238
33140,0.019475624991586053
14560,0.05291146970856815
42544,0.39477533327899916
17797,0.05457581773505099
11696,0.019822260388340708
16767,0.4228590192886676
54971,0.6662307288354922
22505,0.8300284830439539
34981,0.09467030166864863
71140,0.9321953856790799
38186,0.02024106681566891
70475,0.25132924992673517
20009,0.8759950284760397
68695,0.11362347323248034
20652,0.7553059403481095
31974,0.8172005997637168
464,0.41599892845815034
50907,0.23692258536454264
66152,0.9995616345136561
71917,0.5970770075581315
20214,0.6048579389758838
61827,0.22056682685280124
44067,0.7593235128718552
73718,0.9995556624379144
16575,0.11275798740610257
2717,0.0621266881057633
15241,0.16561284782816907
70715,0.9995559349838317
52950,0.10764269893099068
52336,0.9995556624379144
42772,0.9995556624379144
22707,0.9995556624379144
74660,0.0014540226360463366
21046,0.4018009344348098
23475,0.0828498275402872
6222,0.09759651049450878
74592,0.41428693520671644
13387,0.3214806378601373
72574,0.08932619657050839
44415,0.2249008772910154
48666,0.1448403840165461
15512,0.056856329846185966
64174,0.08191968812975996
74040,0.36847852315341734
55193,0.8471659763896104
75738,0.14946387966176725
63773,0.08355864712346052
71895,0.05222321709149978
76466,0.3214806378601373
65432,0.1464493768568559
61958,0.7765314861878143
72228,0.47646830934053647
10786,0.9994987081129577
33799,0.163614709374989
28351,0.0210501156525899
1578,0.9662007718405288
36562,0.9229606980586874
20040,0.05414602168973749
54963,0.3265242953630995
20712,0.13546611641694284
76923,0.23597410328811502
31187,0.3692901702298467
5587,0.12961410829612446
56241,0.9994175552324652
14606,0.1929653221385468
1516,0.02989205382631035
60431,0.9994548757685182
68969,0.7103700356883029
51416,0.3921504077897894
20864,0.003074119577993956
4240,0.9991574004966812
19774,0.11852733544922466
894,0.008782181702849588
39868,0.015286296579114218
70611,0.9992413752914565
25792,0.15082046118209685
15188,0.06610119660100436
68470,0.9987968430461192
32331,0.30079034311583847
29266,0.969558424523646
44131,0.9992941543938201
78535,0.3580734328949986
28023,0.48174790904141934
1130,0.14867813738379393
732,0.9992899766544477
3085,0.8665742626229829
72834,0.5164936831432315
45265,0.8218998522670556
2796,0.005295813794233959
25364,0.27508493398199
7602,0.9987968430461192
799,0.005368222702593155
22617,0.9992941543938201
17119,0.9992899766544477
179,0.7353406010116473
65498,0.15317392765715965
44238,0.839282913307414
61085,0.6509170311184356
17559,0.018527146237376477
65365,0.8156831831445418
13799,0.07161793435450285
59200,0.08094260322173363
42599,0.19049480710340191
17175,0.6487422813023943
32568,0.905102751904812
27778,0.5624129262739342
32967,0.0065987579519300125
24649,0.1929653221385468
61432,0.19237250618530413
56828,0.04137480327029187
16933,0.7619491664042048
12941,0.04498825606226568
58532,0.29622872125063565
49037,0.015374408524282956
11773,0.997964204755395
38499,0.6509170311184356
59659,0.02261679594549721
70153,0.1405926738479843
7534,0.005445763842981591
45247,0.0028174342244729087
67,0.8829877869126801
15690,0.6698918902024179
73325,0.8442625806387913
5034,0.8423363178946481
35341,0.006663751273487117
77846,0.13725309642233435
9874,0.013713936001208848
38991,0.013054851241544154
66324,0.7491984104215849
3333,0.010728035255623282
62533,0.3695310514983675
7988,0.33502086487326715
6009,0.003446750865588148
24163,0.4389425568387761
73871,0.37131827107269944
78225,0.0027517330638801712
58756,0.20696317371555287
71834,0.004625568923026952
46217,0.34960513981746966
66728,0.8536039833986315
516,0.0005769900491490147
30735,0.005295813794233959
49631,0.13725309642233435
30025,0.074281184156261
59124,0.5937860194589208
23284,0.06438961045814615
47646,0.9992756795667648
66538,0.0054321472618801625
6192,0.9992899766544477
14176,0.006153921438647428
71290,0.12310785090467999
40582,0.011608697491696483
1463,0.13292016529443387
47976,0.06282733337984105
24300,0.09260851681019794
37345,0.49089090943896113
42625,0.7540277519348292
27465,0.06842053409219327
71155,0.08522122612638618
7350,0.9988738913142372
53776,0.04125259698586202
56345,0.9989013375507176
70355,0.9992899766544477
63383,0.4264397711630432
46995,0.027971498257124007
65757,0.01168946692175049
30608,0.013371294599194174
12633,0.7108806771669482
4604,0.17315082378220828
61361,0.9989925941190754
51629,0.9346771012713553
22500,0.07870915237192386
50211,0.01337227735375246
63213,0.8998425125336538
39256,0.6265645181583261
72573,0.9992899766544477
59252,0.9992899766544477
45202,0.6509170311184356
71187,0.013713936001208848
1379,0.9992413752914565
5623,0.9992413752914565
29864,0.3288899985200284
2882,0.008610995446553707
902,0.9990217425526206
51449,0.2688014556879591
74025,0.08078665081781486
61498,0.32860205873860454
30233,0.3558692116869066
51138,0.6634986443523976
23465,0.026754328417859647
73756,0.8730330017114568
67164,0.008240346498079278
6773,0.4042506273109007
12022,0.0063438267244674594
47205,0.007915486837687623
61076,0.001563563965455333
14679,0.007474387047524891
48941,0.019754011391691053
2160,0.4208668991978487
40026,0.2656688395941252
68117,0.26190350882026014
40735,0.07694553067696037
34925,0.0703168106692883
69877,0.31247416309566994
76158,0.1712313475043237
46512,0.13736749436135462
1074,0.007915486837687623
21639,0.14582649479945214
17066,0.12761530089023645
62767,0.29942692742940735
3160,0.5708064218406851
21293,0.014838918395310744
34651,0.640783986271325
21399,0.014939025976071474
5975,0.009777555428312152
3730,0.0029961231185885303
491,0.010362567557383394
22093,0.1456205707074644
1376,0.08144929645268334
49003,0.18286838845574974
31659,0.0016776210617125086
60759,0.015587630816783004
17011,0.08051024984713882
4759,0.02440915187919962
30342,0.7599838608962379
10305,0.024215935403576833
71577,0.014258374980135739
28757,0.020965330846991787
2842,0.6906527382419453
51414,0.3098124971915565
42423,0.007545724948968721
63724,0.01768037329148852
2888,0.07578428829240014
60974,0.009172219446777726
8877,0.01702089061197905
20924,0.018980031086683002
45040,0.015067376104465922
14998,0.037465756384484974
22838,0.17321056079564573
41980,0.8892455760977517
45350,0.1633114569511274
19024,0.1830700902563008
71139,0.8052433006715313
13922,0.1309040198630349
5731,0.015067376104465922
14746,0.06466036836757527
56357,0.007474387047524891
70833,0.0076380949068815965
52350,0.018837742611267937
45748,0.010362567557383394
13852,0.8991239459700026
2963,0.6368369486815909
28380,0.005730814704122467
20919,0.2775050719802693
55372,0.893685394488881
44307,0.39229767919272274
56760,0.010362567557383394
61079,0.027320251963917214
6870,0.12473081614103992
43895,0.8028022581975379
21043,0.03205113372413992
45761,0.17877150198483394
43241,0.015264250843048516
9944,0.03146575323163859
29710,0.02490658187429676
39662,0.05961759126489095
39450,0.7550794412388974
38197,0.521902911297058
9191,0.21218671955697693
21651,0.006382421990223022
69323,0.26462178841921585
39885,0.006274187181259352
49647,0.7387342881140972
70220,0.1478075471290277
42815,0.30046339759112844
69807,0.13961946151734722
78005,0.2752237262848988
75225,0.35119203142896716
45204,0.3064398571082735
48665,0.015067376104465922
40645,0.8891141659884259
68877,0.12497459002538829
32231,0.02212667524830367
67568,0.007474387047524891
21474,0.0048443589460656555
62713,0.045120349054829006
7236,0.04311224884398665
59873,0.015256159357130487
30952,0.07070235850440443
55433,0.0076380949068815965
46752,0.019655283007553457
1080,0.009787961931980133
18611,0.03182189318602066
50495,0.03166791325672851
28092,0.8381065484400209
27282,0.019927220502090278
50972,0.06714474232883084
59214,0.7546634982041788
65067,0.009557270797003027
52414,0.5611978283351697
38418,0.03194872141112178
27673,0.006114566651475439
26027,0.7483108688720235
14507,0.0076380949068815965
68473,0.009699661078555206
69454,0.015067376104465922
30064,0.0076380949068815965
58862,0.8740470002937819
26300,0.140005745612697
33074,0.007915486837687623
36825,0.12662276050313276
52152,0.0019074848555012678
9838,0.007186278041789336
50384,0.8067929943539509
35082,0.010108256129664773
14309,0.051797644890196066
44440,0.00613169966763685
19881,0.007474387047524891
53474,0.031253643080323405
41799,0.04113663057506983
67599,0.1921849384224803
6471,0.072697879041834
65525,0.0230700767496698
56653,0.018317565888975727
72014,0.6531116006900497
53052,0.3670368891736836
52720,0.02490366550599722
60611,0.2708449421131879
38221,0.007915486837687623
11280,0.25426836649802576
57175,0.10305995748128872
29832,0.12769576578797817
42675,0.3923146587030604
37039,0.013701658327685846
8532,0.239267727197725
43130,0.12384264680341822
20471,0.19739084280710903
9096,0.04426016126262099
36134,0.8095767645634773
5516,0.016388066870643366
11782,0.1487087042903792
73763,0.45947462692124436
62218,0.12070044916920057
74591,0.07549254739817426
71043,0.2888471738067269
26479,0.1154139031921279
51323,0.47494743179246124
925,0.022474715043272774
35893,0.1886622950159284
72096,0.05852668268468441
57609,0.2509260351980599
12721,0.8261222603493322
42615,0.006002864324311095
71335,0.7065909857405891
28558,0.9154817755978142
44117,0.8573863753438867
74878,0.16557957681859853
52249,0.9350974741234884
61823,0.4299275869436822
19628,0.8352518684045522
17858,0.6785294423664482
39517,0.670571800018344
29794,0.10632726893005709
76327,0.8000421938938909
27844,0.16007618779348518
41851,0.8165533105368834
70212,0.10812013825632857
63852,0.024084204262522634
49057,0.8429841400086477
26348,0.04035952390186432
48850,0.6793897275776044
58503,0.3651233179405481
18691,0.03223964755473258
16556,0.8492642070357076
3957,0.7352713479105737
5607,0.1262636118643277
22196,0.6207876707489157
24847,0.023892147092486903
44149,0.3318668652424454
34494,0.3489483802789917
1185,0.004454269623520712
26141,0.8501386221875994
49557,0.007863825186581658
74539,0.0034294278521689076
33673,0.011617557388385881
8347,0.8938507568345713
50014,0.42327726840950797
7798,0.2003669259200238
26124,0.10326358397959248
56549,0.423404273491711
6090,0.7920778404757669
67617,0.19632147988927856
65450,0.17304180963184493
40697,0.4814130559542927
7934,0.14420906394710986
24595,0.04200984260144311
9928,0.17325212987523642
7212,0.7649866205431469
6534,0.2302511642933517
5210,0.057044674344141025
49594,0.1105805957233935
43391,0.07994911063744589
73985,0.25100527064856964
28927,0.8865862372229278
693,0.2545248943596768
39134,0.18210702232693898
76842,0.28076416080681316
7371,0.24903303212373554
34070,0.5828354683246929
73374,0.36340685869826733
36484,0.15407735569701425
64551,0.48604582915939126
24496,0.07438353077464585
28634,0.07571511304948927
5038,0.013817720816824029
52775,0.09034649645971753
30980,0.10422826330287208
7355,0.008238148184406758
16123,0.27727643147146197
74287,0.06302906231202471
11619,0.013556401410248033
27152,0.665548997791244
66973,0.03610782704050043
508,0.8630015424223246
48786,0.1011256585429155
61817,0.051109394518578426
71467,0.4168431900488836
8948,0.4145562708417453
12243,0.2878736064683534
69923,0.6679821993425787
63966,0.008585438982196568
10311,0.031662003417321304
50436,0.3863897638151301
8922,0.5269396449156266
74230,0.07445508519298823
17028,0.695955340098063
1540,0.054119702431616616
9122,0.5555388016719933
5868,0.13578853727032814
45876,0.279596510124544
22491,0.3881499927165903
13030,0.7966595400263011
11570,0.5100291438693123
45437,0.46440956196500394
391,0.7447336065342863
29002,0.11992331857298465
17577,0.9118803625345491
31729,0.08457318311143851
28370,0.32499235558050255
42833,0.07680101792004666
56810,0.4299730528831743
55513,0.6674257680209955
11351,0.17778959918680767
61862,0.15212545634176264
25082,0.29648782302570675
41204,0.6246289039932515
64758,0.325651824586311
72256,0.3594220961686401
15541,0.013380835498630743
27242,0.12284130859770682
14694,0.20643444510436693
947,0.07788509576478349
14328,0.19129439833016365
14415,0.38994579345045466
21165,0.193503219113241
35933,0.25727763667735365
35316,0.1961547925461558
18158,0.18164262853758376
60355,0.32499235558050255
33041,0.10075986616757497
20828,0.05830087366196168
36387,0.01609918040898682
27406,0.2843606559714797
48292,0.011141207278369198
7009,0.25133671353115855
46547,0.18054895431380055
17305,0.08207143560755159
4634,0.05961479659688314
57657,0.0016813463166817377
40476,0.049384090669494916
27053,0.08167758256502573
30134,0.6426441256345571
38368,0.8246316728519116
9291,0.03678731109197786
28932,0.0900864496730843
15990,0.23459250071761176
36406,0.20953623290523357
57725,0.5095241455364612
74329,0.1965772980374265
21200,0.325651824586311
33368,0.2070337891379147
40875,0.4183120270431233
76872,0.08107961196227521
1894,0.8759504491058362
73370,0.13388339036859287
60740,0.07730630246709294
20747,0.7898298967415632
65912,0.02507422095058052
30772,0.11369088478427093
1467,0.011586529434668183
12616,0.027529196344089513
48995,0.2046425360206733
71233,0.3019980662971467
4838,0.24599594793043064
42432,0.10303526744341943
60198,0.5281116719824772
46122,0.04066965486519833
28622,0.7437426648492018
55735,0.16006259155918598
78131,0.04527828365711043
54479,0.0353261347907443
70412,0.059050133924182416
39347,0.15553940844937855
63015,0.3354102977224266
63928,0.017505481381949673
13332,0.1680926062453378
56397,0.33814382637581797
44951,0.37548441299478275
25626,0.08571951413440952
23155,0.797686170792436
52976,0.4389613884854086
17242,0.003958255296043149
40746,0.03407264056500301
2036,0.8586677431658009
61270,0.1017188994824383
42933,0.28020822817069174
43060,0.3464203650681267
17884,0.6768768519117381
52665,0.4263400242852367
57515,0.04832383875332418
6829,0.33158668002616565
7131,0.09942736184735987
16627,0.19129439833016365
47316,0.011141207278369198
7372,0.05238387937547514
5595,0.8773748344202087
47292,0.6574419286255616
47235,0.07982767263923597
69281,0.10014141667843866
75670,0.20460691579922455
54384,0.011586529434668183
69640,0.5076612585149729
7494,0.013586833901890494
24705,0.23871245785444853
26682,0.755615825226971
79195,0.28304035750570855
79138,0.02838793471153777
50734,0.8614528936443548
68112,0.023373881410178696
14390,0.638757670995484
49053,0.013173667506878642
4043,0.05061744774139963
50520,0.051094688880517165
4079,0.7859089549996818
47015,0.019450448934277106
73291,0.1678812640553935
62048,0.22472853398069678
64428,0.027970294966973782
32468,0.17076354492169088
25217,0.011334810393100768
30792,0.2731762197452582
15961,0.8715301887407736
21317,0.04922633274094261
34754,0.11370043399479228
20246,0.83862816548543
40543,0.3702140467769575
60825,0.11880525437209694
9727,0.005138248095364682
16710,0.6771026117283885
48925,0.7981798447979784
63109,0.7811979043033532
43299,0.1984630987122402
66472,0.686340075535757
69591,0.29340144966411746
20956,0.17128199403735814
13667,0.018266686752137256
40223,0.3758659771321332
865,0.17946318275801168
67790,0.6314835166205843
22395,0.8539138386120725
56064,0.12380634995397044
23383,0.9611359711025841
36635,0.011301189406508165
43117,0.2345328549580712
33378,0.20022455279790302
37420,0.8925766923502815
77626,0.015839642404626826
30006,0.7811715662526232
25257,0.012079960397437611
56919,0.3345255486388107
72685,0.23459250071761176
58256,0.3288510890488817
34783,0.07738078675410436
61159,0.15051702673219997
71118,0.5915126708495901
60520,0.7613726192958936
5061,0.05652646837716315
9616,0.2711956914850062
53371,0.18480077218927987
73581,0.2219570165218597
57824,0.07126317180849447
17047,0.18723409535154248
73923,0.25046814983848986
7698,0.4087190284280045
61588,0.33420626978463935
28836,0.6359192256387722
27565,0.11082273017747736
68313,0.8324673761840702
53688,0.0008362235720784023
43647,0.03925799403797777
7190,0.1634254861566566
5574,0.9049961433523981
6136,0.15284846695308654
20812,0.7821013914857896
10554,0.8682190506343731
5248,0.6265654655179055
21154,0.7642870933349167
69518,0.10868601487972206
59096,0.03874751273149862
30565,0.12259937323246371
11086,0.08233994109507559
19054,0.5865775120066536
16664,0.01426912073503237
67709,0.13657325003232504
32084,0.217243909422292
31900,0.17300952091886143
27237,0.17710248648227137
14860,0.2524495152016535
41487,0.3940676764039334
7453,0.048257347563703985
5198,0.09068241427463153
62009,0.9263395383285146
26271,0.3627236460082329
13211,0.8586696476792225
63478,0.9915536200331481
48804,0.8779591177654978
28993,0.739743524353975
72743,0.1877144206901231
22192,0.5157211920133015
69346,0.8652414969264383
45257,0.5370920444209775
51034,0.8804498942534168
21068,0.31254152164565624
56393,0.29977324887063334
5544,0.04816414955604589
54746,0.0006694189985833364
48288,0.1101125459747611
43170,0.41917556030185626
29979,0.18589326694566755
59755,0.6339998899564145
74719,0.2815414981596714
17654,0.1317028459212154
29093,0.10555825324147383
51503,0.8565243360633611
58742,0.04601858388805319
34153,0.18464050333978285
33784,0.3373193695944444
33066,0.05151197167293979
8636,0.3062521750641383
70410,0.03421861286999239
64893,0.166079872333487
62560,0.8783435992247054
56998,0.25307905554451443
67614,0.8701517175350575
15030,0.21069967756102334
48444,0.12946707894302897
14210,0.10800259193998864
29328,0.2162064317279321
3010,0.4219201143648853
15217,0.02202333857335592
2538,0.7558854771052649
49347,0.0028695466256920474
40131,0.46672238096913415
73035,0.185496622511754
46251,0.003952544771466555
41778,0.7512207091344024
39322,0.8924028627876565
10771,0.16993315916155893
48900,0.6933562689796815
21890,0.480352996833484
55914,0.0982969861811278
21685,0.08258216944014839
321,0.1362379595624061
7136,0.318781632548321
61387,0.03972698070240745
11985,0.29334678076313
35423,0.13671686440015274
58252,0.45034793319991584
44911,0.12337474682626745
52551,0.12849482163346262
26628,0.8652414969264383
33655,0.31283209874207407
2177,0.2769787945844487
31832,0.2542868070326544
3179,0.24855772478582727
65781,0.06266753246426837
14759,0.8293543423609653
38752,0.4488795475349009
1162,0.8398423378870038
20667,0.1696574419355703
22338,0.0006406847594372726
288,0.026697663334709083
26207,0.6073756052228417
46419,0.2744161449705646
54461,0.26233760257338756
10069,0.5928443763012371
66707,0.2700636733854358
4676,0.26841219532863914
46687,0.20771120878079483
53866,0.2648001182171009
39561,0.8658667168407693
44332,0.10012673864255564
60381,0.24412759720743013
26554,0.0856619474222437
75324,0.2169218919287305
23166,0.7684066012738051
59223,0.10537752606655072
25492,0.7571197529098282
28165,0.8407261489976234
3122,0.7515716098949317
41348,0.24731610709401636
63929,0.49344382078540033
13862,0.09365466270417981
57063,0.3773855523045001
45897,0.24671982320154204
66468,0.7809661599487147
692,0.06382929407752862
35350,0.7429255780435824
6365,0.7388481806525286
64141,0.5197247612658246
78800,0.2576001597771064
16429,0.13103135352278347
20324,0.42740681712829887
39877,0.2012404684931915
41744,0.8445406493830324
69856,0.024925466185813035
35734,0.888233549388419
3970,0.12172682022536868
4927,0.5223985057058144
70470,0.6829129146163939
23863,0.8396044049720893
22693,0.026848101923007284
53312,0.22881248802743315
3093,0.062119309423432974
21098,0.056289400264703957
12749,0.8842839642322383
74655,0.7890745831578092
45284,0.09060446243909359
69519,0.5944511769396948
52348,0.19797778800719154
66631,0.912665786823492
22928,0.29650460223759956
15973,0.42694147418208145
68380,0.17392799135781561
52004,0.4980013976180901
49242,0.17818606789253208
38725,0.912665786823492
25096,0.7972378351774868
60373,0.25494964775395124
20856,0.21899156673302222
61693,0.12840831203304695
46143,0.019186663350895035
65553,0.015147317793794269
28203,0.1289474822070005
16525,0.017148180367020364
18444,0.14161881975286436
23528,0.2389267382083939
12206,0.14836544102045293
31423,0.06697972890835215
32007,0.8266793227558809
32767,0.517149902614069
4687,0.03841874989580166
4923,0.5211576808648978
39554,0.19968763298127354
5878,0.29963793017101675
64487,0.4980013976180901
42317,0.4266906580687635
32444,0.12684437788324024
16460,0.2612330475425738
22832,0.2843146755340392
41199,0.010652091941405806
25007,0.29304709220483494
70123,0.3562966562606274
47366,0.3353566802755952
39568,0.004651570344888307
75086,0.17003460056406322
73915,0.8295724481589172
61923,0.8782201464346036
50706,0.4403897166991141
55027,0.027575113629613606
24817,0.7161403213930946
60411,0.6975275563410519
25554,0.004488473142730512
45866,0.38241722048885457
47225,0.11514038184284574
47948,0.17508611528926427
39170,0.04413015694311806
5696,0.25826781713605057
68478,0.33412699930611434
75338,0.526252196884627
40150,0.12669396834971802
72085,0.06857365847039637
50773,0.40056909570675736
38347,0.1910199236032423
8308,0.33120290677728964
25934,0.07425291206741784
6783,0.2515095331099371
75476,0.8070762968487578
77296,0.3443891965259751
66254,0.6046066052245525
1610,0.0039245638741160355
31981,0.05046075169974896
34786,0.20883203597998
35740,0.12716565018587592
63769,0.25413017369471635
46807,0.3879843779303584
46336,0.1197371300476898
35700,0.11284738934632388
16509,0.7361597223542596
50259,0.412742284597108
1815,0.3851354921592703
25417,0.34127972694680897
62994,0.22462429695743805
2124,0.7006175896393639
56636,0.002021690712440992
13705,0.002331372944518298
54787,0.7696888919954344
31722,0.04241125537524947
77016,0.527895559455534
14192,0.03730817256962189
20436,0.26482212890663703
40470,0.03192875852895992
43462,0.3626830907472551
49878,0.20579971336065583
59808,0.16937904470379503
49029,0.1988692350309365
41939,0.8333304105531056
33577,0.13024263043412984
75113,0.08426225569677252
58820,0.1847092692588764
21439,0.8783923621826054
40032,0.7618078673944068
70443,0.22462429695743805
3723,0.8645590307422528
76869,0.005384629770287248
68208,0.7444415393272859
58580,0.9890066151857536
9418,0.017797232843021395
4553,0.37982576268920576
71546,0.9402264190136376
50600,0.09671996196115665
19602,0.011605775429411339
41248,0.17721195037393472
3165,0.8396036899683806
52228,0.1421010484421223
39532,0.054277709233074595
1658,0.13092816879182104
57222,0.05686955852408619
10590,0.016216689945131316
57797,0.7346228223145799
19095,0.026524880200287912
55469,0.06042315763512026
40318,0.4417322098460764
37035,0.21388665168455878
16807,0.374848736807944
38085,0.10677442257750426
58002,0.061032946182018724
27878,0.006572550475497294
19230,0.999506782043751
53219,0.08735593521703768
33770,0.493595368502154
36967,0.5433491706137844
35187,0.16860920140715746
58220,0.3243162003217503
36344,0.02436469367436749
55879,0.029471684758806734
53000,0.22563414197195514
50114,0.1758592159143338
3559,0.09434158963932222
59551,0.21480343335162125
45227,0.2681047079394538
69391,0.14582410043317498
70424,0.15759920936882793
28808,0.999506782043751
13599,0.4887087995242938
5314,0.31483548285791496
13700,0.18528030878016297
62654,0.03903251523764239
4828,0.12968667638133533
46800,0.003274520433246489
57531,0.18871097406499002
69444,0.7044608366670263
47102,0.024812407683713126
29135,0.6302821769265544
39792,0.2704743706034647
9344,0.11538512763775279
47930,0.999186571937837
61382,0.19824252107404247
37664,0.0021876735803185118
37953,0.23094142571407403
50226,0.999560156469471
61585,0.7241796819462412
22909,0.05790990553323475
62781,0.14866315463017116
47000,0.9995219928628428
18280,0.9991696058187498
10284,0.8262629110479726
40864,0.032768215693455484
18020,0.06286225018977577
18324,0.4387423843464962
51619,0.9995219928628428
27043,0.8097858087951001
17388,0.6556328104741334
15087,0.21656907962086475
24043,0.9995250975439107
53823,0.8539355913705861
12307,0.4580341154306765
7567,0.025419085825207036
29228,0.3882118198697827
14720,0.029285971059476452
60295,0.8132336347493171
58830,0.002398507570149528
78579,0.16283314477737695
5369,0.013623537871320148
29426,0.032477552865523264
30144,0.001296690603523433
68155,0.24788716365430982
70022,0.8477356946386699
11796,0.24544177680978943
17370,0.45719738826669765
44037,0.05375803232784665
24367,0.3389773957981585
22554,0.10940622082944208
72921,0.07647781962523505
75810,0.2553538135045488
13270,0.8496732072169537
9276,0.36678160492340434
9461,0.875380057365855
2463,0.3698961497956451
49421,0.24881629531689167
52733,0.16189611227916983
76578,0.01725184435601212
49224,0.252099760649735
42223,0.13587397829988246
72046,0.16716597339921155
61603,0.14350136411845688
66126,0.0924327356617157
8849,0.2030470456984181
59994,0.3453298236187461
39614,0.005505313154251751
47112,0.26239336212689257
62672,0.7705585245862563
43619,0.6151470822871216
5455,0.30698314118791803
75322,0.014352042578314213
34218,0.09535274469604563
72374,0.023645769358955293
48618,0.0022145766610909058
29433,0.8353927183134475
18817,0.0006329252283695031
54711,0.0014597889433578181
1588,0.020426345877690984
39455,0.9580204739114774
65007,0.16913132986557633
31418,0.7111834806803683
41575,0.21325873536845316
69498,0.000966023286931157
62902,0.10218696522375074
29632,0.020195059798329393
6079,0.1878719345686279
50043,0.830385038543939
10957,0.35246824315118186
34394,0.038657362385449874
4007,0.009291571385665717
39020,0.39641013044264517
18396,0.1251313684978906
5899,0.15668601424207593
2867,0.0020494500003975565
14012,0.6460453443787911
76600,0.28802644792986226
30267,0.8597915529813528
16969,0.1274413576689854
20317,0.3154204225528262
34029,0.4105360047411811
20923,0.3337242351678812
34485,0.12352819570299343
60653,0.15079801347621105
55162,0.6610282965346467
70205,0.2006787649133522
4299,0.7468542535890665
55799,0.7891345649496655
3784,0.6715863561594838
33777,0.1780850664270054
7348,0.8754652154018268
53593,0.2824848779910403
10378,0.1733583860204701
56562,0.4046625275040813
76642,0.3853620780296686
57536,0.8682802259064316
45928,0.04275605740844299
68310,0.28247131564114014
13027,0.20514846785407162
25106,0.5649905959483723
1988,0.18631766358159685
78758,0.45360274393004213
56684,0.09512383305374755
35441,0.009891676911054543
16261,0.23868995591923414
60282,0.1835396159605386
25465,0.47112440405664574
74712,0.22010867097365736
31509,0.23173523371423083
23577,0.1278903561996171
25902,0.10000406169273543
54196,0.5698233027861208
19310,0.3158910875745458
65786,0.11130085963334535
40954,0.920109887197611
51494,0.0016957495979738944
45940,0.35436058350309146
34813,0.8757338045513483
6590,0.8357871840827379
13781,0.7827758586173111
66164,0.30608013731405675
75486,0.5189943557118716
29524,0.13713995340732174
28821,0.05475839678035442
23930,0.25312411952695907
76856,0.09529578901570687
4766,0.09730815070282216
26178,0.820161329281085
6512,0.1598296696288053
67767,0.49578073459840016
20567,0.2581538272449633
18783,0.5101468946407108
6306,0.21350305184988883
15642,0.5603588915644407
32300,0.9173346714477549
76103,0.002406973426416752
12393,0.3007828171253957
61900,0.015001924161954349
49423,0.0030001721987865894
10704,0.1418256026810842
79066,0.8876987077803693
69784,0.059853853708127736
8003,0.1105412225881641
31955,0.7681367599569754
44042,0.18081139842211244
50249,0.19962077639523992
31350,0.15856638749990584
55806,0.23792178789490698
66810,0.14108410480672562
5699,0.1279222647492559
3359,0.19940050251692784
78936,0.0717617283886217
61577,0.12641284427421345
44524,0.19459461370233436
20390,0.01811180371917058
48004,0.7888385633861061
48848,0.09596715274344107
4568,0.21273942924924993
13256,0.8595541975361545
55756,0.0599470221683914
32552,0.202662114222482
12498,0.5449871998970943
1962,0.16379698642541565
4993,0.4401897801261098
70428,0.008718063431076045
55022,0.6561713445834709
25955,0.15786812949620008
71763,0.1367813636229912
27324,0.17304975857741328
38135,0.03244439618980485
35945,0.0014021850038193394
68896,0.053301902278448554
56890,0.28469684562457553
308,0.25669165299700153
51258,0.3901767716890425
76212,0.3414659827485757
56564,0.7442520750401387
1052,0.34677344905461555
78000,0.23032822405329614
11411,0.7660423881976423
9222,0.7653998962683892
57617,0.8870307505561025
10235,0.23213517311683843
41831,0.1015242737339731
34643,0.2835270519000635
58818,0.18680100057378468
23667,0.8195736800169785
58161,0.1373731817825833
76701,0.23445801233022204
13683,0.5431934619754176
25833,0.23089920138283815
70454,0.2659052320597965
65728,0.8916828666465394
25069,0.09440080307255232
13234,0.114517859117124
45398,0.2169204485886892
28055,0.1798965034447472
57768,0.4632810006804597
69461,0.14307283378724778
22801,0.18866160571268792
60007,0.9040656496248846
28811,0.18600926707079543
58227,0.4627074807669593
16062,0.24863919781257807
52266,0.27048148998869037
29964,0.030997338847979575
15550,0.14441051218219647
18075,0.05151890967257003
57416,0.7263802491378024
54201,0.2063813939057494
19693,0.15976983992383942
63628,0.42756532220187765
36640,0.851394385054493
69328,0.21683218701257462
13410,0.26467059777771745
46923,0.20441144088052746
35555,0.06929238475956292
74796,0.6250128641603043
75811,0.8514535460684567
34486,0.8395254316978616
35465,0.10803941600711671
31028,0.8597061480613022
67385,0.7637786231860688
53665,0.18480581597387333
43392,0.9070748129869025
75247,0.2262199795469778
31924,0.12382374676613611
72308,0.3261154864578893
50800,0.07276730644011023
47765,0.1508482461098996
64094,0.05946667856292847
30677,0.13579368558690688
44370,0.8604273010226388
33886,0.2531578343968911
34525,0.05436571135266501
49650,0.045995823233355715
39520,0.03090098525509112
66407,0.149699313400323
52510,0.8644865903943146
74641,0.0020004323473062167
56831,0.10265564537385267
52496,0.06446284329741478
18109,0.4552044539539571
71129,0.1381095725712143
77999,0.11632087440868487
66671,0.05753580087124827
78276,0.0017066792765202525
71387,0.20399066975448932
68666,0.38297895453667646
16280,0.12179885845396464
51149,0.1291898211583073
69505,0.6410673476005854
45537,0.34649332259423715
42934,0.3019613627379723
337,0.7676408614898388
18932,0.3947891897435571
77634,0.0020133263082446166
73649,0.21581810109729027
2986,0.7101410267601735
10879,0.0017473232753220677
15917,0.005176000956707799
53773,0.0013585338454701144
11670,0.001298231215762746
20863,0.001946739029677876
19943,0.882753919481604
46676,0.0013256270856505516
29438,0.019941923541105
63401,0.379744607604106
19801,0.24148757382710304
57022,0.7119987329640709
12101,0.7098246182085358
49501,0.0012085137341183948
9019,0.32399623705550984
72780,0.0013150031868780392
49851,0.003355477367885063
14080,0.018672001904437154
11875,0.08527137493611894
25806,0.0008026248506356612
63294,0.17259827641866834
8264,0.04163721608854641
72392,0.010199690262993163
63910,0.00322113680897545
8598,0.002912985657898257
6902,0.0015444524623378546
29933,0.0010272003923363145
50819,0.03216860134947416
54723,0.08769092932427532
66982,0.5260268545842853
3263,0.0013761040567615462
67232,0.004080290245415995
48921,0.03925851607901576
46152,0.0029848434109186295
20790,0.15862260062665684
1631,0.0011552624895447257
33038,0.026264131707713755
1882,0.8386995335508085
13901,0.08073308843326552
37843,0.7091239250266587
71046,0.0014535369456557794
66789,0.14640561829825025
67569,0.13750277941245626
34701,0.847988211197817
35304,0.7091239250266587
32955,0.6954495951531315
44740,0.016608151371080824
59175,0.8096661877517272
71095,0.004621088096679626
11152,0.0013484799363270418
23570,0.21235148103387244
20528,0.008129239848811538
78274,0.7126050494557499
62791,0.0952657564849006
6588,0.781956614721854
17619,0.3615161544111224
36684,0.0014344926110754286
65983,0.0050378213226471855
14032,0.1438195622881794
49997,0.18061157207407144
54354,0.0013761040567615462
28379,0.29465025375987147
64730,0.062136577199691366
31380,0.858723492560519
43857,0.25550472170735256
58871,0.8770668994417286
38863,0.0050083745494567174
9487,0.3522778006094996
77214,0.8395698899026428
45992,0.2125659305753486
54220,0.261981688079601
28019,0.0011552624895447257
33456,0.0013256270856505516
70745,0.09985536257320717
41186,0.0012085137341183948
10346,0.016623481645437435
30135,0.00546607520215024
73194,0.10586216921662207
25567,0.4342784400846717
78845,0.0022522067204618877
19521,0.7015707351027726
38231,0.8835797401690074
46526,0.0011847185612422302
23907,0.36002464353302105
59288,0.40398594733148485
22766,0.8059374223986503
19584,0.8806948145818398
66984,0.0013915283889814113
34058,0.7015707351027726
45542,0.016441999330848698
78879,0.002011693236170097
10693,0.6777257683689408
23742,0.499477491431395
10336,0.033154828034459745
78901,0.14451451244838984
45067,0.001461103846440632
44674,0.0018380730718744478
47894,0.5998949257404325
15831,0.0018692246057932687
15736,0.2367769195321167
18264,0.0012085137341183948
18815,0.3370591006001566
12454,0.1390301460642947
38226,0.46125369282035494
76021,0.0018380730718744478
60932,0.687215599538119
11350,0.010464071583574052
44826,0.40224965459111
4132,0.1466664846429308
16352,0.0012791668247747478
57981,0.20564719226464762
15409,0.0011284038996599217
42044,0.8043468835544345
55864,0.0012085137341183948
46173,0.003864975277629374
25480,0.7038747507932813
61800,0.0015190532958508347
37100,0.8925400526012843
54568,0.7852591753906603
26617,0.8522321770891643
65150,0.001168215338875331
57125,0.8793421749375215
76515,0.17981411968734975
77156,0.8745732575007842
45620,0.8787447082150963
2776,0.7534804600940775
32102,0.8643872744822312
69682,0.39679204006315244
25339,0.001023723177813949
35180,0.013229002170147677
48226,0.465117330985557
34315,0.11702173595928139
78980,0.7103754249800176
72490,0.338081446733515
35904,0.3086183665001465
5751,0.004080290245415995
14716,0.0013256270856505516
55572,0.9373495382719489
31086,0.40443166168019923
69342,0.24551505680206268
9077,0.8093314188707842
27231,0.2353116532545756
33999,0.9994718880610388
56584,0.16722223546626008
15161,0.001254996408406683
52447,0.9912455015258241
46831,0.20436356682931625
42789,0.2872201458304654
64419,0.9691813246310397
29769,0.8240410891306738
3328,0.07714849923745037
59547,0.9992441036198259
54200,0.03192620176883793
66799,0.017199512221481358
22251,0.9994718880610388
25518,0.052921977839561776
46224,0.657670755500081
39351,0.1964557680518762
51540,0.15223531240355878
21120,0.24854841275620693
5022,0.168950399317462
23560,0.2984145852368044
14996,0.2549025248076055
22440,0.9992518759007561
78434,0.2817427497082667
76042,0.9991410875167238
53028,0.11193291456410485
19174,0.875665496986065
25381,0.2287367456567894
19405,0.892655061405648
5214,0.9994718880610388
57434,0.9991599406759052
3256,0.9995462151010083
68227,0.025443393186212616
56542,0.08276972080816528
4628,0.9994611585120937
76475,0.34952923029942523
34088,0.9994718880610388
72763,0.04905315010659587
74103,0.07237710977695028
12193,0.8086647448459144
4530,0.019529354972655025
44436,0.11839220297621936
59822,0.999538492611359
23471,0.25571472612206364
61170,0.9994718880610388
9942,0.20406821986488988
61846,0.27906248930584465
75370,0.38560274511331194
18063,0.999190348547925
39105,0.7463274839936163
72519,0.006683470955033548
64576,0.21987393310884185
918,0.19501617304379673
29878,0.0026102510381329157
19289,0.07244139168284186
571,0.17486433453527125
36183,0.06592095712986712
47575,0.8699360287087476
72568,0.9994718880610388
63186,0.8874917883591549
46647,0.49514179359496463
19611,0.02369474847764514
52114,0.36756894073372315
75887,0.6050235250799137
53536,0.19913308228803797
14027,0.9994718880610388
25614,0.12774568020224641
52692,0.8903779885471996
67754,0.8379734820605335
5233,0.12888824347318745
14212,0.15152810994596883
30258,0.028631182370508698
35596,0.26874086959862403
22165,0.2714322451663864
70533,0.06261563029805385
68799,0.2594650054134927
72375,0.999403805872291
5742,0.2508884667717684
33419,0.9994778987920713
11095,0.09374707244552628
56985,0.03531995901925183
39851,0.007012920327095328
33341,0.9991795443316733
36290,0.17291547307474187
10923,0.03526828362026099
76557,0.9995297001553862
70015,0.17376168527762986
71197,0.1564441947317243
46288,0.8158651852331025
77487,0.045149948428872065
23994,0.7063893777943684
36608,0.036365088498685416
65207,0.040625635870455146
17376,0.8929923481360009
52657,0.32463682936452615
33688,0.002620798244181839
43470,0.9994718880610388
32934,0.10130807190345364
6645,0.9994718880610388
62768,0.19802795880548854
14335,0.9994575180526397
25526,0.28436187157808634
70131,0.8861491028438602
61115,0.1803381455083819
35619,0.24831548451372343
63345,0.2780822503703889
60816,0.01133795191316437
28303,0.029075491818586294
46755,0.053916039309835705
78645,0.0030229548415368567
37229,0.08608112629145047
50627,0.4576763987825688
14909,0.9306121343123577
74843,0.002182904069393105
64287,0.19234055355079885
33725,0.8598994783227053
41259,0.16722163756864517
35504,0.725104548239243
38438,0.01406116065462687
50358,0.0422784709181553
67915,0.325093809211455
28902,0.2491593368107516
12392,0.8545812350607639
16104,0.44747957782910797
75401,0.028123674979129598
65902,0.20683688698802066
2104,0.18393697158727776
33458,0.18391052741139693
35960,0.2533092835405957
19260,0.37888962824290906
71247,0.8799370686773061
25184,0.004825406127100341
20885,0.23615957043570937
66630,0.3230858267713598
79181,0.05679777205682122
29064,0.4162059956037657
15900,0.14813606924029477
16545,0.1291419521889495
204,0.07635586051631064
22868,0.16538860619233856
20325,0.01891020769399859
77147,0.03892863066574034
79201,0.1566951319559602
37702,0.0960890608029636
24032,0.012154487535975877
43396,0.0020407378768684497
52199,0.16484340824201865
73494,0.6436232749181607
27527,0.11521073933653454
66459,0.008016711774824842
65134,0.2194771558592219
44949,0.36733270355612985
37020,0.2207309797024826
47789,0.8331553913111953
31710,0.3717995726813905
22589,0.26738225230724955
12227,0.17058036527501075
51878,0.9028331900414954
53443,0.4359423621349727
28454,0.02510330034554851
16768,0.04120231935797053
31456,0.31964253871760984
7486,0.13239871156606708
4887,0.03394935123767965
49523,0.24911097253046752
72076,0.10145416519029544
60594,0.20401360333058288
52954,0.2530291016953517
27217,0.13207203048394095
21840,0.3062203159387252
43308,0.04014997170181591
41610,0.4096279022001319
6860,0.007186372356562123
67166,0.745176132529117
10626,0.21540263444108432
33723,0.9005197128918354
40173,0.35001816105782196
64552,0.08131026833854091
38713,0.4172659187512453
76073,0.05806045122468034
17000,0.10645174548246968
60936,0.19023391829969907
51728,0.09310465001363764
32822,0.2652627229292396
39179,0.6884483220902767
59050,0.018609984567357327
56234,0.21151193775874164
78553,0.09131203369668822
44517,0.22082703486154917
66026,0.8772487442109571
45914,0.18685210814665862
17375,0.21863190734525387
35741,0.36619662410399995
34694,0.13168030474415302
35711,0.11539661122046627
35932,0.41996947171446625
19997,0.1281356839853086
41004,0.2593881506369539
63973,0.3450847143873173
44387,0.35686641003087016
20177,0.1272907550114079
11578,0.3909255926874504
58848,0.8733929103693201
59198,0.43538745088782194
32173,0.13527650417368958
68976,0.09044349576526954
34661,0.7978306290130402
16634,0.2480516145172308
64713,0.11466935083878058
21640,0.6393700187252381
54320,0.8841429580836561
44536,0.2872886492446934
55613,0.01310321534549109
17890,0.1508373714438944
671,0.3799159662451318
14684,0.13157997603449062
48009,0.18834738202642906
47665,0.24933127448951292
42240,0.5819403972480203
9278,0.8615410782964938
33666,0.7417859939867412
68843,0.015301299967757965
75518,0.08096824185065067
8027,0.09130605798804517
2891,0.17291335942938038
24124,0.5801512294557774
76704,0.01891020769399859
27198,0.9527687781974257
75889,0.15077193535266908
22336,0.8565949196264785
73934,0.11406080759376147
26947,0.03751703968334028
33403,0.2319147111352297
45277,0.3311368841389949
49684,0.04472925798450421
2383,0.2991407170040322
77957,0.2216526769660422
6477,0.4757489151171909
47938,0.9009650127997625
36946,0.21478355292612641
37549,0.7927382059975314
11065,0.001911195436820122
25308,0.30825952221358477
38760,0.8196497650185843
55481,0.08847586011112976
2764,0.9523345967059599
51718,0.4868434644465548
2582,0.023937812505978682
41154,0.9996438959368149
51760,0.9993137043307246
43443,0.016456279797255415
23186,0.1307556591393768
42216,0.999487045522018
34873,0.021535641718734014
37406,0.09644118067147937
76406,0.7126815297370855
69301,0.310492006627267
4235,0.4615768963754975
4995,0.592766438724856
49811,0.6804163833143532
4435,0.9995857132459314
11677,0.6570266174362397
718,0.06631962897044934
72310,0.08544650354639506
43955,0.6474787158769133
77720,0.9995803266509453
27049,0.387948900996198
14672,0.8968121551915273
33273,0.9458911490468497
59192,0.8064134400101755
51832,0.8550478069601806
42057,0.6591757879615298
9360,0.6941254749351563
30076,0.02483166149901891
47898,0.8421066347197153
10656,0.9029791615071592
30699,0.12410112752144503
36469,0.387948900996198
40143,0.02515113273908616
32131,0.30582558261392506
50941,0.17663899949628
65049,0.0024020414206748593
39083,0.004944904614837334
12817,0.08396506217176557
36414,0.7943718461700411
193,0.9082348160169353
30010,0.36794744731922896
78577,0.22446825647609542
15811,0.20724400709156438
61745,0.99958006906918
58693,0.8610901576274206
61511,0.029748775014286834
71697,0.2269737650132799
37159,0.3264853230848582
70464,0.020376760968665628
28917,0.11733953000258532
71089,0.07708126053303818
10800,0.03632980924402808
76949,0.21826569906316565
65775,0.16554081151821262
12208,0.31148026411809243
78613,0.028454450047488415
43938,0.41920898783108274
75662,0.0031827229667698545
56054,0.2048791609547283
5619,0.07137344582547536
30050,0.9995300064971658
8641,0.20399896781197233
49171,0.07357610358403882
36321,0.6741238098043929
15535,0.0067964995368606
8329,0.26843893645516625
43371,0.999277587050285
54936,0.4715277874030594
3454,0.0017984070824973188
44943,0.6303729850817092
47222,0.30974466642755155
49299,0.11694401942766677
47862,0.15867625901602161
69167,0.8744915448535691
46314,0.2195024630566315
29346,0.006537097804266033
43940,0.018514032724602093
21114,0.1313277876577703
41459,0.868690605006036
72618,0.5221698290109671
30955,0.09680789430895341
70270,0.06327239428532101
79315,0.13889576499830994
70294,0.5245147836840722
13918,0.18495307682101253
44050,0.8784966676760234
14956,0.1980813949585272
41606,0.2287683452733161
78440,0.99958006906918
5521,0.024356293587656463
54317,0.99958006906918
61935,0.6067335843331789
32116,0.2143054533784794
44590,0.9019966421833443
23200,0.06946668485414556
1701,0.16474490844241804
59849,0.041573335792747364
51926,0.9931809479989594
27519,0.11593985905439334
6969,0.4808425771850832
16323,0.3076916591394918
32855,0.07453190037282979
66198,0.9996206797931502
56359,0.26755007681688353
76423,0.9604127136917568
17414,0.02480069610902431
137,0.017268222343596366
23409,0.999520044706958
30817,0.963834799609261
11088,0.08464672304124429
61754,0.9995228693845748
66737,0.02008244105700135
62062,0.2219372096904545
48517,0.3187497108118587
76808,0.6042463894808158
71833,0.7306359823176394
69464,0.2780582895126675
14388,0.017112912858880728
26490,0.24712947895229664
32829,0.35648688113368543
57621,0.39400512507032304
3607,0.04023474487376725
21226,0.7498927369302721
35099,0.0017288930555510408
2188,0.7762821863750795
12357,0.35771844825518373
15955,0.17621288645883354
63060,0.9208446119411408
47407,0.0070963417486452525
35437,0.016092035379578287
64451,0.07375960900971439
77273,0.9995088748579324
49394,0.14051071721567884
18453,0.0636566683641361
35530,0.38915504927495004
25501,0.01611282399125743
5104,0.999419773696778
13653,0.021553887440900598
31782,0.4340228226230131
67174,0.09359284679693822
56705,0.17486748766933477
13262,0.23536259826358752
35843,0.31170118242898515
25399,0.9102734924518237
7297,0.7701902164632234
68815,0.2375590680453193
31708,0.018950789459189807
73540,0.4369776698390455
29494,0.5761551361000741
54123,0.27605908805146123
41095,0.01645459916196347
28928,0.3483060745949794
7353,0.8935088626183341
46219,0.1302139126224865
10752,0.059170051035253815
24418,0.03419850394118345
73234,0.33446956255392785
47196,0.05896372636806812
5669,0.6507268927253842
38507,0.9994757739475768
43428,0.9046072364739449
49832,0.0020087921828589946
70844,0.1384012814106214
63611,0.9995029415650505
4459,0.9991419331778953
20026,0.8337486839481172
12856,0.999380569711271
18258,0.999520044706958
19297,0.7266432566711616
43804,0.9085834906186319
8025,0.9992561424881533
24171,0.7748724500394982
29062,0.05361195503214533
43517,0.9995228693845748
23249,0.4136861598102911
33459,0.07476211779966568
10104,0.1854366354429517
1015,0.4073009286803608
870,0.999520044706958
14925,0.9553216838614134
43327,0.011572528409873956
7611,0.0895338031746372
5284,0.9995228693845748
69907,0.41510376408347327
60031,0.923203509380402
26150,0.999419773696778
66898,0.011572528409873956
58672,0.27524212714020396
34398,0.1532235693087291
12626,0.16971443228598676
67088,0.0764644269398684
50490,0.017906730071123058
53054,0.9995088748579324
27587,0.9995088748579324
73789,0.7967810267669653
10443,0.9995228693845748
76283,0.4128197904933294
5040,0.15081166700449666
21870,0.8102789247906014
60129,0.011572528409873956
54319,0.9578650057390047
62944,0.2220839991474958
1135,0.804070223859457
43765,0.40277334916601015
10279,0.1627359677628578
62957,0.019522886013365097
10452,0.9995029415650505
4018,0.9995142462916692
4139,0.21027510149430104
44817,0.9994441629989947
66396,0.07716729147864061
29944,0.8737853964548599
68499,0.8356527569979214
2427,0.22260464804788058
69213,0.11820004366804011
60687,0.8164205637932798
50517,0.15589247898644293
7675,0.16108125446823196
50932,0.11922441003214267
19875,0.06420291685720327
70822,0.027109189347620737
73904,0.03616926112247723
30982,0.03332832166229007
24352,0.2969632732399256
12906,0.09051049901427338
2094,0.2098069396700186
1921,0.054672861015050235
65619,0.07944399625134282
42052,0.7497210654735582
60273,0.5626943846693574
62913,0.0033354969439113877
41244,0.1038180166150575
55277,0.3246877745615866
1814,0.14063136465778442
2995,0.14421951891849094
48443,0.09861783313851556
15439,0.7593078175335547
62261,0.34294934293182533
55562,0.8156298867081571
42138,0.7612190665592753
2643,0.4479263158451994
74817,0.02134121943163313
40388,0.1834808060294755
29085,0.002643386071982973
18690,0.7487435539212279
76839,0.09510246312942237
54331,0.8519179985384441
36964,0.8214097111564967
45801,0.001314891536991258
12361,0.1546999087726527
3850,0.4479263158451994
1307,0.1204824188011053
34511,0.025427426174671437
19234,0.1991567922082661
30110,0.8274849248907349
16194,0.848469004022108
26991,0.3659749056319035
61843,0.2607479347493124
64620,0.9275612510041927
68137,0.26175527118233616
22548,0.22221196725660083
30950,0.050944133302544596
67055,0.0996235062297286
60711,0.9554489463631886
4118,0.3115520936491137
65304,0.19834925466792314
71292,0.8147180412250254
41168,0.3012876784379362
32089,0.2793016619526587
22626,0.021388107536025595
45834,0.22526974041778666
59779,0.07594493227172462
28231,0.027908388284798896
14257,0.7582240663001021
1989,0.23140486481028064
62121,0.27164366248513666
25918,0.1331316320619961
62876,0.09401010174657687
16902,0.3777332491572345
10562,0.09104903038272766
55313,0.89005600936807
54846,0.5374572259010844
25992,0.8028715508346803
51914,0.900576272708682
55634,0.246841311899442
22932,0.8632958376635599
75278,0.7061683512088839
45271,0.7271076863564458
3766,0.1008317294060589
77758,0.4479263158451994
46221,0.02536346360897948
7847,0.22302707307140043
26050,0.12192985811935927
31803,0.4523237952456537
888,0.8638350746881638
23621,0.17577266019165283
72526,0.2125134839386424
10809,0.11279724852568473
19553,0.3474802720272506
66961,0.11364326070069895
16524,0.049901377011082146
59723,0.2369830103236789
19582,0.9511689406637486
113,0.16616239478518838
72828,0.006475747020159606
16200,0.3430605100554398
37328,0.11070994679650906
53748,0.06933511078597383
46290,0.6846543170843145
11443,0.4032459313993618
11255,0.2601227473499674
24336,0.10737108174339963
11890,0.7173221965184039
43527,0.7750219921109827
17267,0.1729965184725594
19478,0.0900447092833767
64888,0.7640186424768088
27799,0.6794479881798997
16836,0.35176685441092176
69268,0.1451959456838905
56409,0.018157286504563424
1482,0.24921946530203143
32299,0.8718579113598027
4987,0.010554426155164233
52816,0.0034570437339499077
35532,0.2448907658375712
58003,0.052935906777481195
13795,0.03617495119523485
67392,0.3721120058152392
390,0.9433663763856626
39195,0.9019601360530981
18625,0.9355438189550133
10579,0.306916977401352
56185,0.99958006906918
70534,0.004445457607238966
27963,0.44347643539527704
45815,0.042616715733948755
37565,0.616549500700949
70306,0.005002192201426014
50446,0.9995105751926279
26401,0.7798301308766992
4174,0.99958006906918
18920,0.7334971731145405
34676,0.4304954115494933
24619,0.2010728684013424
70483,0.9993875642434527
41329,0.9677363972776917
71570,0.9079586948605064
73156,0.8724549072020632
33920,0.2856928902264541
50720,0.24927155999904574
44815,0.015047082209706178
75226,0.0046758667401308315
78168,0.2761667001584041
53313,0.9549338110776991
34999,0.1393576832892875
175,0.20627639314137916
18288,0.2513165974191719
25676,0.37866315506170906
41521,0.9087103104212442
36177,0.13621261401495796
1539,0.8312813036040624
35061,0.3431746702979671
42292,0.030795900150663705
66900,0.727969463363698
37126,0.0020316821510940834
62022,0.9356123792334227
21645,0.7799892411833242
66217,0.9996392655655905
13051,0.10532846093990464
77075,0.1725089290902203
33277,0.9353071103724268
32935,0.17833227586931005
13690,0.18725409906518775
65943,0.1875632671618659
19457,0.901318022935828
67451,0.9995803266509453
7264,0.17322987122042685
20584,0.343667253877643
10729,0.30593336655781483
33873,0.8339703994644277
2611,0.8747470392619038
42713,0.1863271309288152
2801,0.0696916953824819
31846,0.648465152263937
11109,0.306451614647694
11157,0.004445457607238966
32921,0.01690506561957985
68369,0.7657361347860413
27129,0.5901212942488598
75955,0.99958006906918
69088,0.11257594950524356
52875,0.19134513681371926
74705,0.5486528188521288
77826,0.9162249167665852
30882,0.001800972746110707
47136,0.16687048144039648
3274,0.6967527034948686
64426,0.039546541860686776
10015,0.6426582218123315
45047,0.1358669542136037
57616,0.9153983357826292
15089,0.8370471999303493
18376,0.13587994078009502
2709,0.1489284178596983
28885,0.4562884275325633
5142,0.18050102304139123
27128,0.99958006906918
7215,0.7468757646863243
16590,0.13959150660259143
65459,0.00454495298138936
30107,0.1997404974883338
25712,0.19995978338791537
23065,0.17846436321312026
13157,0.2847405593175427
35518,0.6418581066676905
60958,0.34480450935717666
57650,0.4395390791798973
51002,0.4527066672363317
22413,0.19717391293100217
26565,0.4879046066726904
60143,0.22944107642744085
45476,0.1697519018144568
20467,0.07024467915519576
75716,0.25619762612440444
22319,0.9993636439080962
38579,0.001728519199443697
57728,0.9141276327700733
38403,0.34076441009348934
53460,0.11382422341581058
78541,0.42392338295753285
34149,0.0315433758268283
3833,0.16818113808881022
32253,0.470817991954062
49977,0.014699660675763757
37545,0.7233799008501446
57150,0.13609617070819302
37045,0.3569604232928337
37727,0.27112468838156906
78952,0.5950297910019718
43885,0.37807048396532716
7416,0.9234777117356413
6615,0.788565453918477
27057,0.3623569365126685
16674,0.31925731938612795
61251,0.9995513269030847
10776,0.30564382588793726
19992,0.0038618328371477872
47069,0.07097220796943074
62434,0.787346445024296
15524,0.4765421307747555
30909,0.01774983957010389
14271,0.5270883753497062
45096,0.9995513269030847
46977,0.2529835410926427
45027,0.9991496266894977
63354,0.9995513269030847
31556,0.5329703128275508
20955,0.036162685018126896
77731,0.0009820340059614162
13870,0.6237547283658529
42352,0.08373235800040371
39465,0.02644153643261196
20701,0.03600992325504356
47858,0.6400614262653982
50575,0.29134837378218215
8276,0.5263393734739162
74602,0.006801152543750094
43799,0.017615634381309222
2180,0.2661533633337559
70094,0.8394155911135299
61845,0.09238487988090541
7813,0.18426840667922195
45608,0.023412131431304654
63815,0.17103417048543682
42999,0.046650426753907674
66669,0.3788062981259291
59980,0.6391930271608518
22627,0.2093988820091801
76646,0.6683725661163361
46003,0.3082383493949081
2872,0.058158489655556846
56576,0.03145171967344842
63044,0.3635078190728891
26537,0.04882085451774105
34541,0.374146731124035
64504,0.2773830590279685
43362,0.3106676312685523
64790,0.8302131641146834
34682,0.12552209025215333
9257,0.1571490728130002
12603,0.1957287655294494
29962,0.569062091115171
30100,0.013440472177947147
24730,0.21747615080690239
15418,0.22050745828549342
63233,0.7723479341294797
51314,0.10103570939973502
52161,0.2801247203675717
63812,0.3204660476027083
66642,0.0846106420231038
75732,0.5270883753497062
4957,0.14382288264193724
45741,0.9218484872906938
53522,0.8796116105786562
19150,0.39300780369894484
20314,0.543633166059593
20059,0.9193604274966386
3697,0.278393890680578
9172,0.2145623229985817
28483,0.13042998427514427
53575,0.22482476135710033
67713,0.8839365851602721
55842,0.2814255936059132
25243,0.3077479292509162
19703,0.6264489114547406
40696,0.24148040894441727
23817,0.7922790541496575
68324,0.15634109800545715
12298,0.02750488880867751
66733,0.9995864130337306
27414,0.32519276247607753
5723,0.20349384043596536
74672,0.3313650368561374
43464,0.2670136984561616
77743,0.19641333040198153
4968,0.3630225975670043
63228,0.12472815817638896
18602,0.11303306227898428
24533,0.9992578192380513
19711,0.0346117187037663
36778,0.33842159826004276
69120,0.14382288264193724
79129,0.24724222679332378
18021,0.017802299825624795
22602,0.45267696188709966
27692,0.0018822782564765425
55389,0.9993025927977298
45243,0.2624481655328298
31313,0.8332645308166355
21543,0.3042001721379981
56747,0.999532056385009
63070,0.19234281651245602
10212,0.09112780414187228
36192,0.844859720885735
8200,0.30925197522833164
18794,0.22768520320637753
77844,0.6391185458275986
70903,0.3994717048775036
50082,0.02760862856489155
55746,0.11956521642482806
68432,0.2577751659352303
24821,0.5129666229499404
14123,0.02863724415511786
34065,0.6179459993581812
28002,0.03909639017015419
3643,0.32562563637049347
76429,0.33377042113480315
66156,0.017802299825624795
58628,0.2969167251101013
30874,0.8726822873532742
38871,0.999533067559218
63762,0.017615634381309222
63065,0.020856454534356295
41317,0.48075451669277425
5452,0.04316699657813774
15450,0.6927508496898844
73403,0.9168270617228227
31280,0.5596131351297372
25852,0.08041336654053495
59235,0.21658646318828076
12868,0.4513526747540351
28329,0.19750560165863695
13980,0.2688318425122515
54111,0.7420461903971518
47154,0.020112515185083765
72011,0.24977047963654217
24273,0.18689689351766423
8812,0.2029801359834203
493,0.1659682973252524
43528,0.258665426222185
66653,0.6204496492423015
38406,0.15716102806121487
37854,0.10264254053899445
67294,0.1360589395039962
44255,0.06112339813307272
67469,0.2282966317940372
43310,0.9206380864821733
31434,0.13316700220188582
65102,0.000868584291266166
39122,0.12600971216909784
44606,0.8133335676139415
64806,0.36298601644009365
27077,0.08568834582320281
21626,0.09860418173017356
47119,0.05626141381434
44770,0.33447479863896157
27046,0.1499595594293121
35064,0.05359516399091634
47563,0.8002582660935418
5940,0.14911535823774383
78327,0.23343741578622965
11034,0.7159805617635169
36082,0.8166664086625701
18991,0.8401440477681872
75452,0.24760426240096062
23990,0.006432016565941482
32984,0.1734560108576389
23092,0.572870113839182
32431,0.1464719140365241
33841,0.8317768968965625
65345,0.21354919043109907
74219,0.7735429490647037
7007,0.27311564479206385
54255,0.19767988704640824
55752,0.14550362051252969
46474,0.17169494326432394
32794,0.7716421075059549
60615,0.07970568598086135
7660,0.03227276375962034
46170,0.4100582705311792
38459,0.18491108059256167
49430,0.8155219220718232
55836,0.0661451943756174
61216,0.14812036425986494
74708,0.6989577256933819
26424,0.10231854347569
11909,0.4710856604863496
24969,0.5360949220033899
21608,0.06307693789157312
58586,0.9462801611776156
49068,0.350063264297489
33871,0.88474338056104
52429,0.11872529704244597
31132,0.928674707462757
2205,0.7654890604927609
45672,0.6622440032800205
62523,0.09189438890286226
11309,0.34105467465081124
28152,0.012877034627409596
47833,0.0016783892287365104
27607,0.9491971027041632
4427,0.23469526986843384
20937,0.3663123730643105
53555,0.06890969679374169
64111,0.12600971216909784
56548,0.26357191615740827
52871,0.16341973131106435
50125,0.7397397594824094
20964,0.013881531578703856
55669,0.2379778673733808
33488,0.4612009674338308
46608,0.46088721109717795
6156,0.4317028325186783
20094,0.2732735905612682
61241,0.04265227394286025
51956,0.27297069216168723
69562,0.05956765824961502
55351,0.11585993565386751
40993,0.34501721692470233
29337,0.29496302951514386
17909,0.31830675581569606
30432,0.10170881145208266
20448,0.4445888466715122
30117,0.7251502930711591
51375,0.25642058993715916
71355,0.01799086220173876
44725,0.9117220511076294
32246,0.06255589187656176
3867,0.1910962086318463
55244,0.7759260272481305
2746,0.452255041591243
11951,0.10447269179284771
43792,0.06101372532024614
19612,0.0061120270869385995
20308,0.46088721109717795
44865,0.7229706983105709
15194,0.44922863125314455
1402,0.7500009562857477
61611,0.817259158992437
12829,0.9623814338374795
24088,0.31308288317873983
54132,0.7273558637876997
36022,0.714318127711102
51814,0.0022706249773164007
24473,0.7628144554886287
31882,0.0011918577760433452
39780,0.7833604018128838
76329,0.1768451942542616
42966,0.13008630453963707
36610,0.06691052404058355
18200,0.4493799506557986
20133,0.004225759752297333
28173,0.8983731663562824
61998,0.1596407138562222
2101,0.8992186591525687
78137,0.0006251412922869235
62508,0.1948488237261798
55861,0.1212560793974788
10294,0.006558281234768066
4214,0.11434023179833812
26673,0.43155307942089527
73017,0.11084354892433344
33003,0.25493919248055047
60949,0.03667210389747934
74084,0.5963529497271995
54337,0.43376424394241875
62262,0.1608822274237969
47592,0.22394563370920426
16924,0.014524091912262753
58284,0.28409368236212884
55622,0.33443658783261937
62492,0.09457452860054938
23555,0.8807680107221666
47378,0.009235929080592571
18136,0.01594451947144068
57506,0.26616366365040284
27748,0.174435563779351
51169,0.33197482397779277
34774,0.0013042291440083689
52390,0.2069165610429338
20809,0.0013776488652663323
29321,0.09561929762318543
26655,0.2671006797939496
24973,0.0868043055907603
27365,0.7069575008017799
2258,0.8502015905412384
38343,0.9050576296824461
74620,0.6986881953334876
54121,0.9239747841399266
5356,0.20622517869884993
67056,0.3292387280582196
66915,0.03789576595300112
25600,0.7287662731881334
18972,0.808440787654568
54576,0.7740589437813646
22006,0.2509946565629603
17509,0.05548724681379381
45969,0.26477112382013135
66853,0.8417041011046655
63116,0.7003531294331143
5843,0.001510330941389962
16212,0.31236173297227177
71369,0.15138830923454757
75358,0.10250348981228503
54041,0.8610672565604399
58273,0.16658237197478007
29797,0.28027111330019305
15373,0.007370405378801235
12181,0.28094542683846263
71855,0.7870304587307801
23479,0.006119161190247493
44761,0.8698863730321869
62369,0.2842714523236879
39130,0.33470710292225675
32442,0.007949689762736805
48696,0.09867076381684033
2225,0.8289111748243064
43149,0.022580112901584185
16210,0.7785144061456805
5572,0.9105891688745812
5794,0.8127836536699184
53385,0.7677226090890151
32403,0.1005053414170355
71275,0.15477812111977157
19009,0.8682844104519353
41628,0.45353386736043666
70813,0.10872278758815107
55104,0.6862016721820111
35206,0.028860680852170337
22441,0.9230812148207669
58162,0.17452707352274735
62552,0.2244342403765135
27991,0.8973235007254695
22737,0.5768815266585599
26918,0.29894305672118554
44758,0.23263716591275432
68704,0.9996184313076384
50962,0.3487262733770396
31898,0.09720626080089789
58609,0.2625343381356022
54239,0.9995786311424661
48689,0.25771636266092546
7017,0.1349247431963193
46155,0.3388743199100257
48767,0.6760818761842042
45410,0.1496694925552679
73464,0.15266871547104968
37714,0.2147091956117334
15650,0.14404038162855318
12238,0.842211260935027
74764,0.3257785492708886
71122,0.9158046356223103
56072,0.3148236611268087
71127,0.16099880772377131
56379,0.2069312300984384
46102,0.29995311324531854
14744,0.24754299354532192
8245,0.3242349689439192
16238,0.0013833039492922507
78746,0.41310318361379933
12146,0.3745547202725441
160,0.9996184313076384
25236,0.19752871418410783
1590,0.27895907225720507
38334,0.28828473741004557
7191,0.17239080918740157
16567,0.17747822333361754
76113,0.9996186653673369
30751,0.06810848186974627
61203,0.002204743224140837
34325,0.003594963452698907
35597,0.245160153575123
33205,0.9996184313076384
22174,0.15599698543883259
15593,0.00294259979909339
67905,0.23133501652830413
28455,0.8941514854347743
23783,0.0034390366103289943
58395,0.21688847236160275
53118,0.30676876089579147
70264,0.9812455424999718
17623,0.44784479958943335
68488,0.6627721792860791
10351,0.37820314705019115
63672,0.5696601338642402
46093,0.10714798059517092
56700,0.30472388538669365
12450,0.32601981846982164
59767,0.8938502451653743
71313,0.43590715016331283
70722,0.9016257644016898
22032,0.8757965907317503
74086,0.07696426800524403
28221,0.026545029372887982
67629,0.16414103350091774
10208,0.9996184313076384
61389,0.8481741903598907
32956,0.3415800034738831
41870,0.5647887796523273
24323,0.9996184313076384
19811,0.12332467778168572
66635,0.9040666233074459
1382,0.0052562827582016535
8606,0.13375158121927533
48512,0.9996184313076384
54190,0.17008481596430344
21282,0.20192899546212256
52328,0.0035842653454735912
15039,0.002060619312253667
75970,0.009333662243211496
20132,0.13989840109936508
11391,0.0916384118111502
41161,0.890392206523087
7296,0.19919778855112757
8069,0.14452570311898236
42728,0.945126641043981
9765,0.8737219017792471
32793,0.04290115624023848
68900,0.22925419315389833
66625,0.3274885426421536
12867,0.06578289830108115
10887,0.13335226382249996
11591,0.83251135070692
78504,0.9183935337290262
10504,0.7225456534200082
27811,0.39592207290906617
56623,0.16010443947368383
58654,0.45246098296663767
49848,0.00843262976482582
52888,0.8800259779577608
11945,0.9996720205611423
17612,0.362606461177236
51152,0.9109425605644264
277,0.12899572741655332
26944,0.18555013626630482
22314,0.016573730627132133
19338,0.14012385357430693
36675,0.10835834456852074
5846,0.01627403676875169
36189,0.13909963419645416
27104,0.04090635701049482
51920,0.22195768034728
50877,0.044423523597450894
24046,0.8877256975751924
25519,0.07913064601068225
68027,0.36119385994151804
21827,0.01627403676875169
48934,0.010318489064343095
40511,0.0012420082301955752
15073,0.5290860452842477
62321,0.1522066974832753
2385,0.06983769483405068
8017,0.17396243386409477
48457,0.860781765681036
19504,0.40818246072868375
53411,0.12728564850201277
41863,0.5285565427806075
51972,0.05108305034414542
28399,0.016573730627132133
6143,0.6653149037661699
76542,0.9118979079175956
18355,0.3781479007031129
21084,0.1854211173055104
69339,0.3426792639743618
55221,0.08087675204712184
30387,0.8055484405736713
36305,0.5781844566549244
36594,0.01627403676875169
77947,0.7399336770340104
12992,0.753898760369346
62155,0.20483834528766748
51099,0.8069021240554127
20879,0.10588141574723901
2455,0.058334496320926424
28065,0.2576749089343735
58955,0.13980294981999222
72806,0.375073159697115
72703,0.0022149321734466865
56116,0.023230975847408738
38636,0.190657382209161
60012,0.5469512320269001
66419,0.17387108725189732
13894,0.16761566887669263
48652,0.04521777515172909
29690,0.1503720709610254
66094,0.5807480886760301
67497,0.016573730627132133
46100,0.890019196130704
1208,0.0016192937246974988
7685,0.7885128345513229
16860,0.12065790030234283
26087,0.35088039789118025
55691,0.3443833854212138
44790,0.09560197056857987
28309,0.03485816252163926
76022,0.2542048762791478
19596,0.06319959891566085
3631,0.8133182872278198
1709,0.012491164365248188
26422,0.012491164365248188
24843,0.16743669395849856
1141,0.19996189091535818
38976,0.22395191123331804
75775,0.7580200289180439
35429,0.072251917120457
1308,0.67535589031076
18952,0.6914514284765086
58343,0.24397548885388032
44696,0.10857282212513852
46841,0.8554843076122789
74966,0.009425502193585813
57170,0.007841205119640026
20220,0.9660013457801481
55569,0.016573730627132133
39421,0.07189588178109786
63923,0.14553273024182148
13284,0.016573730627132133
26763,0.002139540363781371
64354,0.04362390632005947
58479,0.3784804045941546
37773,0.025913544904242747
55779,0.029405618518299533
25880,0.1831171772327798
30655,0.36926748523477465
75251,0.1805942732256895
359,0.30102374050577374
139,0.03718832944420036
74028,0.39890362806637686
62444,0.8453209103936358
43950,0.018995718827856965
341,0.026490046824605446
70394,0.011907263254763687
56883,0.35737678104790144
9570,0.0012132154541524337
64387,0.011793987251794948
50099,0.2648565886637416
76119,0.48460393038133376
5499,0.02957093401741887
8557,0.06266817370847573
1933,0.916276598308872
2353,0.6188066096365913
15849,0.2567226782259111
3237,0.06928000454359767
27717,0.0911085185401684
42262,0.32429996543060496
36576,0.3908736049211828
59501,0.044148220809991735
71156,0.8614282476035803
14974,0.4452735026886769
63919,0.011233237715987287
20539,0.02410876867278584
61517,0.8862490375350444
25373,0.009985075688435254
18801,0.29133266476308556
6345,0.3316595625573916
71676,0.21998383753083137
66322,0.0033782656686782743
30404,0.0212819644139084
23174,0.030578515311856538
27735,0.9232194399643464
31779,0.011260168825680365
8037,0.21166044422970673
73852,0.028896690634417778
71850,0.006083703681223425
22053,0.15073155896371015
2170,0.16724707752100113
53162,0.4000116343237818
18694,0.020163073576491258
26418,0.2526658109831221
72128,0.91191278788673
37227,0.247381236984197
47094,0.016737376365599802
7598,0.30980372822561425
70189,0.014838977845961823
19800,0.7166978616172766
42360,0.18724693254020267
7070,0.12876463662487925
42418,0.37540836692988433
5745,0.18461907897561253
48516,0.058741963466441116
17439,0.36530275554376923
930,0.3684655918446003
22853,0.009870716783487523
8768,0.7107231503499898
11121,0.012022352636416229
47499,0.2823344259946829
11739,0.1626719637652488
44015,0.031042568289481248
2012,0.12379820686744249
17298,0.350103096755356
40380,0.14540754965422695
71443,0.8623669517846263
44180,0.3716024472423135
21313,0.8970771826625914
39333,0.13714844367802753
68804,0.24057231260897224
40604,0.15084525584604533
45735,0.1493458100472277
66678,0.5036229337105055
75770,0.4332905019708339
47776,0.7511032063911056
64048,0.7784457443270628
15435,0.009390402680643747
68671,0.42857400268149826
54313,0.34938670493714624
39759,0.2920490051710163
52396,0.92673855874107
17859,0.17271053226018981
42850,0.7462507039613093
36028,0.878818771164935
62494,0.14744576953817376
61050,0.3738571764761171
75750,0.003680324736920997
36789,0.16580642098736542
36269,0.5047908019527529
17515,0.4230624171314548
10517,0.517362121723435
7462,0.03694253752305226
38393,0.23544730208390519
50584,0.02685619218481238
77398,0.0055354020411955114
74879,0.1698771190820336
37438,0.18685826057034896
74965,0.19588255992860207
38245,0.18163858233012048
31706,0.13694349734507433
67535,0.035010559174426185
48439,0.2968209561122143
34625,0.08579745610604664
2283,0.12876612833320378
28670,0.4062159552222321
22786,0.26681086600129383
71976,0.07995454746268703
6032,0.490055838096553
33155,0.009611346561013902
30374,0.09822678300069908
62069,0.0031390940453130266
60059,0.3945174061625398
19540,0.11543192823724953
17155,0.4676631548544238
46620,0.009685441919010005
64201,0.005134394085230674
70195,0.3205089530276758
74638,0.4586575005317411
10059,0.7983192248992854
34611,0.2457282967832192
51650,0.851680346483183
36637,0.269147314289569
71426,0.027230443216210612
61351,0.18604496649461094
14377,0.07828224605389474
19087,0.01937040703660067
24307,0.5065437866186016
44410,0.1731978802074165
16716,0.4200005503085097
10652,0.5646017034099285
34543,0.03375269245291649
16978,0.18673164805994244
24996,0.7751490764504576
3745,0.8885547127185758
38212,0.20806859405155437
77591,0.38813895506156093
46738,0.866100632731089
23378,0.04618187684194938
67412,0.42078768000686045
22191,0.1530695943928711
3761,0.870883275558366
78014,0.46018507242455203
35821,0.2861084592930195
52894,0.5044896539718748
37384,0.25353305839944024
3322,0.07344598134058734
55399,0.07625501950225155
64090,0.33293415389886805
22433,0.46343803163769526
68848,0.13929991842336192
78799,0.18696354956084965
78739,0.7617225421974264
60349,0.001762170228371277
44364,0.02009275172107922
8211,0.29551873255980154
61036,0.12509815265710475
44200,0.22940038712293936
61441,0.31230621100715555
52781,0.38562769238759864
52782,0.8782803457636646
59519,0.4215323562825985
21387,0.1276832366525671
22208,0.28425889840653895
70029,0.6141612408785831
22055,0.925033545236473
68649,0.028353338872250337
49335,0.8677288283434874
44603,0.42017812414342454
35635,0.02687498522071765
59157,0.8928264363993387
33624,0.23283079598422954
77686,0.2559173359889105
70449,0.04004603459840985
5464,0.15530167639844153
50953,0.3954678250627139
65334,0.43029733210071147
5483,0.8175100654835964
31338,0.3981243357080779
12606,0.14696085845255358
77590,0.2909793689526312
3829,0.8167048513065139
16725,0.7183147112458017
37419,0.9300904457304362
17544,0.04645473649312663
58558,0.00294064260787192
17710,0.3694543452178335
43057,0.0008163380154135934
54246,0.4862052752585346
6797,0.42024134514904726
71345,0.7954929084481809
63316,0.5177398775312592
79214,0.8848056872962623
5411,0.43140735804197905
73870,0.5788835884272715
68337,0.8735102459650481
42605,0.7647197315324328
75869,0.47986370975134324
24001,0.2202689926758763
29034,0.4360676530170684
40584,0.3529079348373231
4379,0.8823908429927457
28934,0.836018618994754
6717,0.05770308053081689
26513,0.10938738959794699
2262,0.085633120398755
40198,0.903637967273428
42071,0.2804352308605813
32328,0.17737512481952405
42753,0.21328174182149234
62825,0.05153125310913985
11191,0.3981243357080779
17570,0.8600258824411418
194,0.10978260383473824
46572,0.025024670298960612
79026,0.42891998124662767
8771,0.15069889435860068
30796,0.5431619047828109
31260,0.3782217957329438
43356,0.13192034104225814
17863,0.27779575845979304
18231,0.30779293859635853
28804,0.3556355145594083
61945,0.7466924347238305
14568,0.4111760506655593
26650,0.040286802390760476
49679,0.18274135574592493
64047,0.42017812414342454
71854,0.17287656739722196
6582,0.0011165444276302367
32175,0.4429138773820865
59872,0.8162845590930381
49880,0.1696304519078982
9169,0.5888113045391868
46404,0.34331920441013947
7369,0.8709273343724944
67581,0.2598156864775418
72693,0.0014620088917938396
16289,0.0892886850766533
7852,0.9381434523906411
42947,0.12306365992891442
44901,0.31725232149938787
58644,0.10442410603723352
50501,0.514489560680089
49813,0.8553809386980584
67029,0.03355503241189457
58930,0.032661919639907604
77581,0.29410914082518147
65088,0.14993300508857735
66315,0.8205723243235215
54307,0.015261264926992832
59660,0.707251338308062
9886,0.781572154666242
51632,0.9333365512179522
74814,0.16598273492815324
35293,0.20584465986303158
23568,0.08832633103139374
70911,0.47563051353096314
63096,0.36197092882573834
54870,0.38521078758090394
14850,0.7685477710420447
50140,0.0320373925412091
8260,0.18816451870216763
32763,0.3895805599945675
71364,0.1347247776504866
11241,0.2747389024688257
46734,0.22028171486659748
64308,0.007035171128276084
6817,0.07586539280838218
59712,0.06452047890261843
76784,0.6452777411459166
49438,0.03518305560686913
43473,0.1148471330888166
31656,0.11969316316785265
51876,0.8303424848277341
34229,0.7721120182617803
50086,0.4877161545913773
4494,0.12148537322200671
56308,0.8895389639343682
76779,0.0957029136778175
13948,0.014203080499695733
11003,0.02092054785049972
48201,0.7574720701882436
72767,0.42102865697399927
28366,0.12464287828584739
48455,0.8615008914945035
75949,0.09762539984677844
5076,0.049877908315856215
59676,0.2803808152900305
24265,0.07586539280838218
21779,0.14198175474174662
15283,0.05335358063695079
78690,0.03581174832113029
69625,0.39210082300876054
18352,0.22659495320176554
53910,0.12032383137052718
34519,0.21094324185334212
69786,0.5077699682345352
61710,0.0015307983532650176
23384,0.8025754618088035
8473,0.8715132107961573
8788,0.9232376637273246
22011,0.8883218406353173
12110,0.24570905113214916
71679,0.1724470755091892
46739,0.10437357257541602
15038,0.47046549648711167
74568,0.20440049397434087
2660,0.5330665221397373
65678,0.40321537798343726
2598,0.0007335628700844188
72238,0.184269776933633
15224,0.04988190057145596
58811,0.08861963735700121
67991,0.04727679933446495
22747,0.8571696160292357
72955,0.23483928382994104
50291,0.1610047635965858
10450,0.13039697826315078
56527,0.10707286315414122
29517,0.6126156978855558
50940,0.22981090735320447
53799,0.05500112449590321
23953,0.018888782155151766
55268,0.016898926200265268
48782,0.04267107778682559
8180,0.1178666397859501
50101,0.29814196572672874
9529,0.6001496176761066
71907,0.8802478112536791
55078,0.4181373535571011
63279,0.6400440485610822
75331,0.2641725854967338
41815,0.1957005195255997
36599,0.7016304280625133
78753,0.035028645262227924
55297,0.04531932206626585
28796,0.4647552190306798
38548,0.10954329783477038
76230,0.7186349075113552
67495,0.14154895850185606
156,0.15257511544308225
10488,0.2500785507193347
77792,0.6943350890250524
37347,0.33144672288023147
1090,0.39280366608865647
27517,0.12259513456696662
78507,0.13281443554202343
74659,0.9366824135546602
32603,0.3018546350479019
40719,0.04627507275579377
76638,0.2941587706911637
18059,0.24922661902494256
55916,0.14710056074693548
72517,0.021313444013606
6417,0.8801026660518362
41856,0.13757078375320936
33867,0.27349514330786423
70970,0.29990279033520967
77816,0.006508064212884256
13231,0.3018546350479019
71987,0.018888782155151766
45097,0.9543598818537825
18100,0.8976828766894734
59043,0.0034258011483698633
25557,0.16946086460157037
36117,0.05105169718405977
69616,0.007858290996933007
59166,0.05752591617696254
78701,0.9127442011783893
588,0.23850177524039815
9347,0.95478129490876
46038,0.41548466844688564
46306,0.04173508289370595
43733,0.8134254508576364
78881,0.011390359205264657
26476,0.24212601633366587
52143,0.8984001615871157
30091,0.8575703911295864
30931,0.5344167166155913
646,0.18922862220539508
9588,0.16834666666639586
49417,0.532265470197455
15037,0.042636929208614525
32995,0.006350464081854122
24218,0.0060159968222443195
26820,0.041782087538945877
55427,0.08364936801974762
9753,0.8853115738493984
8005,0.09589203136812319
16155,0.001837732166375133
20096,0.8155733509574696
8439,0.5408187604610896
26171,0.0014344692580517797
67066,0.11210557794854532
1126,0.0009874893592631176
33692,0.16935147838779946
1284,0.18532200238926438
56482,0.2835753326000749
52757,0.3993693829020146
42871,0.05963888105784057
31853,0.053120338093647176
78348,0.15749595309761855
54401,0.04546780762727163
63371,0.17711818835161164
62988,0.8605370226848245
2592,0.2030540253619903
5907,0.14783808866472273
55662,0.006039268077713449
11206,0.4413767343612708
39902,0.08275273706146664
67844,0.027775268224094516
20075,0.21405377743153425
17072,0.04140171895864171
33381,0.7740069089590199
65032,0.03578874055776639
6630,0.8004979391010153
4136,0.6033075399592575
1899,0.0064662496724173886
283,0.08443809140614193
65795,0.3930915982413113
11117,0.1760239644758116
6531,0.013496721789605353
37712,0.2980779436637574
29140,0.16935147838779946
6972,0.8715115686850679
37992,0.16948355986265629
67822,0.7375886619228275
40847,0.14657233317148213
21039,0.8006528259558687
21385,0.47668782272751214
6711,0.3660450662456979
78676,0.010782686727534012
57829,0.7387845864204715
75940,0.7779643580603435
21801,0.0423174018148225
33244,0.815681449508519
51708,0.18635025348879222
49160,0.09055111953886846
61002,0.80767539420321
71948,0.08986139433950459
2552,0.040283467685584884
6853,0.25955826171752294
32659,0.28107438352909914
51579,0.1186770659296309
26391,0.7500074088308253
48564,0.22853096158464606
64167,0.912933594178805
21254,0.05039286945634081
18659,0.20355818626824856
41972,0.1941101497545157
50730,0.02199567684137177
23649,0.8404160272145702
42952,0.03918245848966565
20355,0.8910293349272747
13566,0.19247948294213096
22264,0.4579258846531317
29119,0.30651871141176346
39962,0.28733921364564563
18490,0.39477534074085713
6824,0.0008205260695331902
27625,0.22999525976064408
56701,0.17652012918591029
782,0.31117591652368626
14940,0.20805865238240062
18134,0.1438372374877315
10984,0.14876945257864754
72056,0.03470769481331379
5775,0.014497905084716817
30934,0.8540860513554739
30574,0.4989216095602342
9284,0.7923077117721337
63871,0.3404401208470391
74906,0.7422216737801762
12820,0.10502945419737168
18709,0.3185588875477739
63879,0.32367620893845267
37824,0.38312578400424174
10801,0.8348978753307371
59635,0.004441412837290581
67264,0.1288534371270749
16995,0.8749388401645498
48778,0.04122310268963915
70203,0.06011816618305733
30652,0.0012671180590126886
57327,0.15789618318302565
74072,0.7905689750333781
69287,0.18657709626506838
12925,0.8091864677855323
65634,0.1504836581658079
68674,0.1799709679967397
14358,0.11380209990369618
13141,0.899075297721919
47946,0.36838095625147704
69185,0.005008837174372961
50670,0.08279140045587588
67170,0.3112184399917193
45233,0.02594156214030764
44630,0.40427680560942947
55719,0.05564529027015842
46761,0.27203124785137
18475,0.0009874893592631176
23482,0.5096740899708216
71708,0.019713493688757185
7522,0.15885581267455554
75416,0.4040569455045852
62033,0.7939330939158433
78420,0.13980669414224925
19447,0.8430039012654629
33366,0.1518784582236133
15353,0.9540463032152284
24260,0.004063383142276185
77245,0.4554679504551793
7346,0.20046564403975248
6305,0.9995762006465262
6589,0.0243991356393612
42892,0.5145713822351724
29056,0.271077534972747
78718,0.4998046151395381
57715,0.9995649170265194
18323,0.3115792434731891
26929,0.012308481518046834
34522,0.0701314451608449
28229,0.15592331439721058
18746,0.14692346553518648
20645,0.04271704754604833
70969,0.10678857955503616
22670,0.8204792718506891
2540,0.8582450673756201
50602,0.16679063389576476
65429,0.41589151139628106
66708,0.9995247021963063
48331,0.2627137554993258
7928,0.522878490844694
14290,0.02386681798829719
77380,0.7142706306960637
17074,0.8993920959163558
47300,0.7755754120679945
15893,0.8678935590805237
50027,0.9995673067423197
18682,0.9995762006465262
40786,0.7690004298742911
2644,0.3186262449273792
59064,0.0781292959703321
5348,0.1833322597103856
41801,0.9995821532570632
49734,0.6753992194335852
32973,0.4077592271175883
7897,0.31307112015140176
9834,0.5339920752632595
32592,0.18165651260834745
50058,0.16823873557417776
17016,0.8066476398160357
73998,0.15613450484180938
19676,0.09232148286164855
34743,0.786216328111172
163,0.3089882065110198
74972,0.3734823994707096
9558,0.29134952200407493
37482,0.19760988723809444
74604,0.19688883914570182
1432,0.475279941507481
23253,0.5019517435338442
45604,0.7392536276077482
62425,0.999525677114683
13976,0.5601921968396756
67156,0.8820184436870818
7711,0.22457044284040653
7737,0.13864180364756667
37052,0.28910986101665903
7532,0.1721452130447953
17070,0.904954983473668
13494,0.5712045594438333
42822,0.18310642724013707
43620,0.06682131017307942
68921,0.35470696612161406
2840,0.9995491888166496
5106,0.7251501303748298
56615,0.0011928837873507638
15079,0.7468579116438943
29310,0.020533836722079642
19716,0.254806927390303
26202,0.1917704111684664
25280,0.02351765306646917
2097,0.7068148693525816
42964,0.9082952809108977
22437,0.9099861193871229
8000,0.0497229436697287
62813,0.9995762006465262
70554,0.5446899936795627
25123,0.7246852403558108
61331,0.8068135323120927
23285,0.05985183979399658
53073,0.7472155591521449
35526,0.6258466638920491
6398,0.1831542261064464
54221,0.0379946780135075
46851,0.005590287976996832
34866,0.02998264329081408
8330,0.3244181298579436
3472,0.8890139490886184
14473,0.020744708551216497
57419,0.6810536894727158
30255,0.8770761820437915
30448,0.45182418216759407
79142,0.018136587609466147
34052,0.013762477735862933
45254,0.24007478862762605
59793,0.43484889168487545
75565,0.025057292985974786
21622,0.4727955859078164
33788,0.3760415439463759
16185,0.02195130963687994
75055,0.2365147223909114
27387,0.14411892338580973
25052,0.34055502178227254
50289,0.03524227919828839
1652,0.013707119248534077
33938,0.008850522977587795
76257,0.7472329709300107
6257,0.10650986337139093
28855,0.8127701167974283
5470,0.03077209194636008
78044,0.0014283540453219328
10259,0.7617127024024828
43935,0.00342872507006877
13429,0.07181366847833597
37862,0.7333072453974748
21818,0.21647687052003375
66078,0.017984959586623096
62540,0.729817922428881
42093,0.013636342953977146
49816,0.3472211817012315
55507,0.16197976484897725
5998,0.023958322270067774
68927,0.31550414756173883
28732,0.13821878782334193
60604,0.2964884861066323
77508,0.2561569281346192
14227,0.0698965855801256
16030,0.337606382737711
79272,0.7249844680262578
11006,0.02259123112616037
36728,0.5674081396780973
6644,0.2211346730173087
23226,0.2034773804972686
48869,0.3021257709748429
16088,0.031853593600431725
69123,0.1004119013932796
36061,0.17689062847794607
68100,0.24553668577265544
27767,0.8165461735877491
59665,0.08820524717763702
77073,0.15796527399115884
37805,0.0336083063764461
33849,0.35273288106022804
61628,0.25587060883174795
64430,0.15233917215943404
59797,0.013803318816302182
2024,0.2698803330299097
73446,0.1366958458994313
78039,0.5417859192807892
23706,0.01960730570275896
66550,0.20418685057714978
18314,0.5225216942947062
9597,0.11638740870881895
23763,0.1424250163722966
12088,0.8458105859452777
54342,0.679982255569359
5111,0.23341644263984454
36752,0.15930658504902284
15380,0.300344600296776
40373,0.07501330060925857
19874,0.1910725082877181
13945,0.8568621947067374
63438,0.5324729075370794
26833,0.013666558857712778
35852,0.29166357600682125
10806,0.00510755923861708
19034,0.5389622361227118
47702,0.042557886239998226
37901,0.8372144757256059
67696,0.5490214535276468
31657,0.0013113095886218078
76866,0.3304643265123363
25499,0.33158907372068364
36736,0.4061683151094344
34197,0.013803318816302182
3082,0.2554948743492037
68057,0.04786927158706078
21728,0.3531779831139481
62947,0.6932128636936435
38788,0.013732052714024525
49667,0.027504423705792053
55148,0.2513151938391969
22657,0.17063440063650104
65096,0.25894603953700523
41322,0.3389083730426895
29807,0.6944869146269174
56448,0.8720174703145666
9497,0.5767581232643975
5927,0.021347428092372427
29726,0.03010039500138567
51613,0.8424059081430332
18038,0.059373526232527264
8895,0.02341190984818986
8707,0.10800963888653305
66913,0.30997100441695385
67261,0.922647558594592
27045,0.3558494194335963
3755,0.7749381968925306
57805,0.37220757353981376
29740,0.9276619509024607
20568,0.6288645631643731
46487,0.09111540230916215
44639,0.6945746830416806
48690,0.1622218908576552
24859,0.7499348921394741
55732,0.13131037164554826
64029,0.7359849688000746
13058,0.07710034871408519
48909,0.0025166227017693115
23388,0.1416406774033774
43542,0.49780902069616884
58713,0.7697479842440987
58006,0.8783087663404489
57942,0.3383318028173963
14572,0.8664404792304112
55534,0.8656990948199509
23912,0.11137584403267473
15998,0.3301624283138913
28045,0.817808644836114
56850,0.11106924359364202
43951,0.2800741976031113
50409,0.06113749719984412
37644,0.10859085561640179
76273,0.08979546588972143
48759,0.07693049829889084
30842,0.39119243934016157
61333,0.2631879925703873
64947,0.2097996074872554
76972,0.503842068760988
46805,0.4181395167667911
14292,0.7941971163719739
2462,0.1772106415542588
49146,0.8410228314208619
55420,0.33855768759662713
54094,0.2931505065061662
38715,0.2530158052787665
70120,0.17512777959078654
22169,0.38574205489121477
45001,0.796085558099611
26807,0.13327886013421847
58280,0.25008468463763733
45839,0.7359849688000746
16906,0.5458809391872923
57867,0.29323748947696804
64380,0.24519161965115863
60704,0.8706259995116638
9504,0.31652374829054786
69520,0.09691002971444888
39072,0.37220757353981376
59766,0.19276586110909677
17154,0.8412654566243875
5979,0.1404750353364009
25228,0.13407880387789065
34965,0.5886823935147074
46858,0.2505881214441953
57714,0.3449458219361149
79222,0.7149116664363472
61559,0.15619040969389145
59561,0.8696359377254644
42601,0.7704689398851643
26190,0.8758989831832533
6980,0.7286708915828742
50980,0.13170726964253948
52162,0.1941481568213245
35145,0.3311872512456432
61064,0.77085881323299
17631,0.19738186826178375
23889,0.8367885223206342
39280,0.43865260621768043
28271,0.2624992816706211
78501,0.08565921560897324
47242,0.17347372282332257
5440,0.26900302854232455
76296,0.46471141305428093
29957,0.42420165082627037
28139,0.2355457390678921
57907,0.8589050667831813
64028,0.19161517940120157
70068,0.9248845064137633
9867,0.21166523304877588
48356,0.8768932254534042
10143,0.029291295992340254
44858,0.004414305746846287
16532,0.5519974423602142
76817,0.7359849688000746
28083,0.45666919553172863
7789,0.17149230942561206
36225,0.8849788204818066
63531,0.840196916931099
60921,0.16164083246134245
70477,0.4650966794137331
41992,0.6534479930436204
22615,0.626756948578469
63937,0.17815042482762988
30112,0.19926591457353854
47685,0.2617468524425553
56493,0.7945620938652949
25432,0.12093402302819672
7100,0.22704605771748415
73617,0.8713023227773747
49231,0.9646882141621159
23473,0.11035290433714963
51400,0.24914203302537943
77866,0.19446223203273205
51432,0.2429779670249124
28672,0.874832856030841
20282,0.01810120059344399
42081,0.04669143139996232
6173,0.17487404235758955
3632,0.3378023042824906
49724,0.29298887815337166
64642,0.24191392879157209
33161,0.3545936302273031
3192,0.12163956536675756
32785,0.49932688000893605
30912,0.24168511405694224
53353,0.49562806846072305
64042,0.6942898418453933
55317,0.10486454197865633
19878,0.06660484307649933
30621,0.4272213856885732
26036,0.10940678562875795
77740,0.015546367256720468
14057,0.47983371955529813
72931,0.3508757578947233
21224,0.2600971807105359
33362,0.43289947800019596
37488,0.12863974693085017
25122,0.7840802979092165
10750,0.22450594684577665
29301,0.12623139509839043
22421,0.4374616735151592
4799,0.8275447882521136
10635,0.11929155741992463
70332,0.4138009172728468
53745,0.32376469455559986
41425,0.2431986954104188
164,0.044047231311980344
672,0.0014005455177391057
53421,0.8310592090710367
47077,0.20601636354123087
16053,0.7084248872521113
56533,0.06935522533811399
59354,0.7917685545500632
22741,0.27874161952805365
60429,0.0032644017114041852
5543,0.9352396930407826
24023,0.12901609443249054
23178,0.9043610292996382
73295,0.0017831182584058887
6549,0.9067453506921652
63038,0.49065178560865724
70018,0.9144229191384694
62647,0.9243030632990155
61950,0.11528855585627656
69253,0.07060928173264155
76374,0.0945219636638219
9957,0.30240664701617637
31175,0.17036988297601233
27606,0.10451237129846475
26716,0.783793129689816
51197,0.7849240100357027
71230,0.10408291860625346
57023,0.1949260852335196
32372,0.10389163498942917
42469,0.18092725921390276
15423,0.5890428167456201
57010,0.0032206272265126548
12412,0.12908058762232352
68829,0.1863943102256233
41780,0.8701623683879814
34172,0.06544925626682307
66919,0.09753243190441997
43109,0.3313529939408311
23313,0.7470126784841703
54824,0.1816207268688683
46852,0.9202072261428752
41569,0.8278631197310389
23292,0.9284050591329321
6407,0.2084562137977374
9075,0.2538521481475562
28142,0.23836058973614713
50332,0.3027436309470119
70985,0.01971382943886676
61589,0.2086801581077033
29795,0.9098068470139333
44937,0.28188632739334774
59475,0.04647743515260113
37847,0.04132997390921767
25033,0.42999772204855274
46333,0.19071109571909597
49842,0.23012349373742663
55678,0.7080354003948354
42914,0.20669277390610805
39923,0.3576786688229257
71967,0.15842302877333156
72147,0.41363242901673053
77876,0.48219705516350186
18269,0.28761009678065885
35263,0.78530788405513
55100,0.8947351573137328
52189,0.42297596777265417
28180,0.03790726772459402
33614,0.3174788231809329
74271,0.24621421559559334
11872,0.001149228338636535
7968,0.00807961813927542
40109,0.37274593082596086
46660,0.39582955362198013
31823,0.03823092184462431
16921,0.04647743515260113
17348,0.11874123540396347
48245,0.8798631227348996
71309,0.5164954806647999
50201,0.3130700346713207
23430,0.8482916943960064
51113,0.007784898214378857
35299,0.03790726772459402
11139,0.39278810704049566
14717,0.9253878203392555
73966,0.019936397184745328
37686,0.1106984144997152
31056,0.7279158319615013
31553,0.1786607090006556
5902,0.12735211376333758
73823,0.9001369415739207
29985,0.037394155406594
64310,0.5544323285155116
63741,0.042303687917461454
74521,0.18487697918339532
5657,0.04647743515260113
48896,0.8346143694214874
55250,0.1473445313161153
72910,0.03179908212673614
52131,0.36190074217797946
78402,0.0387094291542059
56155,0.019877775391896342
6722,0.05656532646991225
24227,0.12516073775867226
73801,0.22859960346997654
40462,0.043971367831050885
31751,0.30801763170507757
52291,0.18038613392412853
73862,0.9347022233078248
73166,0.21394198145039556
63134,0.2468700053881016
45034,0.15555949276323686
60632,0.13789446809579506
76958,0.34128353713232046
34595,0.008989255757344683
25170,0.10855140322483248
12330,0.04118702176894442
61930,0.013206518069405138
64613,0.8961540148403936
70972,0.3683134000562108
4438,0.9277231328204611
10383,0.15278654331981983
65451,0.7962827072970388
64978,0.34677830356579736
36036,0.4705207131456231
18074,0.1316488859679973
42686,0.003479918786727213
38068,0.18263891624064796
55115,0.8515248719072409
47865,0.9639840332044826
30683,0.03790726772459402
35586,0.8349728604238005
5783,0.3938665503692595
16164,0.32941127614763455
19170,0.03600446467435894
9716,0.22642488037028258
65062,0.03255625789510937
10700,0.3804646000890009
76560,0.12022965339150532
4896,0.03931285132843559
56274,0.8103342986576253
13396,0.2136184267438795
18753,0.05423248627871801
41324,0.601664471904647
62712,0.9639840332044826
29302,0.02189597996113578
48232,0.012574111828229076
55923,0.3169969770819116
72983,0.8918465316944117
10755,0.622300074480585
39892,0.08996059044043128
78406,0.8557642993809697
46480,0.002833498147056509
29329,0.8794861083703451
68620,0.2567756768198009
208,0.04065894512359963
28983,0.22224958561743066
25593,0.03790726772459402
68911,0.08295404700468068
10527,0.24919474399567612
48605,0.14491331382132228
42829,0.07816693076082568
60964,0.04116491154118464
44844,0.7461988964926416
77734,0.14042267569803665
53364,0.306609734545325
9687,0.0018237001366633056
58577,0.8814158267822692
19202,0.03815902292198623
5250,0.03639029051511267
74070,0.8162085086250087
45114,0.8616526223148213
78556,0.22083351824475983
34504,0.3019173632676399
56550,0.07170978659085729
14485,0.05719864557997802
4256,0.9031154995748973
77523,0.6580646459773989
68012,0.8988652057369694
10757,0.06055847935630898
70588,0.07768593652249248
69250,0.05866969206351108
64316,0.2082619187174285
72241,0.39764212280267625
68009,0.591910994148638
10107,0.031834802113053735
54625,0.8685009156191978
31368,0.23193548912745532
16457,0.24343016144774188
14211,0.6827396706580264
73380,0.20237795797943542
12324,0.1695179790382317
54254,0.04210615130590222
39533,0.8829163476832814
31008,0.2688694282800975
76330,0.8440582466537719
33894,0.8639339198606438
17626,0.7263654083426028
79085,0.2529171879499245
60947,0.26256578506158174
51502,0.2908694854097944
29372,0.3125448861048742
62439,0.20833002916231813
55755,0.0011991260110193942
77480,0.23327073378710805
32118,0.36025634294522296
65109,0.16056636121521017
4359,0.24560363452082284
17728,0.014242316276833618
7422,0.643573300819972
57785,0.18953916680953928
27214,0.09680003142164499
74697,0.5197340087618814
57994,0.28142771603422573
23712,0.1353872433393629
40391,0.3995598220893855
33756,0.04720805124811946
16015,0.8913818702162399
68389,0.00282788048651884
77232,0.9115688370181135
41622,0.33447175259319917
49105,0.8784580732934845
17015,0.8410965767762244
17634,0.7593033784535139
26161,0.04514395273088469
64175,0.004225507201239074
68577,0.3115055771178856
65482,0.3027329398166768
65682,0.03620134950263461
36042,0.26718003030461007
31911,0.03287959411414418
7228,0.4207268186574077
36452,0.015277578466876881
55827,0.1975760868795144
34085,0.38955767988869355
71832,0.38058251650183056
31402,0.18873324082258744
75389,0.3847527909889824
76154,0.03974083847503888
37385,0.0013690676727011629
52250,0.6111946026831538
78792,0.001478267932693378
34069,0.6205054772794645
23670,0.0494952167707594
65430,0.005063738777855001
76667,0.3179045931537978
13674,0.888478744829248
42669,0.7936524289401292
71032,0.006718613646165054
21676,0.3660800746607703
59190,0.3878044302124373
12150,0.4940393205874666
24612,0.3325623063692194
6442,0.8981450582855952
74173,0.30315873826597795
48369,0.17411048874594653
18744,0.19616725343495015
3655,0.17467851001601345
63647,0.19720821879636896
72589,0.2111062046214828
29735,0.05193159048810262
48714,0.17300495702122204
44140,0.7947207250744538
23172,0.0031878983707538337
43597,0.23030731369914587
44977,0.7388368039459997
12290,0.9315305680180237
64158,0.35812490654256135
54692,0.030997681969961163
31011,0.2455899400276317
13468,0.2932967798869596
72431,0.09885650145964425
42653,0.6512582960569049
36379,0.18655189122842827
57717,0.8673742114281248
7152,0.7036627639395725
50116,0.07909186723944632
6013,0.8976954847607275
46414,0.14250877009501625
46882,0.02010412496403947
37651,0.12404438295524674
45380,0.05883014379011662
36915,0.9093256067404233
8907,0.36157466321507337
56089,0.8550292007789639
39311,0.24314071190116357
59183,0.5848047873964851
69968,0.0030924956930101152
64107,0.17476614309969501
33175,0.023539384921236698
24597,0.9364969308227479
58349,0.01452212464969063
26988,0.0022493568107659723
59890,0.14318918651192428
26967,0.24586153156148463
73771,0.14186261178818435
46820,0.14445321619013196
11564,0.31575818135312694
27599,0.1143104778186826
11557,0.20311313479890455
53552,0.88715387818916
21637,0.19256775750606817
32780,0.5261571472756286
4761,0.18467134456418344
1178,0.9021235613300201
64733,0.6152678170685805
31349,0.8573659212257184
35632,0.10398859834062689
6472,0.304593986515305
22613,0.23256161131442496
25538,0.3876395085886302
60234,0.07435766157044742
76744,0.14194755526316635
63450,0.09656418988426468
22444,0.0017263713278720429
8928,0.000571137451101265
31325,0.01829613102157925
35644,0.46620815098868207
9109,0.21781727450603294
27724,0.43526582226559823
3727,0.6631333634312071
51925,0.14629614190905962
1368,0.8451821549831996
3713,0.006156784518264623
17773,0.7448654036438097
25427,0.004278749160322701
73298,0.5082854564910082
36322,0.8942144914377541
64966,0.0016357417667592696
4115,0.2636941762646912
67204,0.09333101569584651
29166,0.3785391882428329
25924,0.36541079604172105
39883,0.4076935656928323
66025,0.12715697635473847
27209,0.11891746538594353
72461,0.25560234497758555
73385,0.9422520112468956
60577,0.26511584641585106
5705,0.026228540806097732
17088,0.23152703780702003
69570,0.9171007021122133
36060,0.2667242303899786
8126,0.8694876284712965
26985,0.9243502566896696
42288,0.1927020936235193
78987,0.17681630479928495
47056,0.6739441048379858
77744,0.27430080897811276
30660,0.006854272525982565
54062,0.25596970332783675
37209,0.19074162302957953
42824,0.8429848130127902
50139,0.14453671875109664
65839,0.5674269590033371
36488,0.2369055419209894
24090,0.5212958226982256
28626,0.522565766689135
55410,0.14671622057688838
15578,0.6783134825130723
47415,0.9995762006465262
48321,0.9995762006465262
37381,0.999576460600141
13670,0.4328157589766896
23197,0.28029563953271136
10226,0.9995762006465262
4471,0.33892302775014244
43754,0.999576460600141
1970,0.006296990282483526
32557,0.2708905963028747
22912,0.21619688582759405
39063,0.23944759617461794
12116,0.0018736352305172364
9111,0.6607889055613156
68786,0.2286757886202697
6571,0.9992911738034954
6639,0.09120223086804922
56504,0.36523891586041224
15399,0.5201980226823758
61213,0.9611141173291895
45273,0.4478733296796918
65662,0.26519815282004916
1240,0.0019121828676947274
35058,0.04591717056166326
41236,0.03672337938919828
25612,0.9995762006465262
33998,0.9995673067423197
64179,0.13222806486388297
9201,0.4817593347711113
29857,0.07845914277090067
28405,0.909349413679662
76261,0.3853278499985185
1059,0.5433651420264738
39031,0.9558645275459376
27421,0.7958835062374464
282,0.9558645275459376
47615,0.42936545138101523
66505,0.5157702828332915
20338,0.8930649302792865
34708,0.2729529386744602
79086,0.2285721637858999
620,0.3195081807294938
18310,0.028787787656475952
67279,0.0980702787097779
26156,0.20321690912445453
9848,0.905186636387225
15564,0.2114141964913022
71653,0.020404259087629013
51887,0.37789701487425414
55205,0.5991450173557465
35947,0.007233507323052098
71636,0.2958909288050913
23500,0.0015117546412373715
6277,0.9995762006465262
42241,0.9995762006465262
78323,0.2503488877644395
76620,0.2498834785339901
71261,0.18925195964805805
76368,0.10394371620484066
33398,0.33892302775014244
44739,0.3114748890809617
52234,0.33595193256931627
12589,0.0014333891225294594
61368,0.20691160640505216
21928,0.18781270839795242
13761,0.3956155645835688
64675,0.35039913299580233
67650,0.04178566103796855
61273,0.340788452478795
45894,0.3973650078640414
69351,0.4711706238136005
47065,0.09218169609435503
35047,0.32095795543741806
70136,0.2090356513651856
50678,0.43124406081404754
35134,0.9120064028445715
4649,0.349442762779073
44966,0.05665752882052865
64325,0.0058189249965626185
26917,0.4765726148128125
33143,0.47125982660913696
77788,0.004902789528832749
66062,0.1005253489954161
11562,0.26529850338541777
23280,0.029291027134734256
26724,0.24382133394703195
19976,0.32406733269675025
27491,0.014214383600857555
57057,0.1701469879948163
48365,0.07373079761205824
42230,0.9077559560022898
45242,0.21732210425115073
17779,0.43742512057036353
29427,0.4319592844695819
12202,0.9995762006465262
45351,0.3112905333581529
76708,0.7711718142587821
26018,0.31287751017555
26959,0.1325282047025019
79207,0.8780319310270085
77540,0.3470613062922332
22016,0.20731792399032237
31586,0.0039923308140696525
31861,0.4254162714438177
25850,0.1797367639304913
72100,0.8841637814902286
65129,0.28521028601354503
4704,0.11703854228253852
39064,0.19696597500039129
39444,0.264470725639804
25964,0.04303114881273593
47909,0.47453641303588256
74132,0.2688770375871896
957,0.15473361165484648
59322,0.003898949195820433
72542,0.8903641130468709
30028,0.08747009362316327
55231,0.8221059356392388
16310,0.6457112042992698
45501,0.9403842877535752
8947,0.6119202588575811
60316,0.5432033490291298
2921,0.7481250176309244
37413,0.10363896341952766
662,0.03743894655123787
16083,0.0035133315661425852
75718,0.10254499135607792
20050,0.1551722116227977
70327,0.6997585958857763
2357,0.7127259567826971
28381,0.16896478627674533
79009,0.032104157268708765
52580,0.4119905380996409
20023,0.799486104292563
31891,0.2904749413062567
26746,0.6330057806093103
1561,0.3304938153570061
10327,0.5657312538904937
72716,0.37485653729087165
15314,0.06551574796877267
36878,0.11203869633882986
21289,0.4300172345393255
56447,0.2901837666182957
33663,0.8961030128414517
74138,0.00890966199864948
27962,0.18314339027007182
11654,0.001583722049350744
66436,0.8276295336782753
78324,0.868986115360423
26631,0.31058208433779744
24827,0.7897834710927936
61551,0.007003546532541425
13630,0.4938602622824368
25684,0.35420906871890473
3390,0.08468924302118155
26290,0.4611525936166772
64882,0.0008931145607554228
33321,0.16497743847883084
26016,0.7545714880847803
1926,0.6063787719803481
49787,0.364803123042383
57661,0.39566386970440215
71627,0.7311583965190286
51048,0.6347367047146762
62769,0.8659672021961367
25004,0.0825182505051937
9079,0.14485941129925914
65642,0.22475443428519
68578,0.12355532261847808
75898,0.04773192315935363
50862,0.4795510360593081
23399,0.7737027419431785
52327,0.16817499268258654
50070,0.3524169364429758
56986,0.09573306085042027
45005,0.8980377127744844
27425,0.01167804351507715
6369,0.2414517231149149
49154,0.18824412617130548
63484,0.934888317780892
61682,0.7182250983385877
22432,0.0016322868595090869
74664,0.29497096453917826
74442,0.8902792822164279
35489,0.32590447666576755
48788,0.5987943328635736
74320,0.10466797301179714
38560,0.5905379846167276
52270,0.8062085830921929
39500,0.9226133190390214
43409,0.00394599967791506
75305,0.0018284325627404734
46168,0.7241823644132218
69299,0.8626917322072741
32982,0.5905379846167276
49931,0.5827753579068519
30088,0.308004456473647
52649,0.22652401645471695
78146,0.4168781909859667
51196,0.15306678953046995
64289,0.15599717341439845
41689,0.508587447208513
21805,0.20098411545146738
6155,0.18849848351230516
26144,0.8925685925570105
62047,0.8921147932883946
29010,0.9431497879364983
30016,0.16374959886927953
26590,0.15658524151974282
60113,0.08244494691095022
29760,0.7034836111446239
54616,0.8663475371453814
49269,0.373920944191193
5110,0.7285309807806574
74745,0.2651135779995279
65456,0.07610320267618124
8713,0.8053804456422853
34532,0.06702060501768496
51028,0.20735050172146616
28542,0.320904142029947
11537,0.18836482341590421
47838,0.9157409507618991
68761,0.10624034825214336
527,0.8633115199023041
15252,0.716369584016686
52099,0.5896978460710597
53626,0.5453956698264926
44860,0.3549822397485138
5656,0.7158196316160881
38828,0.023571415002099014
61789,0.4316689401630853
39111,0.5915417255371912
30708,0.8058819095062266
74319,0.042445075881522604
8712,0.27761629166531926
68917,0.4047674399196775
36445,0.13674163256629304
5777,0.3367928151765958
39342,0.010606308029133382
21564,0.09057019230503104
18640,0.3868251399275679
23020,0.0017090228834450354
38159,0.038689545135901185
26386,0.5161973834043587
26432,0.8758861399480011
48291,0.34954842816232784
1981,0.43624843884410136
76962,0.2695344330658412
19983,0.18074000640463755
12858,0.16130100402107153
7425,0.1988215720813977
5627,0.8693017174088657
32197,0.25580770082434595
63417,0.14521443147165009
48902,0.37937882522321614
53332,0.042547881015332946
28603,0.007861157150330238
39215,0.5113230842078974
53269,0.5240281990318264
33757,0.12556488662239504
44414,0.019160280095134454
52931,0.36510871664765837
22043,0.1529324698849958
77259,0.2376394760933922
3094,0.8429386993786191
52308,0.8289026513357973
60546,0.0025838275309814336
50976,0.6855796536329825
23412,0.13937666308693003
17483,0.8899961756276795
75933,0.1772376528015774
41847,0.7981165154850386
68879,0.4012571424668324
6541,0.3161291795513484
14289,0.8633651362305944
13026,0.056755923238096834
26030,0.0036465638350762913
11746,0.2185306988295928
44570,0.8878001545257052
29242,0.15435944243276975
27083,0.7876515928614042
31599,0.3126052755889863
7814,0.31366694907399084
79078,0.8916991724383193
57373,0.05467873372748591
27084,0.3396730265609983
21428,0.7463010707381844
77476,0.49640645760588764
21196,0.9612926668334129
24861,0.11437889401760579
37568,0.14209359235100494
23822,0.12370896037005447
67890,0.8636048154055141
76920,0.03646316869913324
20954,0.3674722524064945
9078,0.8455193998021933
73610,0.10090941491006655
63889,0.21801276554543073
50193,0.3770318887476484
7492,0.7859026653300352
45540,0.385702503841822
72596,0.1430633208039902
13508,0.4059916631263487
5085,0.8403839670724408
26661,0.771288066410069
1436,0.5307202420613627
61247,0.4358448687312431
13282,0.20221261988689485
42208,0.17211084064790066
29258,0.1337187067359354
47518,0.12899302888592074
76243,0.015202323766272561
70982,0.3802895045612844
1008,0.21925283938441825
63853,0.2569969226713156
31576,0.10881343519020861
37312,0.05449541298431292
12988,0.7545115805353807
72546,0.4030736117845329
31967,0.8654735083977261
34833,0.35877648415706853
66673,0.060632873716927195
75419,0.8623595994606321
60462,0.15350504796360115
75714,0.24483807823053633
33063,0.3850636190114621
57933,0.03717582793831123
48846,0.5459366907527883
18788,0.07211789810061092
42535,0.536716515544508
36510,0.24544529162557324
77237,0.7851604700618833
22891,0.9033290772063505
2720,0.8163744983433519
47639,0.19337935636845868
54303,0.5084638876002027
49139,0.2751264628326069
68345,0.2970255281050532
74554,0.5323904308554598
49709,0.03452376989609044
48875,0.45151215729539784
63621,0.7742533511109027
22535,0.21480652131932254
53948,0.20872277737364237
2470,0.009815838259642728
69275,0.8713712658699436
26293,0.0024252203704200736
51757,0.8787972639351401
33131,0.7021479935482865
65083,0.31031770207686454
67676,0.2985848480858175
19624,0.2920057166904388
7315,0.021461922368666446
71720,0.09930924074746592
30562,0.15339890731746744
11304,0.21286220048799412
1592,0.5106302342711881
19130,0.01713494233395429
2397,0.2805582964332945
9517,0.600334996531571
78233,0.02175169239864643
41756,0.8771133703590682
3021,0.061064906941790134
9904,0.5829444997077876
41874,0.045457186233805374
70832,0.42338562926482043
3973,0.7974948278894298
21755,0.8979677237388459
69670,0.5997535976028027
33743,0.10557943344544776
25560,0.39693716958620023
50107,0.9458837854408576
58763,0.4584825074910596
78405,0.26947882783745297
42521,0.8826602515542534
46543,0.5066022559685314
29193,0.29765722415878254
25932,0.4031811458653243
17603,0.023556194365124145
65161,0.20043406700048788
43643,0.6476519749104037
23875,0.7830959102737374
17675,0.6945215513121027
34702,0.36776798961462354
59721,0.2246399858165636
60505,0.22071714860371947
75759,0.32377117796517124
33661,0.30445201010362505
7288,0.0014237929404840005
54029,0.2301476907264092
61414,0.0021146061745591586
7907,0.6666141033811009
28832,0.3492221228636002
24579,0.7715959143610327
26686,0.3633856151816386
25426,0.14243127121558913
7658,0.8200653799591562
42875,0.37393368270477695
26173,0.07423599002054772
30449,0.019814860176847807
18298,0.8932631149554597
62484,0.5383074420787827
76899,0.1415157057105921
46601,0.0975299514414993
66263,0.39147813098877005
72751,0.02865273555214582
73782,0.2126109916018288
50949,0.25455456011782673
14200,0.9289668563932366
55555,0.3956447749503023
27377,0.039368728504912534
61666,0.2640756653322606
40043,0.3073132201159653
77130,0.16809418903462453
34158,0.8986123298358315
64755,0.26535748964355976
41845,0.23128003500171115
38198,0.22293750177190402
56980,0.22315253213865416
54843,0.2543413302257138
62212,0.4409168018239293
24263,0.7798023878486178
48281,0.7694349518241781
34637,0.2470740284259203
29758,0.16254692013638322
56639,0.7773285921658372
807,0.481978261948797
37574,0.26729894245636215
45029,0.0010705952302845928
67365,0.5481133484376965
79292,0.07688325355203497
74692,0.18454338936502715
4495,0.46683513799551396
35401,0.7900311658597021
57776,0.021796195875385047
40601,0.8470609792650505
32914,0.14906325180392896
55620,0.25182837381779255
34802,0.32375557621733786
32414,0.0022362609447979243
24952,0.26278015934645643
33934,0.2249175289677548
2051,0.2636212743460769
32734,0.38711517173906923
10817,0.371960680039243
12677,0.0532491573371357
3431,0.9187706886740085
24575,0.931076642450557
50073,0.23710915602145488
10617,0.8608049012282415
58607,0.12013153387180843
33040,0.8284796050618783
12985,0.15611788254834383
62188,0.4420185372754159
73973,0.8805869638073174
61917,0.28499535242880664
51185,0.8493848230832411
29630,0.8739141113582959
45085,0.9587008047679367
79120,0.2506688719986409
39975,0.4031811458653243
69347,0.12104754562500149
13920,0.12026041085973031
48544,0.026901386071195656
27789,0.05159743525146175
75533,0.49418339688477836
29431,0.07699241147992221
66082,0.23710915602145488
52394,0.3782870254337843
74039,0.3125393362088913
74860,0.09200946206268314
27346,0.10331686288324708
7565,0.9993466007652713
15318,0.43993848176685274
54621,0.8259685001279735
44548,0.608353782077278
6641,0.3720716997300396
56847,0.2666730805025897
40999,0.09236129849012989
23511,0.44371261650010585
20663,0.061691792409191516
2984,0.999236348677752
57133,0.13596801972292552
35436,0.31627967109875016
52376,0.31817825474190237
74911,0.9993466007652713
66151,0.1473606915396816
17851,0.3477309528555485
37266,0.37165911748192715
19427,0.7875362344016752
25511,0.9993179643534693
51572,0.06045391641592791
54238,0.38572778393886903
36063,0.4010285888543439
6738,0.35672616572204485
41787,0.5272267322212854
73544,0.9981856314198497
11123,0.999043105231252
69769,0.23032037404956554
24071,0.9680351839251738
8821,0.23201147846343098
37199,0.8526497203670843
44814,0.19146534495493853
19542,0.21244278739149397
56277,0.910799291674459
12183,0.7587932673591309
70343,0.16011912743203532
29712,0.8049178227202696
37642,0.26972155108592577
27936,0.2592039654626094
77455,0.5269499183337369
62553,0.2767185523928809
55762,0.060750495105205936
15897,0.05782822486452243
70856,0.024004277584811187
79184,0.6700912333367428
67958,0.5521542279809328
54757,0.06389409605514071
1751,0.048369097799948586
11345,0.999236348677752
51861,0.7846490331004724
12255,0.7709289479247189
71432,0.97116481376813
339,0.2660617364096896
44624,0.3278170813471043
1342,0.25065141082332215
20492,0.3015061171637257
57135,0.7300851401101431
36409,0.9981856314198497
49482,0.048203184027350215
21521,0.2914653803742921
35773,0.2033818930129095
6961,0.3361889976732454
69627,0.3466112908841999
51475,0.3680837562674122
23052,0.6963952019940322
20582,0.8033468493412956
75187,0.7926292801901197
34021,0.36176751986189737
28146,0.15268780543203944
45187,0.4704683608224568
24355,0.3307435508753426
13351,0.9993466007652713
55338,0.07000344629833212
74667,0.004658028739298056
61,0.008467904117870432
34009,0.9791568305769124
54913,0.9990897303987559
37905,0.9993466007652713
35112,0.9241506009140674
15049,0.9993466007652713
1525,0.24069991987723469
32922,0.5553412953591195
47305,0.10158291382326971
66018,0.4270332739136817
38891,0.7358361498092891
45421,0.0015845643092340868
24059,0.0686590081288546
12113,0.9039547216093664
15851,0.14329558249166763
31988,0.31461506089617186
67299,0.9993558392280742
74479,0.5638640972658289
59130,0.06904264509311862
21793,0.841462512474601
4854,0.1746920365839623
68248,0.9982292069551334
23151,0.28830113248827827
53303,0.19979563618227866
28770,0.2722292623755879
11047,0.7970541841155855
24763,0.05000795520708701
72356,0.2523281977416628
53003,0.8239503490531195
57493,0.1559282802360027
53277,0.24068889736939048
11556,0.30088059501813563
21173,0.12984798401715028
19251,0.24500018328491402
61121,0.0019016421680310533
38710,0.04252350742984505
36398,0.07269107213486828
29374,0.9710518694515468
35738,0.8576715907111939
11665,0.9992471448290644
59053,0.020519903140039708
74183,0.5797793089471865
47925,0.010449858569511987
46829,0.8846988993985542
4264,0.03143225750971169
29403,0.38199538132373084
51227,0.10622660178598922
61397,0.6647644547251287
16726,0.04560009426906704
40810,0.2416206805934182
48757,0.0242261642428649
1623,0.7748920139788338
22181,0.13743097888613084
39953,0.03264936735451325
26658,0.9214665452231408
31654,0.35262701324842105
57385,0.0046287299525160554
38244,0.7893971717805881
61269,0.27538737905007876
56134,0.20401385615499834
74533,0.0020422557970250495
76909,0.1597930645107552
55962,0.021529544605526352
51694,0.7739447299294407
17686,0.9214564644511186
55030,0.008169710292515172
23753,0.004213917126614685
60775,0.006509521708436216
35368,0.029815036343330638
2574,0.2525849847772647
27857,0.4421502943457765
35955,0.18453373067556392
28530,0.6650420707774778
51921,0.600942251806283
37600,0.14704648454834868
67643,0.025776467547703574
19064,0.21494885725789614
48286,0.6959077565188182
45649,0.02818226666200483
29976,0.9526240562587099
17772,0.10606220539814724
7084,0.8238338989008487
62517,0.011238966509225757
63198,0.7634727832813452
1280,0.31406018423490917
33573,0.004064780731953918
14597,0.8459625042726568
76919,0.0020983688284693506
15359,0.8423656273791075
23237,0.2511229873422726
42881,0.4968233852650053
8706,0.3180036428291741
31420,0.0017503970577533972
50461,0.014607125971584731
13860,0.04130811830014829
41875,0.3014287944601873
36221,0.0255531312700677
20080,0.12973114083901358
53395,0.3301353840427898
60501,0.5479638070532382
2199,0.1759725680666421
16033,0.2799856678838565
4426,0.2558495281407682
6151,0.025572813118188615
47058,0.28071056111730686
17328,0.1705306681172294
66359,0.23477104926114348
54772,0.46183522068032373
12176,0.001878507988558096
60536,0.9060059828178152
75040,0.01702001789449246
31822,0.7966582552893386
78874,0.207008697121415
73507,0.36223111252820195
64930,0.1827639752162683
24161,0.45702865973087
39987,0.15969895691715758
72259,0.3321064061026158
68837,0.7392949780049058
31481,0.01594556653643983
56374,0.4938104183802484
74056,0.01683034496389661
63231,0.21537451076873962
76219,0.7449678896861988
30679,0.07664225984909907
55107,0.13906087902418146
76535,0.6598619172884432
26400,0.2768523236911676
52604,0.0031652516052396136
75630,0.7364573483031587
48771,0.8498309326132537
40807,0.36937425501143095
12343,0.0405341512069698
52488,0.8964898138283567
55169,0.37425022300137545
65156,0.17953960139016972
25523,0.04489913625518721
38566,0.027786104090846708
11486,0.8011080455901513
26738,0.7878441375988637
38001,0.08210975614424595
6646,0.892531500339427
28866,0.3248987601963191
48303,0.7443537237716379
38259,0.13818006759442192
64078,0.21859773708541722
33537,0.16915535234413095
18450,0.34753781411994034
72848,0.22661055091924104
42461,0.05206738513432603
27953,0.019849734989638722
59677,0.9108145324974365
2718,0.6599064092192911
2080,0.054575118125820464
58067,0.8548565178673861
33720,0.1395234553381387
24443,0.2631092225830948
2483,0.010138152313239963
41950,0.748020228419301
1760,0.6983167650410607
75521,0.13151756531687744
20807,0.34968019296075703
62824,0.12454542047653261
75453,0.019934260284452776
21567,0.3012429201188449
24918,0.9085218613890806
52854,0.09109157246493807
49841,0.1848828206826989
19817,0.4128285872176928
46164,0.03010134418489384
70481,0.020801017252965636
27697,0.2041363044860948
16242,0.034471155834918554
10396,0.41341269408501613
19098,0.28395862187177595
4758,0.03784874450947049
37149,0.6852829134440139
46241,0.4236500548367462
19957,0.06115246754288498
45766,0.13006765382737295
70836,0.5647930381389015
67527,0.19160644993345385
70508,0.0021373771780577424
41915,0.16392959117545272
6784,0.005701242206703316
36369,0.010939893714563265
57762,0.029321466104109666
8667,0.39712121113953125
8071,0.46884856230007754
8578,0.9665127123200572
73510,0.38994788501142486
49689,0.11576961841862594
63732,0.7844916838570388
25151,0.24591907270577795
40739,0.8494107171877865
13225,0.002276730016271085
39225,0.8408871212463854
57546,0.34480763172766604
75061,0.9313993407729456
56265,0.3283158309505549
11695,0.2623518488609059
68245,0.15005800972942746
63375,0.8608808461933557
39283,0.018332517987008457
37431,0.7246625116365414
53174,0.1296428821196781
19257,0.2157786348947152
47524,0.20542778590053953
1646,0.210509238676691
36245,0.8907949110043989
22117,0.01166243436324661
76590,0.39011618241056834
34561,0.8986175759450474
13719,0.10722287270966466
47883,0.8490744723162464
3798,0.42381596347916006
68905,0.43709036936213663
44328,0.25472130625306844
55177,0.05986034519330695
65311,0.10105900744472586
27633,0.12998670138239687
78637,0.8804271153057064
127,0.09285860004448342
53029,0.15149455966713252
60280,0.6688795680707795
64645,0.6366130434754663
37220,0.00646974061262587
39916,0.8768949246983965
27307,0.012764454200525294
56943,0.05942692089123616
15329,0.45000192469286016
17369,0.1307900251662313
73320,0.5023000886514944
75917,0.06728853054691447
75994,0.7667315480104603
2444,0.08316342319072136
76078,0.6372177773656789
815,0.3442415426723132
55319,0.24612857566324037
13000,0.2317000408739866
76326,0.03697675836490781
14154,0.902854042296775
77835,0.005517610472347633
71316,0.26539670249131
75684,0.0854283108174026
39667,0.2587305698420893
16479,0.2589648062027241
20610,0.09238103809808539
3757,0.2533608680274656
14383,0.025568034626887223
64773,0.7635559884664507
20104,0.0017895021491976045
40632,0.007644846218561867
64436,0.21507631404350194
71896,0.011265708533358742
71908,0.272091052511745
29487,0.0029357417829671438
23711,0.5094325760119524
55181,0.22260898630760606
46198,0.0019031186922216197
43873,0.04937766159483472
32266,0.2875742702885748
59202,0.26994137298331383
19030,0.1157610917417369
67780,0.006655302705049963
2337,0.5454964430938345
32155,0.004574502959316818
64485,0.07512692422821421
44029,0.09280381306072451
66657,0.654842685766706
10790,0.8791769065741506
51357,0.7775608064986734
923,0.746065990962214
9447,0.4542323836262053
25054,0.11049437540292414
59380,0.5599093201640296
5409,0.03595889873338665
71325,0.1676540853744706
56820,0.3492616353170884
24520,0.31714833999417724
54918,0.05732339264036181
41158,0.7880858473309141
67507,0.34993481727317854
11303,0.030445999052775067
4019,0.363890930519008
36456,0.008520774253956767
18382,0.2236808332579918
45559,0.0035728402820677367
11247,0.005452358779323339
34017,0.8446004299119849
67729,0.04415157161381392
19097,0.14509849196545027
9185,0.08281270154170528
18575,0.000961261191049377
71521,0.27162136432804507
72102,0.8820567860807897
73341,0.06966834822324663
11955,0.3523348758695324
39712,0.00205015758776986
29288,0.8644947036875442
75047,0.3218351587964198
59208,0.29278336093540425
43304,0.36638385384262895
14061,0.15208776906696908
16985,0.23005375607459072
20612,0.031521021983986895
78,0.25581758815409417
23931,0.3489301719245464
19283,0.22075233511926218
15525,0.10045972578435826
30524,0.2729921414362918
58597,0.028582314413713727
41833,0.021467792352128628
8008,0.15261580237924968
5952,0.14387383132798243
43926,0.891633044045159
36160,0.22260898630760606
5416,0.12833343522745594
73699,0.022111246016638997
65442,0.17142370221876013
70793,0.01486595042042417
8568,0.0022502471305418893
67445,0.1615829794449246
42930,0.2707143899599508
236,0.0017617710487240282
12220,0.36592440471531407
42079,0.13432077344985058
36259,0.6948781638685445
26615,0.3078239970097616
19217,0.17893488981330963
63077,0.001428983907524669
1343,0.8891148143254762
8513,0.08326421598285419
34388,0.5817970379830018
5288,0.6874269343771957
39810,0.31096453745091673
2220,0.010058232946318513
9866,0.14024870050561647
78727,0.08766331334133953
59384,0.03641209779977714
20129,0.8568284587077641
47363,0.13267112332038153
32255,0.5931970844140658
20619,0.006947866452967228
1918,0.6854831445424655
1829,0.8124639238214485
42534,0.004034523094471201
78478,0.19049776977476587
67585,0.1016362096977338
36977,0.4294093921268748
45588,0.09011773543601377
49377,0.8708362272250347
58068,0.34385486580482505
64324,0.17765217996524166
42102,0.2561521176142284
30106,0.0022865791904779693
6470,0.16731128336777884
46515,0.8533699017575213
10955,0.13424442418748955
847,0.5892749087715013
53442,0.42503158767057597
13235,0.20274125418852446
118,0.5391819909490201
28747,0.8851351494541764
41428,0.008488463995586414
16390,0.0620081170883531
38111,0.13324574495170674
9112,0.14093441542620613
76324,0.44845119434763814
4325,0.3492373417089553
24819,0.42326074372542183
13047,0.09151173853599823
27447,0.21579488058117302
13919,0.04742392291308586
76126,0.12784808453983418
56139,0.5769052576495146
77150,0.24313289713100428
27140,0.21866776990500286
72304,0.08482958008382699
71159,0.01008365786166563
1606,0.1106285327366314
27286,0.35862219297827774
58657,0.024496687611869013
28025,0.6789109043836501
3813,0.7623178431357277
17261,0.36030407683224003
76091,0.4427677594812942
75704,0.36744298329317615
34530,0.9485953961594592
48448,0.05667096780819164
54554,0.28003370134710803
62982,0.21006949385113713
60005,0.035845778543058086
72275,0.055270402983066555
23276,0.05971607321663076
77736,0.0013654906787169427
73480,0.036167773516797834
12911,0.09443795582992362
26070,0.20105239436642058
6372,0.4269770298887844
26735,0.1660479883093301
73795,0.01577538646385362
7562,0.2972860062421947
6169,0.20608369683579195
3597,0.7087465516373523
4633,0.40847793481495037
47916,0.19230115940008116
56794,0.49263473256441864
6230,0.28900623048860286
50449,0.8350391167573975
78834,0.29046379467601147
10268,0.19960760768269836
38519,0.0014223633479297395
73689,0.13885672023392645
46272,0.035845778543058086
35855,0.19316316994193294
34675,0.8358783129529863
67068,0.33138476673302036
38639,0.029023563121301638
55659,0.7111326936614772
18031,0.036167773516797834
5123,0.5659051034521126
5127,0.05885916192087147
15035,0.3897968234217578
4622,0.9058655967304458
16749,0.06173885922515847
44248,0.6363914338867961
67662,0.155862533558903
73687,0.24504742751312836
28700,0.285233355574221
8718,0.0017727250622538403
56,0.9226209302679537
303,0.23674141964511627
50429,0.11496481289633359
59400,0.2660992686565668
64292,0.6948007677147622
4433,0.026763557222894477
52797,0.1491152264781844
19263,0.24403688624788542
55646,0.3020653700057219
10479,0.7771659773054062
43222,0.2926660972789879
5241,0.042493376301575014
22575,0.12290998861555502
10489,0.904836069539889
23322,0.2312177358350603
23625,0.018389578506560568
51746,0.03962505190871859
18778,0.8501925770240477
16908,0.542729347366075
39750,0.05947667730730153
23062,0.4775236110203044
36669,0.24643068549617483
57109,0.002092096189777912
23955,0.9751048454294139
11315,0.03483123792692927
28733,0.0033989461754857972
75698,0.05751708061947368
69725,0.035845778543058086
33435,0.18245809192407472
41241,0.2876059173957783
58244,0.8699144632685082
24072,0.16343540259750738
22416,0.8499376343104263
11638,0.08066444821011401
6091,0.28088863126467367
71775,0.8297730288172732
24215,0.0029785226450944266
17145,0.6700400498642523
6255,0.262011670854128
45003,0.8657958890004062
12016,0.015964283965790742
36587,0.8049462566524919
69837,0.9360269493015316
5570,0.7683052714670936
14389,0.2869216145043477
73478,0.16744536952448014
55124,0.9604985944536873
19964,0.1568656647953337
55480,0.21052060907334574
39812,0.0020916798378742946
43089,0.0009803405931721665
52330,0.002211008668655279
70391,0.013003826660749528
70174,0.1271032982088133
42319,0.004172326873521271
56801,0.010032863012958217
53414,0.0023041282988823858
75746,0.12396776419830219
61887,0.005572585051651438
23387,0.004235415791353215
25935,0.710088566734827
6942,0.006240101922710624
73554,0.8230150610265178
55394,0.4986905175804798
6950,0.7282503152251648
78588,0.8949852793778007
65216,0.005548471863543076
59495,0.8314560032604524
53683,0.845283208332572
37442,0.007059727577401327
77710,0.3343456220093743
39765,0.13896879929849235
1253,0.019516319706408155
44239,0.3278156639583314
15255,0.7795390923134585
19759,0.0014883140387678918
19199,0.0591850025487743
53872,0.02039130453356844
42809,0.015402089215334522
37627,0.0014359235049655101
24286,0.4839487818051729
73964,0.0006846212138721768
42945,0.7320567589413584
37132,0.7773203591858064
32050,0.2841191544115465
49923,0.6792978518644441
43126,0.3115168656104026
61878,0.006657226755613101
58018,0.0023339820291957396
14490,0.002211008668655279
7240,0.37519105376726314
36188,0.036280322975640066
78959,0.01454209125131967
37745,0.40831509256488485
70081,0.8006256086474217
21950,0.010032863012958217
57092,0.00533260922744432
17101,0.1357363795358214
53933,0.0021169135584523874
45107,0.4839487818051729
34817,0.001902768212354252
38766,0.40952044924128655
56398,0.894166501137223
13457,0.027883699998209242
53331,0.016141246873380723
32202,0.005503927819393288
4810,0.3833644847659576
10917,0.0971700925916686
69173,0.44733247325377323
23525,0.009578733894423631
23575,0.002211008668655279
50613,0.0021169135584523874
9861,0.01205355986017656
60101,0.7240553115736713
18385,0.34685806967577437
12764,0.019909806375010313
29190,0.1947110322037425
47927,0.002211008668655279
40944,0.002211008668655279
405,0.025518269025728714
385,0.3653164279478849
8703,0.8912004850179464
75881,0.0020399852204742905
18018,0.287305113088049
20385,0.7817693688670054
46541,0.002153905225753521
72475,0.0015272777250774556
6971,0.8808874244161982
20310,0.26688396309662943
62681,0.0021169135584523874
4159,0.029517852293122027
23834,0.9608258969911666
62293,0.002211008668655279
8416,0.006939427711467201
27713,0.0021169135584523874
61814,0.007461052552704327
1016,0.0014881862313677271
37893,0.03153120759113269
56571,0.38909137062910476
23794,0.003062279853046874
58142,0.287305113088049
65546,0.002932063185739802
75673,0.8355532198505751
50991,0.31572867525247467
70341,0.005899407942951708
49408,0.28896087565682077
56179,0.0021169135584523874
5714,0.10925124914301088
45446,0.728941207610243
34350,0.0033611886154167204
27533,0.17248587900028467
35548,0.002211008668655279
57044,0.8725802932800655
55285,0.7974088612388497
38089,0.003911024947197895
47606,0.002211008668655279
20160,0.006240101922710624
4836,0.029517852293122027
27356,0.8578439466531796
33308,0.002211008668655279
31922,0.02607020587371828
61530,0.0020668441721073726
46428,0.8014123594596718
9338,0.0018457697152128247
29704,0.005057613499028751
66204,0.002211008668655279
23960,0.0020668441721073726
21448,0.9103979154066282
11024,0.7800583401858227
10976,0.019516319706408155
7115,0.8889893473331242
24505,0.3126525792438932
41431,0.062001531703443226
19088,0.8926914711316005
68867,0.26823547212269117
52737,0.9303219229169705
52639,0.0017582920962163416
38414,0.5255450153955261
52529,0.35817315607414957
17641,0.0014520322076192493
71727,0.0019471129022938826
13844,0.0020668441721073726
30355,0.005035197560802972
21733,0.1870036028381429
76540,0.7643954086507364
61643,0.005760391176870204
20560,0.0021169135584523874
34621,0.38152891371685776
22701,0.7755499113058193
36396,0.07993879436601399
67642,0.10174422493054165
33592,0.8559289200099304
23961,0.18835071697486352
28017,0.011349244250720744
66041,0.01233532309565786
61630,0.01233532309565786
39299,0.16293834753560724
52225,0.24026944296165278
42919,0.0017632557110495608
42345,0.7594287224524486
25471,0.0385798196329565
13117,0.012260408040902206
57800,0.35072723469755424
55772,0.9057584138918088
30356,0.02150998299489293
3710,0.07697403733607794
78944,0.4695933962297577
4749,0.03045816044590459
44483,0.4235249097681358
15486,0.8488636388193731
55130,0.7134589665903396
25290,0.37842620792257436
26791,0.12430899271181252
72125,0.01134669385939817
34579,0.2089706250835311
19871,0.5528122155748074
35910,0.36923577088431203
1325,0.25006208881568676
37081,0.895353268101812
40263,0.15478144450152162
57855,0.5823171645301928
26433,0.08261906771105132
42349,0.020946210278971075
13808,0.1376470698830994
28296,0.3828568249212665
26963,0.8432753234302376
54694,0.8160509476850492
19066,0.4812966965658837
62857,0.002113556672971071
39082,0.5413994123683405
50344,0.663614669937731
46733,0.0049658794216167436
21678,0.9077732612876905
1543,0.37751944151758865
44262,0.8028146703063018
77053,0.8405194983982879
72593,0.9013158453120628
23626,0.8552659480899566
48137,0.15525744850430442
72268,0.005155099132355674
6802,0.4548718549151535
74461,0.013331395713028712
38103,0.18305544899139986
23715,0.01233532309565786
9349,0.03199033480337214
11175,0.8439805256603456
21690,0.9058121170426223
21546,0.014129705490525241
1063,0.20015234735111456
27193,0.4918643827794257
66704,0.6120665932844925
60567,0.04878404830291406
11131,0.5885848434934978
8336,0.1066647202030056
5487,0.003932170663155079
60922,0.0058704491864281895
54099,0.01233532309565786
32308,0.7682869494329791
64896,0.48407285643770476
51935,0.0037492820738777273
59164,0.6109626449574264
35271,0.01233532309565786
69897,0.3273408766997622
36940,0.8262913781315232
24467,0.05877965903808845
72937,0.013467410641824842
63933,0.8618219366283567
16780,0.012229961663356598
47281,0.21699883017884308
39955,0.6315496874119849
66235,0.7291186085067773
50518,0.014727117904995769
729,0.11678095251066414
46960,0.17349694343081734
41556,0.01233532309565786
14398,0.01194731103779935
55070,0.7161738132429964
21353,0.8337080414356672
68451,0.7215827296997108
43287,0.6171239923429053
71181,0.3606433903993155
20151,0.005098722761786265
36209,0.8883787368053424
44812,0.01233532309565786
61477,0.3330718011374902
32480,0.7599426684227322
7358,0.24101963274504276
59032,0.4302234727136885
34912,0.25502399857919866
65511,0.04045688310416896
70641,0.2747756742803224
37842,0.8161048739074436
17956,0.4223108378617434
47296,0.14709467560388947
35736,0.2896956159203301
18889,0.15788980436525885
38757,0.21751588892379578
44426,0.5362340299325012
60693,0.432761494826463
33497,0.788403332908374
7544,0.00412263653837282
413,0.04081652571035619
11339,0.07091303850448058
26093,0.04895056628939537
38514,0.18923739920514246
3268,0.1923587063734301
20359,0.004960518681290721
57459,0.821295879576607
65954,0.3738368922565253
76798,0.2993495001933926
75354,0.9572192342032784
15306,0.667631564994551
25352,0.27595905279145927
27351,0.3431109083498337
12162,0.24284901635117065
3374,0.6433125809166099
38495,0.2247380978744694
20765,0.5606306399928159
69450,0.059905583501981316
38305,0.19389621568806498
70589,0.13608330093832727
4001,0.2799785025913761
35196,0.05036592896177845
11939,0.03310666757017435
72370,0.2217812045115917
59276,0.09495384691848612
18072,0.24539651189574443
66388,0.019106968544403708
60891,0.23706128530740675
49116,0.05341195248470749
30978,0.20415465440178002
57680,0.020736292949372022
51992,0.15242764133625916
27664,0.14029486725963566
4612,0.7908606060349976
16365,0.005418346610921828
9541,0.4615318883287177
41976,0.03834839269089533
60161,0.4602962812178986
9824,0.10989147906127286
23290,0.4080354608714741
65418,0.6316349175785575
40159,0.2324442895857332
68386,0.001361060516139475
23050,0.4704513022541104
26647,0.06022095214770078
59102,0.06504847362500558
56574,0.04172919593249813
62753,0.07427776349574733
35248,0.004349509636839914
43920,0.8700516280083723
29125,0.0010224539288329756
60404,0.08473179494688997
78782,0.1624533377014044
51294,0.2138746777394823
78833,0.22197468157141223
44079,0.07316322160529776
54341,0.45244136814568836
9436,0.45185848818625446
61390,0.11572577820913273
72790,0.20023174409561742
13285,0.6982837372109731
69043,0.5130615563278552
67216,0.27669756279259466
73667,0.22885535379706332
59639,0.30024596669311243
16965,0.07629627389614109
9663,0.018537081232101224
29376,0.2909332345368025
53223,0.243734969136911
13501,0.19516069224623994
3344,0.19277408085548164
56557,0.9429039396497128
45544,0.05654232699608498
20057,0.8060877901058142
5238,0.1559697871528371
7806,0.06947179348407259
46176,0.0930701889301209
16897,0.7258634626692845
66618,0.19670330227069704
74741,0.4644564239518496
1151,0.9134497524509357
51991,0.06984881725560144
5950,0.03366386234915285
8309,0.15989691194345212
32218,0.7963162267298978
25946,0.17606608566647702
28252,0.33059166669307954
73848,0.07647382117816358
17020,0.8493653504067432
73524,0.33832935382409624
72616,0.13024639237524685
39735,0.36804601595916947
69679,0.3834918159984263
32094,0.01046428454965572
56180,0.5444358547985405
58336,0.19496967012521668
66413,0.16291554084787913
54022,0.1377464216219697
48748,0.12922715605882
3052,0.6343357567099374
19509,0.08005996276478376
68028,0.2027523946015539
15339,0.12922715605882
53007,0.3127224860413956
70314,0.17697557347425788
31025,0.46508940517355035
56662,0.09078875804892006
55610,0.1256273447190078
22678,0.07296696384616495
50301,0.8313109722688784
49727,0.35817497433696016
52922,0.17267147871586297
10967,0.3033115382954717
78658,0.012447189326491769
32098,0.01611560513356672
13404,0.14168858038045745
55767,0.7755710242105206
76430,0.12922715605882
70032,0.20295227184632128
6656,0.1468623976868148
77576,0.07957038644398248
2369,0.8330337615465837
70317,0.12922715605882
8717,0.12922715605882
10648,0.41478356245151776
29593,0.12922715605882
50994,0.0762960834815996
49690,0.1483049094317895
19191,0.08238184862128378
5802,0.8795451576106683
54749,0.020047298347036384
78070,0.5191352091405145
27752,0.12922715605882
66321,0.20626950738651045
45018,0.31326982677267395
10730,0.12922715605882
56959,0.0942525670388517
35778,0.12922715605882
18071,0.1453202630795543
11094,0.2721574362478417
4015,0.35591559741274026
72992,0.1256273447190078
36632,0.8227595852142876
51886,0.3982987274139249
66106,0.3045993265746389
23094,0.8547988324174227
32746,0.7436190803368923
34585,0.1626509189252514
26642,0.05447597719692446
50337,0.4803005639758452
6103,0.8757480482572809
10493,0.13477245298713783
65727,0.27988354628257756
54241,0.12568388926775137
66236,0.12922715605882
45237,0.08167853361310302
302,0.20102073079312205
3421,0.13052139570600488
18712,0.15871271580545354
33829,0.07595464122897135
63209,0.12529767683346524
32636,0.17697557347425788
47203,0.12922715605882
43526,0.014740896799909526
36213,0.8365284949133007
43485,0.15230483468077874
18590,0.1601286018464999
56492,0.6755477936481599
73745,0.15168827916212604
56836,0.7277518235957979
45715,0.876003625839756
74544,0.019667885137988977
40765,0.16250620828664578
5601,0.12922715605882
39791,0.061014205608747756
54046,0.029419070170498798
48405,0.3026960687847953
49378,0.14940391061141556
30747,0.35173542160859544
19739,0.019937266831357638
5896,0.803380982726454
76214,0.1256273447190078
74291,0.12894723041535625
3437,0.14199165680133075
47334,0.23832813522852445
6894,0.12922715605882
17430,0.7428114485690959
19831,0.12065568042484186
45526,0.11145641680090389
40819,0.23873930861433484
70092,0.07452451555510345
44065,0.8457961038359642
70272,0.11548313781527304
46215,0.13346842095096006
22400,0.14199165680133075
58872,0.22583217281234466
3988,0.1288894341383511
23329,0.3270577406357711
38468,0.1283220733348053
50109,0.13746812129445532
61136,0.12894723041535625
2870,0.15613594429269845
77506,0.08819694347294767
21358,0.9471432308527218
46976,0.3228769469039864
68498,0.4830789016454946
2201,0.838006369758917
38361,0.07928966195646989
2558,0.9261495692461134
48355,0.007007223008724664
61268,0.09790398843232646
53352,0.35225843916945054
5540,0.17690062200240916
32712,0.8158302035712968
12875,0.12922715605882
29300,0.351700854139367
12184,0.1996402192109051
59041,0.26127816861791137
6296,0.12922715605882
4500,0.1740310360332605
66691,0.18544274039737332
51408,0.08162301739189624
15152,0.08223897827999872
42643,0.15168827916212604
7401,0.5946606040929674
43017,0.1774536638058886
72695,0.0025038353787467144
61435,0.15653223003101083
29856,0.9995455009520976
20933,0.025241464421693945
31617,0.33208703957496977
2050,0.3007512670120645
77372,0.46097037423859755
16372,0.042496236049985044
46844,0.44552619460199844
16647,0.8286341349317146
30307,0.3077280696467843
60714,0.018190824802479945
21919,0.058473254087757616
47255,0.18454584533389104
39385,0.5058506892877507
73657,0.1870202936356213
8156,0.26442601935091703
1803,0.3387356066384524
37505,0.150190576275529
11112,0.9351329298454162
71296,0.6834851866087923
8681,0.8425118872896326
67271,0.1918640289177675
2912,0.21166908173936214
11412,0.0022519553344692196
34755,0.05675692690469745
72083,0.10396024952606077
56251,0.9121874983711272
2812,0.1139014897805091
49812,0.7588285752604603
15709,0.5519402751588708
51664,0.21543695907894247
42108,0.9994848390286
25185,0.22513755151823014
22672,0.9995455009520976
34699,0.26987865476730394
65734,0.9995205181877136
52084,0.17087327461239188
67864,0.9909495197053223
37158,0.002675130807648715
25343,0.8343239137806707
12689,0.0416451493472674
52663,0.2099670028068378
70468,0.9995457797279923
63735,0.4959178811992685
26310,0.201033077112246
50860,0.12353802320078862
46718,0.24236582278901322
55681,0.01860103695689004
7393,0.9992045559322779
38624,0.15772376422757287
855,0.37244592660400083
26737,0.6383496934469324
67173,0.012303011686689845
23665,0.9987977318316112
65319,0.37497781900912686
52734,0.8011933662411942
62004,0.9081166276230828
39354,0.30604352096959997
46577,0.15683585323496826
51006,0.4816347125168927
54385,0.26715740095926654
68841,0.18189094850075171
61088,0.9995516095410342
73531,0.1042450827823661
34767,0.05154715951047436
66200,0.36274574353281697
13546,0.9245144453754884
3749,0.062183336445239004
5531,0.06281609760839298
21960,0.5442311464831701
58054,0.370587768487779
9475,0.17035087575060734
55017,0.3694118952340689
6777,0.4041306755510448
61374,0.5775925455650548
66843,0.9995457797279923
30081,0.26908934412550406
23777,0.40268220135984656
44263,0.8975797170465711
21977,0.02762475682253171
15708,0.8348383195220389
75767,0.1289755271985313
26106,0.29211391747358817
18048,0.16474193993957437
21835,0.28588251266695225
42942,0.12250220393348807
48926,0.30288014435907457
25940,0.10961226797822798
69164,0.014926921392367308
2694,0.1970559742930251
49081,0.7028923510939873
42558,0.6654725823294773
64045,0.05827305398714134
43586,0.060966973066490196
22300,0.051367026419256265
75451,0.21343236818073938
62624,0.7012101951286429
55821,0.07982437544064344
33828,0.32051560483720487
67215,0.1918311267525888
56045,0.3149637629816246
71911,0.1945635437833025
18142,0.11204898520754003
54269,0.04101024824824055
50016,0.27012719277276437
50637,0.9507542311534712
23420,0.21060575365500644
207,0.1909566445741932
6911,0.012558858719434586
52993,0.7655939644488298
27267,0.02772176313549201
8111,0.28161531116407046
70593,0.06745186263181048
24539,0.9315535809122805
10966,0.047000328095383175
63336,0.32312062411989834
77374,0.44830688224943666
35223,0.01203882333113209
52257,0.25642075381069623
78604,0.22829777151473588
30536,0.8287658977542429
8393,0.7993311128625831
22663,0.05095268317091028
52252,0.7366614766665762
64506,0.8410079080130558
26855,0.16684104867497937
3562,0.05214526470396769
38661,0.3373041677810784
12667,0.2360333976364399
61859,0.014174396240403234
13987,0.15064631076839835
33160,0.01698660539125575
39505,0.85861493455291
5259,0.6255481848530202
48191,0.0356984405608625
2696,0.1028641762857275
67564,0.1677494719037123
62593,0.5496835495794666
2569,0.37871761554308797
40775,0.19800991936741547
48985,0.9329389267861814
61229,0.04994888444748737
51215,0.004092762345651731
38045,0.4475636700289048
8572,0.2721862949518715
39100,0.0791788494367632
63705,0.32199606231573435
12186,0.22784331462232282
9269,0.24591653303770517
74066,0.03230993288154771
24301,0.05380251995588069
23248,0.7099371718873675
55592,0.11997147174672072
1017,0.9015914222590858
40398,0.19217756113304105
11535,0.25045416269388343
32607,0.16576939319959014
37066,0.3797045100261217
65698,0.5034517541926743
71212,0.053495377177691456
72410,0.12132391466007751
45759,0.1374223649378867
9693,0.05405243687195554
40758,0.008556716876951963
52996,0.053861686331926874
78954,0.39455923645318364
77190,0.5652435735987718
66558,0.01596914964148909
19458,0.6043651839771159
69480,0.2424727145923346
67122,0.8507792303375631
35921,0.20496960346924512
17160,0.7252960612815658
48556,0.6410644219713675
23484,0.057233427067029136
68149,0.009448347035713591
23898,0.15786653606545858
76553,0.03230993288154771
43002,0.0011059373435032061
73970,0.025024948880926684
8793,0.6936290847544742
10628,0.8897521257018084
41607,0.27530944012667613
3891,0.3061756056167387
69093,0.03230993288154771
11395,0.6381276833949746
31552,0.2851312313127601
66804,0.2672372854439704
56887,0.09013186237245507
67436,0.0016447706665095694
35774,0.22185263715132678
65726,0.04545052872548906
59151,0.9271345151162678
2748,0.5247755524362651
18432,0.09178636633048712
25659,0.2535951826622659
71933,0.02255751299941859
28694,0.0070730556354210855
53708,0.27395462837373796
5312,0.002496630237152729
67970,0.08834673170619545
64926,0.3285787460981452
62956,0.1974235241195156
59736,0.18371829720414964
770,0.07029213189162213
64821,0.2125008342126666
67222,0.27888388179350443
41091,0.0029371731534000196
16024,0.1457859600237501
60264,0.8401934768224872
44132,0.42942764521450083
37195,0.7949785418234837
6266,0.02713350722785067
54887,0.0042614545718485655
76821,0.20178011572436388
861,0.8240925120992278
15796,0.8902808000914155
